2025-07-02 14:03:34 - root - INFO - setup_logging:89 - Logging configurado - Nivel: INFO, Archivo: bot_confirmaciones.log
2025-07-02 14:03:34 - root - INFO - setup_logging:90 - Bot de confirmaciones iniciando...
2025-07-02 14:03:35 - actions.database - ERROR - _initialize_pool:49 - Error al inicializar pool de conexiones: connection to server at "localhost" (::1), port 5432 failed: Connection refused
	Is the server running on that host and accepting TCP/IP connections?
connection to server at "localhost" (127.0.0.1), port 5432 failed: Connection refused
	Is the server running on that host and accepting TCP/IP connections?

2025-07-02 14:06:43 - root - INFO - setup_logging:89 - Logging configurado - Nivel: INFO, Archivo: bot_confirmaciones.log
2025-07-02 14:06:43 - root - INFO - setup_logging:90 - Bot de confirmaciones iniciando...
2025-07-02 14:06:44 - actions.database - INFO - _initialize_pool:47 - Pool de conexiones PostgreSQL inicializado correctamente
2025-07-02 14:08:04 - root - INFO - setup_logging:89 - Logging configurado - Nivel: INFO, Archivo: bot_confirmaciones.log
2025-07-02 14:08:04 - root - INFO - setup_logging:90 - Bot de confirmaciones iniciando...
2025-07-02 14:08:05 - actions.database - INFO - _initialize_pool:47 - Pool de conexiones PostgreSQL inicializado correctamente
2025-07-02 14:08:07 - actions - INFO - <module>:17 - Módulo de acciones cargado correctamente
2025-07-02 14:08:07 - rasa_sdk.executor - INFO - register_function:204 - Registered function for 'action_test_connection'.
2025-07-02 14:08:07 - rasa_sdk.executor - INFO - register_function:204 - Registered function for 'action_get_system_status'.
2025-07-02 14:08:07 - rasa_sdk.executor - INFO - register_function:204 - Registered function for 'action_validate_input'.
2025-07-02 14:08:07 - rasa_sdk.executor - INFO - register_function:204 - Registered function for 'action_handle_error'.
2025-07-02 14:08:07 - rasa_sdk.executor - INFO - register_function:204 - Registered function for 'action_fallback'.
2025-07-02 14:08:07 - rasa_sdk.executor - INFO - register_function:204 - Registered function for 'action_init_context'.
2025-07-02 14:08:07 - rasa_sdk.endpoint - INFO - run:161 - Starting plugins...
2025-07-02 14:08:07 - rasa_sdk.endpoint - INFO - run:167 - Action endpoint is up and running on http://0.0.0.0:5055
2025-07-02 14:09:56 - actions.utils - INFO - log_request_info:190 - Ejecutando action_init_context para usuario: 1
2025-07-02 14:09:56 - actions.actions - INFO - run:292 - Slot actualizado: nombre_paciente = Manuel Castillo Vicuña
2025-07-02 14:09:56 - actions.actions - INFO - run:292 - Slot actualizado: id_especialidad = d76fee22-6a38-43ef-b824-a60d001fe940
2025-07-02 14:09:56 - actions.actions - INFO - run:292 - Slot actualizado: especialidad = MEDICINA GENERAL ADULTO
2025-07-02 14:09:56 - actions.actions - INFO - run:292 - Slot actualizado: fecha_hora = 2025-07-02T190000-0400
2025-07-02 14:09:56 - actions.actions - INFO - run:292 - Slot actualizado: id_centro_medico = c7e1f17b-45c6-45e0-b981-a5f800212bef
2025-07-02 14:09:56 - actions.actions - INFO - run:292 - Slot actualizado: centro_medico = RedSalud Alameda
2025-07-02 14:09:56 - actions.actions - INFO - run:292 - Slot actualizado: centro_medico_address = San Martin 30 ,Santiago
2025-07-02 14:09:56 - actions.actions - INFO - run:292 - Slot actualizado: centro_medico_google = httpsgoo.glmapsT7iNCdZcQc35gbp58
2025-07-02 14:09:56 - actions.actions - INFO - run:292 - Slot actualizado: centro_medico_comuna = Santiago
2025-07-02 14:09:56 - actions.actions - INFO - run:292 - Slot actualizado: area_medica = Médica
2025-07-02 14:09:56 - actions.actions - INFO - run:292 - Slot actualizado: conversation_id = 70fc2fdd-1721-4439-bf6e-b30e010acec7
2025-07-02 14:09:56 - actions.actions - INFO - run:292 - Slot actualizado: bot_name = BOT DEV
2025-07-02 14:09:56 - actions.actions - INFO - run:292 - Slot actualizado: campaign_name = confirmacion
2025-07-02 14:09:56 - actions.actions - INFO - run:292 - Slot actualizado: phone_number = 56964058510
2025-07-02 14:09:56 - actions.actions - INFO - run:292 - Slot actualizado: preparations = True
2025-07-02 14:09:56 - actions.actions - INFO - run:292 - Slot actualizado: tipo_mensaje = Confirmacion
2025-07-02 14:09:56 - actions.actions - INFO - run:292 - Slot actualizado: centro_medico_tipo = Clínica
2025-07-02 14:09:56 - actions.actions - INFO - run:292 - Slot actualizado: preparation_url = httpsdrive.google.comfiled13-7QlkXRg3-lVsDCe0LCdVDhw3FsJfASviewuspdrive_link
2025-07-02 14:09:56 - actions.actions - INFO - run:292 - Slot actualizado: resource_name = Celeste Olivia Borie Polanco
2025-07-02 14:09:56 - actions.actions - INFO - run:292 - Slot actualizado: status = ready to send
2025-07-02 14:09:56 - actions.actions - INFO - run:296 - Contexto configurado como: confirmación
2025-07-02 14:09:56 - actions.actions - INFO - run:329 - Contexto inicializado exitosamente para usuario: 1
2025-07-02 14:17:48 - root - INFO - setup_logging:89 - Logging configurado - Nivel: INFO, Archivo: bot_confirmaciones.log
2025-07-02 14:17:48 - root - INFO - setup_logging:90 - Bot de confirmaciones iniciando...
2025-07-02 14:17:49 - actions.database - INFO - _initialize_pool:47 - Pool de conexiones PostgreSQL inicializado correctamente
2025-07-02 14:17:50 - actions - INFO - <module>:17 - Módulo de acciones cargado correctamente
2025-07-02 14:17:50 - rasa_sdk.executor - INFO - register_function:204 - Registered function for 'action_test_connection'.
2025-07-02 14:17:50 - rasa_sdk.executor - INFO - register_function:204 - Registered function for 'action_get_system_status'.
2025-07-02 14:17:50 - rasa_sdk.executor - INFO - register_function:204 - Registered function for 'action_validate_input'.
2025-07-02 14:17:50 - rasa_sdk.executor - INFO - register_function:204 - Registered function for 'action_handle_error'.
2025-07-02 14:17:50 - rasa_sdk.executor - INFO - register_function:204 - Registered function for 'action_fallback'.
2025-07-02 14:17:50 - rasa_sdk.executor - INFO - register_function:204 - Registered function for 'action_init_context'.
2025-07-02 14:17:50 - rasa_sdk.executor - INFO - register_function:204 - Registered function for 'action_format_date'.
2025-07-02 14:17:50 - rasa_sdk.endpoint - INFO - run:161 - Starting plugins...
2025-07-02 14:17:50 - rasa_sdk.endpoint - INFO - run:167 - Action endpoint is up and running on http://0.0.0.0:5055
2025-07-02 14:22:49 - actions.utils - INFO - log_request_info:190 - Ejecutando action_init_context para usuario: 1
2025-07-02 14:22:49 - actions.actions - INFO - run:292 - Slot actualizado: nombre_paciente = Manuel Castillo Vicuña
2025-07-02 14:22:49 - actions.actions - INFO - run:292 - Slot actualizado: id_especialidad = d76fee22-6a38-43ef-b824-a60d001fe940
2025-07-02 14:22:49 - actions.actions - INFO - run:292 - Slot actualizado: especialidad = MEDICINA GENERAL ADULTO
2025-07-02 14:22:49 - actions.actions - INFO - run:292 - Slot actualizado: fecha_hora = 2025-07-02T190000-0400
2025-07-02 14:22:49 - actions.actions - INFO - run:292 - Slot actualizado: id_centro_medico = c7e1f17b-45c6-45e0-b981-a5f800212bef
2025-07-02 14:22:49 - actions.actions - INFO - run:292 - Slot actualizado: centro_medico = RedSalud Alameda
2025-07-02 14:22:49 - actions.actions - INFO - run:292 - Slot actualizado: centro_medico_address = San Martin 30 ,Santiago
2025-07-02 14:22:49 - actions.actions - INFO - run:292 - Slot actualizado: centro_medico_google = httpsgoo.glmapsT7iNCdZcQc35gbp58
2025-07-02 14:22:49 - actions.actions - INFO - run:292 - Slot actualizado: centro_medico_comuna = Santiago
2025-07-02 14:22:49 - actions.actions - INFO - run:292 - Slot actualizado: area_medica = Médica
2025-07-02 14:22:49 - actions.actions - INFO - run:292 - Slot actualizado: conversation_id = 70fc2fdd-1721-4439-bf6e-b30e010acec7
2025-07-02 14:22:49 - actions.actions - INFO - run:292 - Slot actualizado: bot_name = BOT DEV
2025-07-02 14:22:49 - actions.actions - INFO - run:292 - Slot actualizado: campaign_name = confirmacion
2025-07-02 14:22:49 - actions.actions - INFO - run:292 - Slot actualizado: phone_number = 56964058510
2025-07-02 14:22:49 - actions.actions - INFO - run:292 - Slot actualizado: preparations = True
2025-07-02 14:22:49 - actions.actions - INFO - run:292 - Slot actualizado: tipo_mensaje = Confirmacion
2025-07-02 14:22:49 - actions.actions - INFO - run:292 - Slot actualizado: centro_medico_tipo = Clínica
2025-07-02 14:22:49 - actions.actions - INFO - run:292 - Slot actualizado: preparation_url = httpsdrive.google.comfiled13-7QlkXRg3-lVsDCe0LCdVDhw3FsJfASviewuspdrive_link
2025-07-02 14:22:49 - actions.actions - INFO - run:292 - Slot actualizado: resource_name = Celeste Olivia Borie Polanco
2025-07-02 14:22:49 - actions.actions - INFO - run:292 - Slot actualizado: status = ready to send
2025-07-02 14:22:49 - actions.actions - INFO - run:296 - Contexto configurado como: confirmación
2025-07-02 14:22:49 - actions.actions - INFO - run:307 - Fecha formateada: 02/07/2025 a las 19:00
2025-07-02 14:22:49 - actions.actions - INFO - run:342 - Contexto inicializado exitosamente para usuario: 1
2025-07-02 14:29:40 - actions.utils - INFO - log_request_info:190 - Ejecutando action_init_context para usuario: 1
2025-07-02 14:29:40 - actions.actions - INFO - run:292 - Slot actualizado: nombre_paciente = Manuel Castillo Vicuña
2025-07-02 14:29:40 - actions.actions - INFO - run:292 - Slot actualizado: id_especialidad = d76fee22-6a38-43ef-b824-a60d001fe940
2025-07-02 14:29:40 - actions.actions - INFO - run:292 - Slot actualizado: especialidad = MEDICINA GENERAL ADULTO
2025-07-02 14:29:40 - actions.actions - INFO - run:292 - Slot actualizado: fecha_hora = 2025-07-02T190000-0400
2025-07-02 14:29:40 - actions.actions - INFO - run:292 - Slot actualizado: id_centro_medico = c7e1f17b-45c6-45e0-b981-a5f800212bef
2025-07-02 14:29:40 - actions.actions - INFO - run:292 - Slot actualizado: centro_medico = RedSalud Alameda
2025-07-02 14:29:40 - actions.actions - INFO - run:292 - Slot actualizado: centro_medico_address = San Martin 30 ,Santiago
2025-07-02 14:29:40 - actions.actions - INFO - run:292 - Slot actualizado: centro_medico_google = httpsgoo.glmapsT7iNCdZcQc35gbp58
2025-07-02 14:29:40 - actions.actions - INFO - run:292 - Slot actualizado: centro_medico_comuna = Santiago
2025-07-02 14:29:40 - actions.actions - INFO - run:292 - Slot actualizado: area_medica = Médica
2025-07-02 14:29:40 - actions.actions - INFO - run:292 - Slot actualizado: conversation_id = 70fc2fdd-1721-4439-bf6e-b30e010acec7
2025-07-02 14:29:40 - actions.actions - INFO - run:292 - Slot actualizado: bot_name = BOT DEV
2025-07-02 14:29:40 - actions.actions - INFO - run:292 - Slot actualizado: campaign_name = confirmacion
2025-07-02 14:29:40 - actions.actions - INFO - run:292 - Slot actualizado: phone_number = 56964058510
2025-07-02 14:29:40 - actions.actions - INFO - run:292 - Slot actualizado: preparations = True
2025-07-02 14:29:40 - actions.actions - INFO - run:292 - Slot actualizado: tipo_mensaje = Confirmacion
2025-07-02 14:29:40 - actions.actions - INFO - run:292 - Slot actualizado: centro_medico_tipo = Clínica
2025-07-02 14:29:40 - actions.actions - INFO - run:292 - Slot actualizado: preparation_url = httpsdrive.google.comfiled13-7QlkXRg3-lVsDCe0LCdVDhw3FsJfASviewuspdrive_link
2025-07-02 14:29:40 - actions.actions - INFO - run:292 - Slot actualizado: resource_name = Celeste Olivia Borie Polanco
2025-07-02 14:29:40 - actions.actions - INFO - run:292 - Slot actualizado: status = ready to send
2025-07-02 14:29:40 - actions.actions - INFO - run:296 - Contexto configurado como: confirmación
2025-07-02 14:29:40 - actions.actions - INFO - run:307 - Fecha formateada: 02/07/2025 a las 19:00
2025-07-02 14:29:40 - actions.actions - INFO - run:342 - Contexto inicializado exitosamente para usuario: 1
2025-07-02 15:56:47 - root - INFO - setup_logging:89 - Logging configurado - Nivel: INFO, Archivo: bot_confirmaciones.log
2025-07-02 15:56:47 - root - INFO - setup_logging:90 - Bot de confirmaciones iniciando...
2025-07-02 15:56:48 - actions.database - INFO - _initialize_pool:47 - Pool de conexiones PostgreSQL inicializado correctamente
2025-07-02 15:56:48 - actions - INFO - <module>:17 - Módulo de acciones cargado correctamente
2025-07-02 15:56:48 - rasa_sdk.executor - INFO - register_function:204 - Registered function for 'action_test_connection'.
2025-07-02 15:56:48 - rasa_sdk.executor - INFO - register_function:204 - Registered function for 'action_get_system_status'.
2025-07-02 15:56:48 - rasa_sdk.executor - INFO - register_function:204 - Registered function for 'action_validate_input'.
2025-07-02 15:56:48 - rasa_sdk.executor - INFO - register_function:204 - Registered function for 'action_handle_error'.
2025-07-02 15:56:48 - rasa_sdk.executor - INFO - register_function:204 - Registered function for 'action_fallback'.
2025-07-02 15:56:48 - rasa_sdk.executor - INFO - register_function:204 - Registered function for 'action_init_context'.
2025-07-02 15:56:48 - rasa_sdk.executor - INFO - register_function:204 - Registered function for 'action_format_date'.
2025-07-02 15:56:48 - rasa_sdk.endpoint - INFO - run:161 - Starting plugins...
2025-07-02 15:56:48 - rasa_sdk.endpoint - INFO - run:167 - Action endpoint is up and running on http://0.0.0.0:5055
2025-07-02 16:05:56 - actions.utils - INFO - log_request_info:190 - Ejecutando action_init_context para usuario: 1
2025-07-02 16:05:56 - actions.actions - INFO - run:292 - Slot actualizado: nombre_paciente = Manuel Castillo Vicuña
2025-07-02 16:05:56 - actions.actions - INFO - run:292 - Slot actualizado: id_especialidad = d76fee22-6a38-43ef-b824-a60d001fe940
2025-07-02 16:05:56 - actions.actions - INFO - run:292 - Slot actualizado: especialidad = MEDICINA GENERAL ADULTO
2025-07-02 16:05:56 - actions.actions - INFO - run:292 - Slot actualizado: fecha_hora = 2025-07-02T190000-0400
2025-07-02 16:05:56 - actions.actions - INFO - run:292 - Slot actualizado: id_centro_medico = c7e1f17b-45c6-45e0-b981-a5f800212bef
2025-07-02 16:05:56 - actions.actions - INFO - run:292 - Slot actualizado: centro_medico = RedSalud Alameda
2025-07-02 16:05:56 - actions.actions - INFO - run:292 - Slot actualizado: centro_medico_address = San Martin 30 ,Santiago
2025-07-02 16:05:56 - actions.actions - INFO - run:292 - Slot actualizado: centro_medico_google = httpsgoo.glmapsT7iNCdZcQc35gbp58
2025-07-02 16:05:56 - actions.actions - INFO - run:292 - Slot actualizado: centro_medico_comuna = Santiago
2025-07-02 16:05:56 - actions.actions - INFO - run:292 - Slot actualizado: area_medica = Médica
2025-07-02 16:05:56 - actions.actions - INFO - run:292 - Slot actualizado: conversation_id = 70fc2fdd-1721-4439-bf6e-b30e010acec7
2025-07-02 16:05:56 - actions.actions - INFO - run:292 - Slot actualizado: bot_name = BOT DEV
2025-07-02 16:05:56 - actions.actions - INFO - run:292 - Slot actualizado: campaign_name = confirmacion
2025-07-02 16:05:56 - actions.actions - INFO - run:292 - Slot actualizado: phone_number = 56964058510
2025-07-02 16:05:56 - actions.actions - INFO - run:292 - Slot actualizado: preparations = True
2025-07-02 16:05:56 - actions.actions - INFO - run:292 - Slot actualizado: tipo_mensaje = Confirmacion
2025-07-02 16:05:56 - actions.actions - INFO - run:292 - Slot actualizado: centro_medico_tipo = Clínica
2025-07-02 16:05:56 - actions.actions - INFO - run:292 - Slot actualizado: preparation_url = httpsdrive.google.comfiled13-7QlkXRg3-lVsDCe0LCdVDhw3FsJfASviewuspdrive_link
2025-07-02 16:05:56 - actions.actions - INFO - run:292 - Slot actualizado: resource_name = Celeste Olivia Borie Polanco
2025-07-02 16:05:56 - actions.actions - INFO - run:292 - Slot actualizado: status = ready to send
2025-07-02 16:05:56 - actions.actions - INFO - run:296 - Contexto configurado como: confirmación
2025-07-02 16:05:56 - actions.actions - INFO - run:307 - Fecha formateada: 02/07/2025 a las 19:00
2025-07-02 16:05:56 - actions.actions - INFO - run:342 - Contexto inicializado exitosamente para usuario: 1
2025-07-02 16:22:21 - root - INFO - setup_logging:89 - Logging configurado - Nivel: INFO, Archivo: bot_confirmaciones.log
2025-07-02 16:22:21 - root - INFO - setup_logging:90 - Bot de confirmaciones iniciando...
2025-07-02 16:22:22 - actions.database - INFO - _initialize_pool:47 - Pool de conexiones PostgreSQL inicializado correctamente
2025-07-02 16:22:23 - actions - INFO - <module>:24 - Módulo de acciones cargado correctamente
2025-07-02 16:22:23 - rasa_sdk.executor - INFO - register_function:204 - Registered function for 'action_test_connection'.
2025-07-02 16:22:23 - rasa_sdk.executor - INFO - register_function:204 - Registered function for 'action_get_system_status'.
2025-07-02 16:22:23 - rasa_sdk.executor - INFO - register_function:204 - Registered function for 'action_validate_input'.
2025-07-02 16:22:23 - rasa_sdk.executor - INFO - register_function:204 - Registered function for 'action_handle_error'.
2025-07-02 16:22:23 - rasa_sdk.executor - INFO - register_function:204 - Registered function for 'action_fallback'.
2025-07-02 16:22:23 - rasa_sdk.executor - INFO - register_function:204 - Registered function for 'action_init_context'.
2025-07-02 16:22:23 - rasa_sdk.executor - INFO - register_function:204 - Registered function for 'action_format_date'.
2025-07-02 16:22:23 - rasa_sdk.executor - INFO - register_function:204 - Registered function for 'action_cancel_appointment'.
2025-07-02 16:22:23 - rasa_sdk.endpoint - INFO - run:161 - Starting plugins...
2025-07-02 16:22:23 - rasa_sdk.endpoint - INFO - run:167 - Action endpoint is up and running on http://0.0.0.0:5055
2025-07-02 16:22:58 - actions.utils - INFO - log_request_info:190 - Ejecutando action_init_context para usuario: 1
2025-07-02 16:22:58 - actions.actions - INFO - run:292 - Slot actualizado: nombre_paciente = Manuel Castillo Vicuña
2025-07-02 16:22:58 - actions.actions - INFO - run:292 - Slot actualizado: id_especialidad = d76fee22-6a38-43ef-b824-a60d001fe940
2025-07-02 16:22:58 - actions.actions - INFO - run:292 - Slot actualizado: especialidad = MEDICINA GENERAL ADULTO
2025-07-02 16:22:58 - actions.actions - INFO - run:292 - Slot actualizado: fecha_hora = 2025-07-02T190000-0400
2025-07-02 16:22:58 - actions.actions - INFO - run:292 - Slot actualizado: id_centro_medico = c7e1f17b-45c6-45e0-b981-a5f800212bef
2025-07-02 16:22:58 - actions.actions - INFO - run:292 - Slot actualizado: centro_medico = RedSalud Alameda
2025-07-02 16:22:58 - actions.actions - INFO - run:292 - Slot actualizado: centro_medico_address = San Martin 30 ,Santiago
2025-07-02 16:22:58 - actions.actions - INFO - run:292 - Slot actualizado: centro_medico_google = httpsgoo.glmapsT7iNCdZcQc35gbp58
2025-07-02 16:22:58 - actions.actions - INFO - run:292 - Slot actualizado: centro_medico_comuna = Santiago
2025-07-02 16:22:58 - actions.actions - INFO - run:292 - Slot actualizado: area_medica = Médica
2025-07-02 16:22:58 - actions.actions - INFO - run:292 - Slot actualizado: conversation_id = 70fc2fdd-1721-4439-bf6e-b30e010acec7
2025-07-02 16:22:58 - actions.actions - INFO - run:292 - Slot actualizado: bot_name = BOT DEV
2025-07-02 16:22:58 - actions.actions - INFO - run:292 - Slot actualizado: campaign_name = confirmacion
2025-07-02 16:22:58 - actions.actions - INFO - run:292 - Slot actualizado: phone_number = 56964058510
2025-07-02 16:22:58 - actions.actions - INFO - run:292 - Slot actualizado: preparations = True
2025-07-02 16:22:58 - actions.actions - INFO - run:292 - Slot actualizado: tipo_mensaje = Confirmacion
2025-07-02 16:22:58 - actions.actions - INFO - run:292 - Slot actualizado: centro_medico_tipo = Clínica
2025-07-02 16:22:58 - actions.actions - INFO - run:292 - Slot actualizado: preparation_url = httpsdrive.google.comfiled13-7QlkXRg3-lVsDCe0LCdVDhw3FsJfASviewuspdrive_link
2025-07-02 16:22:58 - actions.actions - INFO - run:292 - Slot actualizado: resource_name = Celeste Olivia Borie Polanco
2025-07-02 16:22:58 - actions.actions - INFO - run:292 - Slot actualizado: status = ready to send
2025-07-02 16:22:58 - actions.actions - INFO - run:296 - Contexto configurado como: confirmación
2025-07-02 16:22:58 - actions.actions - INFO - run:307 - Fecha formateada: 02/07/2025 a las 19:00
2025-07-02 16:22:58 - actions.actions - INFO - run:342 - Contexto inicializado exitosamente para usuario: 1
2025-07-02 16:23:37 - actions.utils - INFO - log_request_info:190 - Ejecutando action_init_context para usuario: 2
2025-07-02 16:23:37 - actions.actions - INFO - run:292 - Slot actualizado: nombre_paciente = Manuel Castillo Vicuña
2025-07-02 16:23:37 - actions.actions - INFO - run:292 - Slot actualizado: id_especialidad = d76fee22-6a38-43ef-b824-a60d001fe940
2025-07-02 16:23:37 - actions.actions - INFO - run:292 - Slot actualizado: especialidad = MEDICINA GENERAL ADULTO
2025-07-02 16:23:37 - actions.actions - INFO - run:292 - Slot actualizado: fecha_hora = 2025-07-02T190000-0400
2025-07-02 16:23:37 - actions.actions - INFO - run:292 - Slot actualizado: id_centro_medico = c7e1f17b-45c6-45e0-b981-a5f800212bef
2025-07-02 16:23:37 - actions.actions - INFO - run:292 - Slot actualizado: centro_medico = RedSalud Alameda
2025-07-02 16:23:37 - actions.actions - INFO - run:292 - Slot actualizado: centro_medico_address = San Martin 30 ,Santiago
2025-07-02 16:23:37 - actions.actions - INFO - run:292 - Slot actualizado: centro_medico_google = httpsgoo.glmapsT7iNCdZcQc35gbp58
2025-07-02 16:23:37 - actions.actions - INFO - run:292 - Slot actualizado: centro_medico_comuna = Santiago
2025-07-02 16:23:37 - actions.actions - INFO - run:292 - Slot actualizado: area_medica = Médica
2025-07-02 16:23:37 - actions.actions - INFO - run:292 - Slot actualizado: conversation_id = 70fc2fdd-1721-4439-bf6e-b30e010acec7
2025-07-02 16:23:37 - actions.actions - INFO - run:292 - Slot actualizado: bot_name = BOT DEV
2025-07-02 16:23:37 - actions.actions - INFO - run:292 - Slot actualizado: campaign_name = confirmacion
2025-07-02 16:23:37 - actions.actions - INFO - run:292 - Slot actualizado: phone_number = 56964058510
2025-07-02 16:23:37 - actions.actions - INFO - run:292 - Slot actualizado: preparations = True
2025-07-02 16:23:37 - actions.actions - INFO - run:292 - Slot actualizado: tipo_mensaje = Confirmacion
2025-07-02 16:23:37 - actions.actions - INFO - run:292 - Slot actualizado: centro_medico_tipo = Clínica
2025-07-02 16:23:37 - actions.actions - INFO - run:292 - Slot actualizado: preparation_url = httpsdrive.google.comfiled13-7QlkXRg3-lVsDCe0LCdVDhw3FsJfASviewuspdrive_link
2025-07-02 16:23:37 - actions.actions - INFO - run:292 - Slot actualizado: resource_name = Celeste Olivia Borie Polanco
2025-07-02 16:23:37 - actions.actions - INFO - run:292 - Slot actualizado: status = ready to send
2025-07-02 16:23:37 - actions.actions - INFO - run:296 - Contexto configurado como: confirmación
2025-07-02 16:23:37 - actions.actions - INFO - run:307 - Fecha formateada: 02/07/2025 a las 19:00
2025-07-02 16:23:37 - actions.actions - INFO - run:342 - Contexto inicializado exitosamente para usuario: 2
2025-07-02 16:23:54 - actions.utils - INFO - log_request_info:190 - Ejecutando action_cancel_appointment para usuario: 2
2025-07-02 16:23:54 - actions.actions - INFO - run:428 - Cita cancelada para Manuel Castillo Vicuña el 2025-07-02T190000-0400 con Celeste Olivia Borie Polanco en RedSalud Alameda
2025-07-02 16:23:54 - actions.actions - INFO - run:452 - Cita cancelada exitosamente para usuario: 2
2025-07-02 16:30:01 - root - INFO - setup_logging:89 - Logging configurado - Nivel: INFO, Archivo: bot_confirmaciones.log
2025-07-02 16:30:01 - root - INFO - setup_logging:90 - Bot de confirmaciones iniciando...
2025-07-02 16:30:02 - actions.database - INFO - _initialize_pool:47 - Pool de conexiones PostgreSQL inicializado correctamente
2025-07-02 16:30:02 - actions - INFO - <module>:24 - Módulo de acciones cargado correctamente
2025-07-02 16:30:02 - rasa_sdk.executor - INFO - register_function:204 - Registered function for 'action_test_connection'.
2025-07-02 16:30:02 - rasa_sdk.executor - INFO - register_function:204 - Registered function for 'action_get_system_status'.
2025-07-02 16:30:02 - rasa_sdk.executor - INFO - register_function:204 - Registered function for 'action_validate_input'.
2025-07-02 16:30:02 - rasa_sdk.executor - INFO - register_function:204 - Registered function for 'action_handle_error'.
2025-07-02 16:30:02 - rasa_sdk.executor - INFO - register_function:204 - Registered function for 'action_fallback'.
2025-07-02 16:30:02 - rasa_sdk.executor - INFO - register_function:204 - Registered function for 'action_init_context'.
2025-07-02 16:30:02 - rasa_sdk.executor - INFO - register_function:204 - Registered function for 'action_format_date'.
2025-07-02 16:30:02 - rasa_sdk.executor - INFO - register_function:204 - Registered function for 'action_cancel_appointment'.
2025-07-02 16:30:02 - rasa_sdk.endpoint - INFO - run:161 - Starting plugins...
2025-07-02 16:30:02 - rasa_sdk.endpoint - INFO - run:167 - Action endpoint is up and running on http://0.0.0.0:5055
2025-07-02 16:36:09 - actions.utils - INFO - log_request_info:190 - Ejecutando action_init_context para usuario: 1
2025-07-02 16:36:09 - actions.actions - INFO - run:292 - Slot actualizado: nombre_paciente = Manuel Castillo Vicuña
2025-07-02 16:36:09 - actions.actions - INFO - run:292 - Slot actualizado: id_especialidad = d76fee22-6a38-43ef-b824-a60d001fe940
2025-07-02 16:36:09 - actions.actions - INFO - run:292 - Slot actualizado: especialidad = MEDICINA GENERAL ADULTO
2025-07-02 16:36:09 - actions.actions - INFO - run:292 - Slot actualizado: fecha_hora = 2025-07-02T190000-0400
2025-07-02 16:36:09 - actions.actions - INFO - run:292 - Slot actualizado: id_centro_medico = c7e1f17b-45c6-45e0-b981-a5f800212bef
2025-07-02 16:36:09 - actions.actions - INFO - run:292 - Slot actualizado: centro_medico = RedSalud Alameda
2025-07-02 16:36:09 - actions.actions - INFO - run:292 - Slot actualizado: centro_medico_address = San Martin 30 ,Santiago
2025-07-02 16:36:09 - actions.actions - INFO - run:292 - Slot actualizado: centro_medico_google = httpsgoo.glmapsT7iNCdZcQc35gbp58
2025-07-02 16:36:09 - actions.actions - INFO - run:292 - Slot actualizado: centro_medico_comuna = Santiago
2025-07-02 16:36:09 - actions.actions - INFO - run:292 - Slot actualizado: area_medica = Médica
2025-07-02 16:36:09 - actions.actions - INFO - run:292 - Slot actualizado: conversation_id = 70fc2fdd-1721-4439-bf6e-b30e010acec7
2025-07-02 16:36:09 - actions.actions - INFO - run:292 - Slot actualizado: bot_name = BOT DEV
2025-07-02 16:36:09 - actions.actions - INFO - run:292 - Slot actualizado: campaign_name = confirmacion
2025-07-02 16:36:09 - actions.actions - INFO - run:292 - Slot actualizado: phone_number = 56964058510
2025-07-02 16:36:09 - actions.actions - INFO - run:292 - Slot actualizado: preparations = True
2025-07-02 16:36:09 - actions.actions - INFO - run:292 - Slot actualizado: tipo_mensaje = Confirmacion
2025-07-02 16:36:09 - actions.actions - INFO - run:292 - Slot actualizado: centro_medico_tipo = Clínica
2025-07-02 16:36:09 - actions.actions - INFO - run:292 - Slot actualizado: preparation_url = httpsdrive.google.comfiled13-7QlkXRg3-lVsDCe0LCdVDhw3FsJfASviewuspdrive_link
2025-07-02 16:36:09 - actions.actions - INFO - run:292 - Slot actualizado: resource_name = Celeste Olivia Borie Polanco
2025-07-02 16:36:09 - actions.actions - INFO - run:292 - Slot actualizado: status = ready to send
2025-07-02 16:36:09 - actions.actions - INFO - run:296 - Contexto configurado como: confirmación
2025-07-02 16:36:09 - actions.actions - INFO - run:307 - Fecha formateada: 02/07/2025 a las 19:00
2025-07-02 16:36:09 - actions.actions - INFO - run:342 - Contexto inicializado exitosamente para usuario: 1
2025-07-02 16:36:29 - actions.utils - INFO - log_request_info:190 - Ejecutando action_init_context para usuario: 2
2025-07-02 16:36:29 - actions.actions - INFO - run:292 - Slot actualizado: nombre_paciente = Manuel Castillo Vicuña
2025-07-02 16:36:29 - actions.actions - INFO - run:292 - Slot actualizado: id_especialidad = d76fee22-6a38-43ef-b824-a60d001fe940
2025-07-02 16:36:29 - actions.actions - INFO - run:292 - Slot actualizado: especialidad = MEDICINA GENERAL ADULTO
2025-07-02 16:36:29 - actions.actions - INFO - run:292 - Slot actualizado: fecha_hora = 2025-07-02T190000-0400
2025-07-02 16:36:29 - actions.actions - INFO - run:292 - Slot actualizado: id_centro_medico = c7e1f17b-45c6-45e0-b981-a5f800212bef
2025-07-02 16:36:29 - actions.actions - INFO - run:292 - Slot actualizado: centro_medico = RedSalud Alameda
2025-07-02 16:36:29 - actions.actions - INFO - run:292 - Slot actualizado: centro_medico_address = San Martin 30 ,Santiago
2025-07-02 16:36:29 - actions.actions - INFO - run:292 - Slot actualizado: centro_medico_google = httpsgoo.glmapsT7iNCdZcQc35gbp58
2025-07-02 16:36:29 - actions.actions - INFO - run:292 - Slot actualizado: centro_medico_comuna = Santiago
2025-07-02 16:36:29 - actions.actions - INFO - run:292 - Slot actualizado: area_medica = Médica
2025-07-02 16:36:29 - actions.actions - INFO - run:292 - Slot actualizado: conversation_id = 70fc2fdd-1721-4439-bf6e-b30e010acec7
2025-07-02 16:36:29 - actions.actions - INFO - run:292 - Slot actualizado: bot_name = BOT DEV
2025-07-02 16:36:29 - actions.actions - INFO - run:292 - Slot actualizado: campaign_name = confirmacion
2025-07-02 16:36:29 - actions.actions - INFO - run:292 - Slot actualizado: phone_number = 56964058510
2025-07-02 16:36:29 - actions.actions - INFO - run:292 - Slot actualizado: preparations = True
2025-07-02 16:36:29 - actions.actions - INFO - run:292 - Slot actualizado: tipo_mensaje = Confirmacion
2025-07-02 16:36:29 - actions.actions - INFO - run:292 - Slot actualizado: centro_medico_tipo = Clínica
2025-07-02 16:36:29 - actions.actions - INFO - run:292 - Slot actualizado: preparation_url = httpsdrive.google.comfiled13-7QlkXRg3-lVsDCe0LCdVDhw3FsJfASviewuspdrive_link
2025-07-02 16:36:29 - actions.actions - INFO - run:292 - Slot actualizado: resource_name = Celeste Olivia Borie Polanco
2025-07-02 16:36:29 - actions.actions - INFO - run:292 - Slot actualizado: status = ready to send
2025-07-02 16:36:29 - actions.actions - INFO - run:296 - Contexto configurado como: confirmación
2025-07-02 16:36:29 - actions.actions - INFO - run:307 - Fecha formateada: 02/07/2025 a las 19:00
2025-07-02 16:36:29 - actions.actions - INFO - run:342 - Contexto inicializado exitosamente para usuario: 2
2025-07-02 16:36:44 - actions.utils - INFO - log_request_info:190 - Ejecutando action_cancel_appointment para usuario: 2
2025-07-02 16:36:44 - actions.actions - INFO - run:428 - Cita cancelada para Manuel Castillo Vicuña el 2025-07-02T190000-0400 con Celeste Olivia Borie Polanco en RedSalud Alameda
2025-07-02 16:36:44 - actions.actions - INFO - run:448 - Cita cancelada exitosamente para usuario: 2
2025-07-02 17:07:56 - root - INFO - setup_logging:89 - Logging configurado - Nivel: INFO, Archivo: bot_confirmaciones.log
2025-07-02 17:07:56 - root - INFO - setup_logging:90 - Bot de confirmaciones iniciando...
2025-07-02 17:07:57 - actions.database - INFO - _initialize_pool:47 - Pool de conexiones PostgreSQL inicializado correctamente
2025-07-02 17:07:58 - actions - INFO - <module>:25 - Módulo de acciones cargado correctamente
2025-07-02 17:07:58 - rasa_sdk.executor - INFO - register_function:204 - Registered function for 'action_test_connection'.
2025-07-02 17:07:58 - rasa_sdk.executor - INFO - register_function:204 - Registered function for 'action_get_system_status'.
2025-07-02 17:07:58 - rasa_sdk.executor - INFO - register_function:204 - Registered function for 'action_validate_input'.
2025-07-02 17:07:58 - rasa_sdk.executor - INFO - register_function:204 - Registered function for 'action_handle_error'.
2025-07-02 17:07:58 - rasa_sdk.executor - INFO - register_function:204 - Registered function for 'action_fallback'.
2025-07-02 17:07:58 - rasa_sdk.executor - INFO - register_function:204 - Registered function for 'action_init_context'.
2025-07-02 17:07:58 - rasa_sdk.executor - INFO - register_function:204 - Registered function for 'action_format_date'.
2025-07-02 17:07:58 - rasa_sdk.executor - INFO - register_function:204 - Registered function for 'action_cancel_appointment'.
2025-07-02 17:07:58 - rasa_sdk.executor - INFO - register_function:204 - Registered function for 'action_confirm_appointment'.
2025-07-02 17:07:58 - rasa_sdk.endpoint - INFO - run:161 - Starting plugins...
2025-07-02 17:07:58 - rasa_sdk.endpoint - INFO - run:167 - Action endpoint is up and running on http://0.0.0.0:5055
2025-07-02 17:09:15 - actions.utils - INFO - log_request_info:190 - Ejecutando action_init_context para usuario: 2
2025-07-02 17:09:15 - actions.actions - INFO - run:492 - Slot actualizado: nombre_paciente = Manuel Castillo Vicuña
2025-07-02 17:09:15 - actions.actions - INFO - run:492 - Slot actualizado: id_especialidad = d76fee22-6a38-43ef-b824-a60d001fe940
2025-07-02 17:09:15 - actions.actions - INFO - run:492 - Slot actualizado: especialidad = MEDICINA GENERAL ADULTO
2025-07-02 17:09:15 - actions.actions - INFO - run:492 - Slot actualizado: fecha_hora = 2025-07-02T190000-0400
2025-07-02 17:09:15 - actions.actions - INFO - run:492 - Slot actualizado: id_centro_medico = c7e1f17b-45c6-45e0-b981-a5f800212bef
2025-07-02 17:09:15 - actions.actions - INFO - run:492 - Slot actualizado: centro_medico = RedSalud Alameda
2025-07-02 17:09:15 - actions.actions - INFO - run:492 - Slot actualizado: centro_medico_address = San Martin 30 ,Santiago
2025-07-02 17:09:15 - actions.actions - INFO - run:492 - Slot actualizado: centro_medico_google = httpsgoo.glmapsT7iNCdZcQc35gbp58
2025-07-02 17:09:15 - actions.actions - INFO - run:492 - Slot actualizado: centro_medico_comuna = Santiago
2025-07-02 17:09:15 - actions.actions - INFO - run:492 - Slot actualizado: area_medica = Médica
2025-07-02 17:09:15 - actions.actions - INFO - run:492 - Slot actualizado: conversation_id = 70fc2fdd-1721-4439-bf6e-b30e010acec7
2025-07-02 17:09:15 - actions.actions - INFO - run:492 - Slot actualizado: bot_name = BOT DEV
2025-07-02 17:09:15 - actions.actions - INFO - run:492 - Slot actualizado: campaign_name = confirmacion
2025-07-02 17:09:15 - actions.actions - INFO - run:492 - Slot actualizado: phone_number = 56964058510
2025-07-02 17:09:15 - actions.actions - INFO - run:492 - Slot actualizado: preparations = True
2025-07-02 17:09:15 - actions.actions - INFO - run:492 - Slot actualizado: tipo_mensaje = Confirmacion
2025-07-02 17:09:15 - actions.actions - INFO - run:492 - Slot actualizado: centro_medico_tipo = Clínica
2025-07-02 17:09:15 - actions.actions - INFO - run:492 - Slot actualizado: preparation_url = httpsdrive.google.comfiled13-7QlkXRg3-lVsDCe0LCdVDhw3FsJfASviewuspdrive_link
2025-07-02 17:09:15 - actions.actions - INFO - run:492 - Slot actualizado: resource_name = Celeste Olivia Borie Polanco
2025-07-02 17:09:15 - actions.actions - INFO - run:492 - Slot actualizado: status = ready to send
2025-07-02 17:09:15 - actions.actions - INFO - run:496 - Contexto configurado como: confirmación
2025-07-02 17:09:15 - actions.actions - INFO - run:507 - Fecha formateada: 02/07/2025 a las 19:00
2025-07-02 17:09:15 - actions.actions - INFO - run:542 - Contexto inicializado exitosamente para usuario: 2
2025-07-02 17:09:27 - actions.utils - INFO - log_request_info:190 - Ejecutando action_cancel_appointment para usuario: 2
2025-07-02 17:09:27 - actions.actions - WARNING - run:641 - No se encontró appointment_id para cancelar en Apigee
2025-07-02 17:09:27 - actions.actions - INFO - run:664 - Cita cancelada para Manuel Castillo Vicuña el 2025-07-02T190000-0400 con Celeste Olivia Borie Polanco en RedSalud Alameda
2025-07-02 17:09:27 - actions.actions - INFO - run:667 - Cita cancelada exitosamente para usuario: 2
2025-07-02 17:10:19 - actions.utils - INFO - log_request_info:190 - Ejecutando action_init_context para usuario: 1
2025-07-02 17:10:19 - actions.actions - INFO - run:492 - Slot actualizado: nombre_paciente = Manuel Castillo Vicuña
2025-07-02 17:10:19 - actions.actions - INFO - run:492 - Slot actualizado: id_especialidad = d76fee22-6a38-43ef-b824-a60d001fe940
2025-07-02 17:10:19 - actions.actions - INFO - run:492 - Slot actualizado: especialidad = MEDICINA GENERAL ADULTO
2025-07-02 17:10:19 - actions.actions - INFO - run:492 - Slot actualizado: fecha_hora = 2025-07-02T190000-0400
2025-07-02 17:10:19 - actions.actions - INFO - run:492 - Slot actualizado: id_centro_medico = c7e1f17b-45c6-45e0-b981-a5f800212bef
2025-07-02 17:10:19 - actions.actions - INFO - run:492 - Slot actualizado: centro_medico = RedSalud Alameda
2025-07-02 17:10:19 - actions.actions - INFO - run:492 - Slot actualizado: centro_medico_address = San Martin 30 ,Santiago
2025-07-02 17:10:19 - actions.actions - INFO - run:492 - Slot actualizado: centro_medico_google = httpsgoo.glmapsT7iNCdZcQc35gbp58
2025-07-02 17:10:19 - actions.actions - INFO - run:492 - Slot actualizado: centro_medico_comuna = Santiago
2025-07-02 17:10:19 - actions.actions - INFO - run:492 - Slot actualizado: area_medica = Médica
2025-07-02 17:10:19 - actions.actions - INFO - run:492 - Slot actualizado: conversation_id = 70fc2fdd-1721-4439-bf6e-b30e010acec7
2025-07-02 17:10:19 - actions.actions - INFO - run:492 - Slot actualizado: appointment_id = 70fc2fdd-1721-4439-bf6e-b30e010acec7
2025-07-02 17:10:19 - actions.actions - INFO - run:492 - Slot actualizado: bot_name = BOT DEV
2025-07-02 17:10:19 - actions.actions - INFO - run:492 - Slot actualizado: campaign_name = confirmacion
2025-07-02 17:10:19 - actions.actions - INFO - run:492 - Slot actualizado: phone_number = 56964058510
2025-07-02 17:10:19 - actions.actions - INFO - run:492 - Slot actualizado: preparations = True
2025-07-02 17:10:19 - actions.actions - INFO - run:492 - Slot actualizado: tipo_mensaje = Confirmacion
2025-07-02 17:10:19 - actions.actions - INFO - run:492 - Slot actualizado: centro_medico_tipo = Clínica
2025-07-02 17:10:19 - actions.actions - INFO - run:492 - Slot actualizado: preparation_url = httpsdrive.google.comfiled13-7QlkXRg3-lVsDCe0LCdVDhw3FsJfASviewuspdrive_link
2025-07-02 17:10:19 - actions.actions - INFO - run:492 - Slot actualizado: resource_name = Celeste Olivia Borie Polanco
2025-07-02 17:10:19 - actions.actions - INFO - run:492 - Slot actualizado: status = ready to send
2025-07-02 17:10:19 - actions.actions - INFO - run:496 - Contexto configurado como: confirmación
2025-07-02 17:10:19 - actions.actions - INFO - run:507 - Fecha formateada: 02/07/2025 a las 19:00
2025-07-02 17:10:19 - actions.actions - INFO - run:542 - Contexto inicializado exitosamente para usuario: 1
2025-07-02 17:10:34 - actions.utils - INFO - log_request_info:190 - Ejecutando action_cancel_appointment para usuario: 1
2025-07-02 17:10:35 - actions.actions - ERROR - obtener_access_token:75 - Faltan credenciales: auth_url, client_id, client_secret
2025-07-02 17:10:35 - actions.actions - WARNING - run:661 - No se pudo obtener token de acceso para Apigee
2025-07-02 17:10:35 - actions.actions - INFO - run:664 - Cita cancelada para Manuel Castillo Vicuña el 2025-07-02T190000-0400 con Celeste Olivia Borie Polanco en RedSalud Alameda
2025-07-02 17:10:35 - actions.actions - INFO - run:667 - Cita cancelada exitosamente para usuario: 1
2025-07-02 17:12:51 - root - INFO - setup_logging:89 - Logging configurado - Nivel: INFO, Archivo: bot_confirmaciones.log
2025-07-02 17:12:51 - root - INFO - setup_logging:90 - Bot de confirmaciones iniciando...
2025-07-02 17:12:51 - actions.database - INFO - _initialize_pool:47 - Pool de conexiones PostgreSQL inicializado correctamente
2025-07-02 17:15:00 - root - INFO - setup_logging:89 - Logging configurado - Nivel: INFO, Archivo: bot_confirmaciones.log
2025-07-02 17:15:00 - root - INFO - setup_logging:90 - Bot de confirmaciones iniciando...
2025-07-02 17:15:02 - actions.database - INFO - _initialize_pool:47 - Pool de conexiones PostgreSQL inicializado correctamente
2025-07-02 17:15:33 - root - INFO - setup_logging:89 - Logging configurado - Nivel: INFO, Archivo: bot_confirmaciones.log
2025-07-02 17:15:33 - root - INFO - setup_logging:90 - Bot de confirmaciones iniciando...
2025-07-02 17:15:36 - actions.database - INFO - _initialize_pool:47 - Pool de conexiones PostgreSQL inicializado correctamente
2025-07-02 17:15:36 - actions.actions - INFO - <module>:42 - APIGEE_API_URL: https://redsalud-qa.apigee.net
2025-07-02 17:15:36 - actions.actions - INFO - <module>:43 - APIGEE_USERNAME: 4tu0...
2025-07-02 17:15:36 - actions.actions - INFO - <module>:44 - APIGEE_PASSWORD: Configurado
2025-07-02 17:15:36 - actions - INFO - <module>:25 - Módulo de acciones cargado correctamente
2025-07-02 17:15:44 - root - INFO - setup_logging:89 - Logging configurado - Nivel: INFO, Archivo: bot_confirmaciones.log
2025-07-02 17:15:44 - root - INFO - setup_logging:90 - Bot de confirmaciones iniciando...
2025-07-02 17:15:45 - actions.database - INFO - _initialize_pool:47 - Pool de conexiones PostgreSQL inicializado correctamente
2025-07-02 17:15:45 - actions.actions - INFO - <module>:42 - APIGEE_API_URL: https://redsalud-qa.apigee.net
2025-07-02 17:15:45 - actions.actions - INFO - <module>:43 - APIGEE_USERNAME: 4tu0...
2025-07-02 17:15:45 - actions.actions - INFO - <module>:44 - APIGEE_PASSWORD: Configurado
2025-07-02 17:15:45 - actions - INFO - <module>:25 - Módulo de acciones cargado correctamente
2025-07-02 17:15:45 - rasa_sdk.executor - INFO - register_function:204 - Registered function for 'action_test_connection'.
2025-07-02 17:15:45 - rasa_sdk.executor - INFO - register_function:204 - Registered function for 'action_get_system_status'.
2025-07-02 17:15:45 - rasa_sdk.executor - INFO - register_function:204 - Registered function for 'action_validate_input'.
2025-07-02 17:15:45 - rasa_sdk.executor - INFO - register_function:204 - Registered function for 'action_handle_error'.
2025-07-02 17:15:45 - rasa_sdk.executor - INFO - register_function:204 - Registered function for 'action_fallback'.
2025-07-02 17:15:45 - rasa_sdk.executor - INFO - register_function:204 - Registered function for 'action_init_context'.
2025-07-02 17:15:45 - rasa_sdk.executor - INFO - register_function:204 - Registered function for 'action_format_date'.
2025-07-02 17:15:45 - rasa_sdk.executor - INFO - register_function:204 - Registered function for 'action_cancel_appointment'.
2025-07-02 17:15:45 - rasa_sdk.executor - INFO - register_function:204 - Registered function for 'action_confirm_appointment'.
2025-07-02 17:15:45 - rasa_sdk.endpoint - INFO - run:161 - Starting plugins...
2025-07-02 17:15:45 - rasa_sdk.endpoint - INFO - run:167 - Action endpoint is up and running on http://0.0.0.0:5055
2025-07-02 17:15:58 - actions.utils - INFO - log_request_info:190 - Ejecutando action_init_context para usuario: 1
2025-07-02 17:15:58 - actions.actions - INFO - run:502 - Slot actualizado: nombre_paciente = Manuel Castillo Vicuña
2025-07-02 17:15:58 - actions.actions - INFO - run:502 - Slot actualizado: id_especialidad = d76fee22-6a38-43ef-b824-a60d001fe940
2025-07-02 17:15:58 - actions.actions - INFO - run:502 - Slot actualizado: especialidad = MEDICINA GENERAL ADULTO
2025-07-02 17:15:58 - actions.actions - INFO - run:502 - Slot actualizado: fecha_hora = 2025-07-02T190000-0400
2025-07-02 17:15:58 - actions.actions - INFO - run:502 - Slot actualizado: id_centro_medico = c7e1f17b-45c6-45e0-b981-a5f800212bef
2025-07-02 17:15:58 - actions.actions - INFO - run:502 - Slot actualizado: centro_medico = RedSalud Alameda
2025-07-02 17:15:58 - actions.actions - INFO - run:502 - Slot actualizado: centro_medico_address = San Martin 30 ,Santiago
2025-07-02 17:15:58 - actions.actions - INFO - run:502 - Slot actualizado: centro_medico_google = httpsgoo.glmapsT7iNCdZcQc35gbp58
2025-07-02 17:15:58 - actions.actions - INFO - run:502 - Slot actualizado: centro_medico_comuna = Santiago
2025-07-02 17:15:58 - actions.actions - INFO - run:502 - Slot actualizado: area_medica = Médica
2025-07-02 17:15:58 - actions.actions - INFO - run:502 - Slot actualizado: conversation_id = 70fc2fdd-1721-4439-bf6e-b30e010acec7
2025-07-02 17:15:58 - actions.actions - INFO - run:502 - Slot actualizado: appointment_id = 70fc2fdd-1721-4439-bf6e-b30e010acec7
2025-07-02 17:15:58 - actions.actions - INFO - run:502 - Slot actualizado: bot_name = BOT DEV
2025-07-02 17:15:58 - actions.actions - INFO - run:502 - Slot actualizado: campaign_name = confirmacion
2025-07-02 17:15:58 - actions.actions - INFO - run:502 - Slot actualizado: phone_number = 56964058510
2025-07-02 17:15:58 - actions.actions - INFO - run:502 - Slot actualizado: preparations = True
2025-07-02 17:15:58 - actions.actions - INFO - run:502 - Slot actualizado: tipo_mensaje = Confirmacion
2025-07-02 17:15:58 - actions.actions - INFO - run:502 - Slot actualizado: centro_medico_tipo = Clínica
2025-07-02 17:15:58 - actions.actions - INFO - run:502 - Slot actualizado: preparation_url = httpsdrive.google.comfiled13-7QlkXRg3-lVsDCe0LCdVDhw3FsJfASviewuspdrive_link
2025-07-02 17:15:58 - actions.actions - INFO - run:502 - Slot actualizado: resource_name = Celeste Olivia Borie Polanco
2025-07-02 17:15:58 - actions.actions - INFO - run:502 - Slot actualizado: status = ready to send
2025-07-02 17:15:58 - actions.actions - INFO - run:506 - Contexto configurado como: confirmación
2025-07-02 17:15:58 - actions.actions - INFO - run:517 - Fecha formateada: 02/07/2025 a las 19:00
2025-07-02 17:15:58 - actions.actions - INFO - run:552 - Contexto inicializado exitosamente para usuario: 1
2025-07-02 17:16:11 - actions.utils - INFO - log_request_info:190 - Ejecutando action_cancel_appointment para usuario: 1
2025-07-02 17:16:11 - actions.actions - INFO - obtener_access_token:101 - Solicitando token de acceso a https://redsalud-qa.apigee.net/oauth/token
2025-07-02 17:16:11 - actions.actions - INFO - obtener_access_token:102 - Client ID: 4tu0...
2025-07-02 17:16:11 - actions.actions - INFO - obtener_access_token:120 - Token de acceso obtenido exitosamente, expira en 2025-07-02 18:01:10.075450
2025-07-02 17:16:11 - actions.actions - INFO - cancel_appointment:213 - Solicitando cancelación de cita 70fc2fdd-1721-4439-bf6e-b30e010acec7
2025-07-02 17:16:12 - actions.actions - ERROR - cancel_appointment:226 - Error al cancelar cita: 400 - {
  "error":{
    "code":"","message":"The request is invalid.","innererror":{
      "message":"parameters : An error has occurred.\r\n","type":"","stacktrace":""
    }
  }
}
2025-07-02 17:16:12 - actions.actions - ERROR - run:666 - Error cancelando cita en Apigee: Error 400: {
  "error":{
    "code":"","message":"The request is invalid.","innererror":{
      "message":"parameters : An error has occurred.\r\n","type":"","stacktrace":""
    }
  }
}
2025-07-02 17:16:12 - actions.actions - INFO - run:674 - Cita cancelada para Manuel Castillo Vicuña el 2025-07-02T190000-0400 con Celeste Olivia Borie Polanco en RedSalud Alameda
2025-07-02 17:16:12 - actions.actions - INFO - run:677 - Cita cancelada exitosamente para usuario: 1
2025-07-02 17:21:48 - root - INFO - setup_logging:89 - Logging configurado - Nivel: INFO, Archivo: bot_confirmaciones.log
2025-07-02 17:21:48 - root - INFO - setup_logging:90 - Bot de confirmaciones iniciando...
2025-07-02 17:21:49 - actions.database - INFO - _initialize_pool:47 - Pool de conexiones PostgreSQL inicializado correctamente
2025-07-02 17:21:49 - actions.actions - INFO - <module>:42 - APIGEE_API_URL: https://redsalud-qa.apigee.net
2025-07-02 17:21:49 - actions.actions - INFO - <module>:43 - APIGEE_USERNAME: 4tu0...
2025-07-02 17:21:49 - actions.actions - INFO - <module>:44 - APIGEE_PASSWORD: Configurado
2025-07-02 17:21:49 - actions - INFO - <module>:25 - Módulo de acciones cargado correctamente
2025-07-02 17:21:49 - rasa_sdk.executor - INFO - register_function:204 - Registered function for 'action_test_connection'.
2025-07-02 17:21:49 - rasa_sdk.executor - INFO - register_function:204 - Registered function for 'action_get_system_status'.
2025-07-02 17:21:49 - rasa_sdk.executor - INFO - register_function:204 - Registered function for 'action_validate_input'.
2025-07-02 17:21:49 - rasa_sdk.executor - INFO - register_function:204 - Registered function for 'action_handle_error'.
2025-07-02 17:21:49 - rasa_sdk.executor - INFO - register_function:204 - Registered function for 'action_fallback'.
2025-07-02 17:21:49 - rasa_sdk.executor - INFO - register_function:204 - Registered function for 'action_init_context'.
2025-07-02 17:21:49 - rasa_sdk.executor - INFO - register_function:204 - Registered function for 'action_format_date'.
2025-07-02 17:21:49 - rasa_sdk.executor - INFO - register_function:204 - Registered function for 'action_cancel_appointment'.
2025-07-02 17:21:49 - rasa_sdk.executor - INFO - register_function:204 - Registered function for 'action_confirm_appointment'.
2025-07-02 17:21:49 - rasa_sdk.endpoint - INFO - run:161 - Starting plugins...
2025-07-02 17:21:49 - rasa_sdk.endpoint - INFO - run:167 - Action endpoint is up and running on http://0.0.0.0:5055
2025-07-02 17:24:16 - actions.utils - INFO - log_request_info:190 - Ejecutando action_init_context para usuario: 1
2025-07-02 17:24:16 - actions.actions - INFO - run:502 - Slot actualizado: nombre_paciente = Manuel Castillo Vicuña
2025-07-02 17:24:16 - actions.actions - INFO - run:502 - Slot actualizado: id_especialidad = d76fee22-6a38-43ef-b824-a60d001fe940
2025-07-02 17:24:16 - actions.actions - INFO - run:502 - Slot actualizado: especialidad = MEDICINA GENERAL ADULTO
2025-07-02 17:24:16 - actions.actions - INFO - run:502 - Slot actualizado: fecha_hora = 2025-07-02T190000-0400
2025-07-02 17:24:16 - actions.actions - INFO - run:502 - Slot actualizado: id_centro_medico = c7e1f17b-45c6-45e0-b981-a5f800212bef
2025-07-02 17:24:16 - actions.actions - INFO - run:502 - Slot actualizado: centro_medico = RedSalud Alameda
2025-07-02 17:24:16 - actions.actions - INFO - run:502 - Slot actualizado: centro_medico_address = San Martin 30 ,Santiago
2025-07-02 17:24:16 - actions.actions - INFO - run:502 - Slot actualizado: centro_medico_google = httpsgoo.glmapsT7iNCdZcQc35gbp58
2025-07-02 17:24:16 - actions.actions - INFO - run:502 - Slot actualizado: centro_medico_comuna = Santiago
2025-07-02 17:24:16 - actions.actions - INFO - run:502 - Slot actualizado: area_medica = Médica
2025-07-02 17:24:16 - actions.actions - INFO - run:502 - Slot actualizado: conversation_id = 70fc2fdd-1721-4439-bf6e-b30e010acec7
2025-07-02 17:24:16 - actions.actions - INFO - run:502 - Slot actualizado: appointment_id = 70fc2fdd-1721-4439-bf6e-b30e010acec7
2025-07-02 17:24:16 - actions.actions - INFO - run:502 - Slot actualizado: bot_name = BOT DEV
2025-07-02 17:24:16 - actions.actions - INFO - run:502 - Slot actualizado: campaign_name = confirmacion
2025-07-02 17:24:16 - actions.actions - INFO - run:502 - Slot actualizado: phone_number = 56964058510
2025-07-02 17:24:16 - actions.actions - INFO - run:502 - Slot actualizado: preparations = True
2025-07-02 17:24:16 - actions.actions - INFO - run:502 - Slot actualizado: tipo_mensaje = Confirmacion
2025-07-02 17:24:16 - actions.actions - INFO - run:502 - Slot actualizado: centro_medico_tipo = Clínica
2025-07-02 17:24:16 - actions.actions - INFO - run:502 - Slot actualizado: preparation_url = httpsdrive.google.comfiled13-7QlkXRg3-lVsDCe0LCdVDhw3FsJfASviewuspdrive_link
2025-07-02 17:24:16 - actions.actions - INFO - run:502 - Slot actualizado: resource_name = Celeste Olivia Borie Polanco
2025-07-02 17:24:16 - actions.actions - INFO - run:502 - Slot actualizado: status = ready to send
2025-07-02 17:24:16 - actions.actions - INFO - run:506 - Contexto configurado como: confirmación
2025-07-02 17:24:16 - actions.actions - INFO - run:517 - Fecha formateada: 02/07/2025 a las 19:00
2025-07-02 17:24:16 - actions.actions - INFO - run:552 - Contexto inicializado exitosamente para usuario: 1
2025-07-02 17:24:33 - actions.utils - INFO - log_request_info:190 - Ejecutando action_cancel_appointment para usuario: 1
2025-07-02 17:24:33 - actions.actions - INFO - obtener_access_token:101 - Solicitando token de acceso a https://redsalud-qa.apigee.net/oauth/token
2025-07-02 17:24:33 - actions.actions - INFO - obtener_access_token:102 - Client ID: 4tu0...
2025-07-02 17:24:34 - actions.actions - INFO - obtener_access_token:120 - Token de acceso obtenido exitosamente, expira en 2025-07-02 18:09:32.745527
2025-07-02 17:24:34 - actions.actions - INFO - cancel_appointment:213 - Solicitando cancelación de cita 70fc2fdd-1721-4439-bf6e-b30e010acec7
2025-07-02 17:24:35 - actions.actions - ERROR - cancel_appointment:226 - Error al cancelar cita: 400 - {
  "error":{
    "code":"","message":"The request is invalid.","innererror":{
      "message":"parameters : An error has occurred.\r\n","type":"","stacktrace":""
    }
  }
}
2025-07-02 17:24:35 - actions.actions - ERROR - run:666 - Error cancelando cita en Apigee: Error 400: {
  "error":{
    "code":"","message":"The request is invalid.","innererror":{
      "message":"parameters : An error has occurred.\r\n","type":"","stacktrace":""
    }
  }
}
2025-07-02 17:24:35 - actions.actions - INFO - run:669 - Cancelación fallida para usuario: 1
2025-07-02 17:26:31 - root - INFO - setup_logging:89 - Logging configurado - Nivel: INFO, Archivo: bot_confirmaciones.log
2025-07-02 17:26:31 - root - INFO - setup_logging:90 - Bot de confirmaciones iniciando...
2025-07-02 17:26:32 - actions.database - INFO - _initialize_pool:47 - Pool de conexiones PostgreSQL inicializado correctamente
2025-07-02 17:26:32 - actions.actions - INFO - <module>:42 - APIGEE_API_URL: https://redsalud-qa.apigee.net
2025-07-02 17:26:32 - actions.actions - INFO - <module>:43 - APIGEE_USERNAME: 4tu0...
2025-07-02 17:26:32 - actions.actions - INFO - <module>:44 - APIGEE_PASSWORD: Configurado
2025-07-02 17:26:32 - actions - INFO - <module>:25 - Módulo de acciones cargado correctamente
2025-07-02 17:26:32 - rasa_sdk.executor - INFO - register_function:204 - Registered function for 'action_test_connection'.
2025-07-02 17:26:32 - rasa_sdk.executor - INFO - register_function:204 - Registered function for 'action_get_system_status'.
2025-07-02 17:26:32 - rasa_sdk.executor - INFO - register_function:204 - Registered function for 'action_validate_input'.
2025-07-02 17:26:32 - rasa_sdk.executor - INFO - register_function:204 - Registered function for 'action_handle_error'.
2025-07-02 17:26:32 - rasa_sdk.executor - INFO - register_function:204 - Registered function for 'action_fallback'.
2025-07-02 17:26:32 - rasa_sdk.executor - INFO - register_function:204 - Registered function for 'action_init_context'.
2025-07-02 17:26:32 - rasa_sdk.executor - INFO - register_function:204 - Registered function for 'action_format_date'.
2025-07-02 17:26:32 - rasa_sdk.executor - INFO - register_function:204 - Registered function for 'action_cancel_appointment'.
2025-07-02 17:26:32 - rasa_sdk.executor - INFO - register_function:204 - Registered function for 'action_confirm_appointment'.
2025-07-02 17:26:32 - rasa_sdk.endpoint - INFO - run:161 - Starting plugins...
2025-07-02 17:26:32 - rasa_sdk.endpoint - INFO - run:167 - Action endpoint is up and running on http://0.0.0.0:5055
2025-07-02 17:27:29 - actions.utils - INFO - log_request_info:190 - Ejecutando action_init_context para usuario: 1
2025-07-02 17:27:29 - actions.actions - INFO - run:502 - Slot actualizado: nombre_paciente = Manuel Castillo Vicuña
2025-07-02 17:27:29 - actions.actions - INFO - run:502 - Slot actualizado: id_especialidad = d76fee22-6a38-43ef-b824-a60d001fe940
2025-07-02 17:27:29 - actions.actions - INFO - run:502 - Slot actualizado: especialidad = MEDICINA GENERAL ADULTO
2025-07-02 17:27:29 - actions.actions - INFO - run:502 - Slot actualizado: fecha_hora = 2025-07-02T190000-0400
2025-07-02 17:27:29 - actions.actions - INFO - run:502 - Slot actualizado: id_centro_medico = c7e1f17b-45c6-45e0-b981-a5f800212bef
2025-07-02 17:27:29 - actions.actions - INFO - run:502 - Slot actualizado: centro_medico = RedSalud Alameda
2025-07-02 17:27:29 - actions.actions - INFO - run:502 - Slot actualizado: centro_medico_address = San Martin 30 ,Santiago
2025-07-02 17:27:29 - actions.actions - INFO - run:502 - Slot actualizado: centro_medico_google = httpsgoo.glmapsT7iNCdZcQc35gbp58
2025-07-02 17:27:29 - actions.actions - INFO - run:502 - Slot actualizado: centro_medico_comuna = Santiago
2025-07-02 17:27:29 - actions.actions - INFO - run:502 - Slot actualizado: area_medica = Médica
2025-07-02 17:27:29 - actions.actions - INFO - run:502 - Slot actualizado: conversation_id = 70fc2fdd-1721-4439-bf6e-b30e010acec7
2025-07-02 17:27:29 - actions.actions - INFO - run:502 - Slot actualizado: appointment_id = 70fc2fdd-1721-4439-bf6e-b30e010acec7
2025-07-02 17:27:29 - actions.actions - INFO - run:502 - Slot actualizado: bot_name = BOT DEV
2025-07-02 17:27:29 - actions.actions - INFO - run:502 - Slot actualizado: campaign_name = confirmacion
2025-07-02 17:27:29 - actions.actions - INFO - run:502 - Slot actualizado: phone_number = 56964058510
2025-07-02 17:27:29 - actions.actions - INFO - run:502 - Slot actualizado: preparations = True
2025-07-02 17:27:29 - actions.actions - INFO - run:502 - Slot actualizado: tipo_mensaje = Confirmacion
2025-07-02 17:27:29 - actions.actions - INFO - run:502 - Slot actualizado: centro_medico_tipo = Clínica
2025-07-02 17:27:29 - actions.actions - INFO - run:502 - Slot actualizado: preparation_url = httpsdrive.google.comfiled13-7QlkXRg3-lVsDCe0LCdVDhw3FsJfASviewuspdrive_link
2025-07-02 17:27:29 - actions.actions - INFO - run:502 - Slot actualizado: resource_name = Celeste Olivia Borie Polanco
2025-07-02 17:27:29 - actions.actions - INFO - run:502 - Slot actualizado: status = ready to send
2025-07-02 17:27:29 - actions.actions - INFO - run:506 - Contexto configurado como: confirmación
2025-07-02 17:27:29 - actions.actions - INFO - run:517 - Fecha formateada: 02/07/2025 a las 19:00
2025-07-02 17:27:29 - actions.actions - INFO - run:552 - Contexto inicializado exitosamente para usuario: 1
2025-07-02 17:27:40 - actions.utils - INFO - log_request_info:190 - Ejecutando action_cancel_appointment para usuario: 1
2025-07-02 17:27:40 - actions.actions - INFO - obtener_access_token:101 - Solicitando token de acceso a https://redsalud-qa.apigee.net/oauth/token
2025-07-02 17:27:40 - actions.actions - INFO - obtener_access_token:102 - Client ID: 4tu0...
2025-07-02 17:27:40 - actions.actions - INFO - obtener_access_token:120 - Token de acceso obtenido exitosamente, expira en 2025-07-02 18:12:39.012297
2025-07-02 17:27:40 - actions.actions - INFO - cancel_appointment:213 - Solicitando cancelación de cita 70fc2fdd-1721-4439-bf6e-b30e010acec7
2025-07-02 17:27:41 - actions.actions - ERROR - cancel_appointment:226 - Error al cancelar cita: 400 - {
  "error":{
    "code":"","message":"The request is invalid.","innererror":{
      "message":"parameters : An error has occurred.\r\n","type":"","stacktrace":""
    }
  }
}
2025-07-02 17:27:41 - actions.actions - ERROR - run:666 - Error cancelando cita en Apigee: Error 400: {
  "error":{
    "code":"","message":"The request is invalid.","innererror":{
      "message":"parameters : An error has occurred.\r\n","type":"","stacktrace":""
    }
  }
}
2025-07-02 17:27:41 - actions.actions - INFO - run:669 - Cancelación fallida para usuario: 1
2025-07-02 17:28:13 - actions.utils - INFO - log_request_info:190 - Ejecutando action_init_context para usuario: 2
2025-07-02 17:28:13 - actions.actions - INFO - run:502 - Slot actualizado: nombre_paciente = Manuel Castillo Vicuña
2025-07-02 17:28:13 - actions.actions - INFO - run:502 - Slot actualizado: id_especialidad = d76fee22-6a38-43ef-b824-a60d001fe940
2025-07-02 17:28:13 - actions.actions - INFO - run:502 - Slot actualizado: especialidad = MEDICINA GENERAL ADULTO
2025-07-02 17:28:13 - actions.actions - INFO - run:502 - Slot actualizado: fecha_hora = 2025-07-02T190000-0400
2025-07-02 17:28:13 - actions.actions - INFO - run:502 - Slot actualizado: id_centro_medico = c7e1f17b-45c6-45e0-b981-a5f800212bef
2025-07-02 17:28:13 - actions.actions - INFO - run:502 - Slot actualizado: centro_medico = RedSalud Alameda
2025-07-02 17:28:13 - actions.actions - INFO - run:502 - Slot actualizado: centro_medico_address = San Martin 30 ,Santiago
2025-07-02 17:28:13 - actions.actions - INFO - run:502 - Slot actualizado: centro_medico_google = httpsgoo.glmapsT7iNCdZcQc35gbp58
2025-07-02 17:28:13 - actions.actions - INFO - run:502 - Slot actualizado: centro_medico_comuna = Santiago
2025-07-02 17:28:13 - actions.actions - INFO - run:502 - Slot actualizado: area_medica = Médica
2025-07-02 17:28:13 - actions.actions - INFO - run:502 - Slot actualizado: conversation_id = 70fc2fdd-1721-4439-bf6e-b30e010acec7
2025-07-02 17:28:13 - actions.actions - INFO - run:502 - Slot actualizado: appointment_id = 70fc2fdd-1721-4439-bf6e-b30e010acec7
2025-07-02 17:28:13 - actions.actions - INFO - run:502 - Slot actualizado: bot_name = BOT DEV
2025-07-02 17:28:13 - actions.actions - INFO - run:502 - Slot actualizado: campaign_name = confirmacion
2025-07-02 17:28:13 - actions.actions - INFO - run:502 - Slot actualizado: phone_number = 56964058510
2025-07-02 17:28:13 - actions.actions - INFO - run:502 - Slot actualizado: preparations = True
2025-07-02 17:28:13 - actions.actions - INFO - run:502 - Slot actualizado: tipo_mensaje = Confirmacion
2025-07-02 17:28:13 - actions.actions - INFO - run:502 - Slot actualizado: centro_medico_tipo = Clínica
2025-07-02 17:28:13 - actions.actions - INFO - run:502 - Slot actualizado: preparation_url = httpsdrive.google.comfiled13-7QlkXRg3-lVsDCe0LCdVDhw3FsJfASviewuspdrive_link
2025-07-02 17:28:13 - actions.actions - INFO - run:502 - Slot actualizado: resource_name = Celeste Olivia Borie Polanco
2025-07-02 17:28:13 - actions.actions - INFO - run:502 - Slot actualizado: status = ready to send
2025-07-02 17:28:13 - actions.actions - INFO - run:506 - Contexto configurado como: confirmación
2025-07-02 17:28:13 - actions.actions - INFO - run:517 - Fecha formateada: 02/07/2025 a las 19:00
2025-07-02 17:28:13 - actions.actions - INFO - run:552 - Contexto inicializado exitosamente para usuario: 2
2025-07-02 17:28:31 - actions.utils - INFO - log_request_info:190 - Ejecutando action_confirm_appointment para usuario: 2
2025-07-02 17:28:31 - actions.actions - INFO - obtener_access_token:67 - Usando token de acceso en caché
2025-07-02 17:28:31 - actions.actions - INFO - confirm_appointment:165 - Solicitando confirmación de cita 70fc2fdd-1721-4439-bf6e-b30e010acec7
2025-07-02 17:28:33 - actions.actions - ERROR - confirm_appointment:176 - Error al confirmar cita: 400 - {
  "error":{
    "code":"","message":"Status transition not allowed!"
  }
}
2025-07-02 17:28:33 - actions.actions - ERROR - run:742 - Error confirmando cita en Apigee: Error 400: {
  "error":{
    "code":"","message":"Status transition not allowed!"
  }
}
2025-07-02 17:28:33 - actions.actions - INFO - run:745 - Confirmación fallida para usuario: 2
2025-07-02 21:43:03 - root - INFO - setup_logging:89 - Logging configurado - Nivel: INFO, Archivo: bot_confirmaciones.log
2025-07-02 21:43:03 - root - INFO - setup_logging:90 - Bot de confirmaciones iniciando...
2025-07-02 21:43:04 - actions.database - INFO - _initialize_pool:47 - Pool de conexiones PostgreSQL inicializado correctamente
2025-07-02 21:43:05 - actions.actions - INFO - <module>:42 - APIGEE_API_URL: https://redsalud-qa.apigee.net
2025-07-02 21:43:05 - actions.actions - INFO - <module>:43 - APIGEE_USERNAME: 4tu0...
2025-07-02 21:43:05 - actions.actions - INFO - <module>:44 - APIGEE_PASSWORD: Configurado
2025-07-02 21:43:05 - actions - INFO - <module>:26 - Módulo de acciones cargado correctamente
2025-07-02 21:43:05 - rasa_sdk.executor - INFO - register_function:204 - Registered function for 'action_test_connection'.
2025-07-02 21:43:05 - rasa_sdk.executor - INFO - register_function:204 - Registered function for 'action_get_system_status'.
2025-07-02 21:43:05 - rasa_sdk.executor - INFO - register_function:204 - Registered function for 'action_validate_input'.
2025-07-02 21:43:05 - rasa_sdk.executor - INFO - register_function:204 - Registered function for 'action_handle_error'.
2025-07-02 21:43:05 - rasa_sdk.executor - INFO - register_function:204 - Registered function for 'action_fallback'.
2025-07-02 21:43:05 - rasa_sdk.executor - INFO - register_function:204 - Registered function for 'action_init_context'.
2025-07-02 21:43:05 - rasa_sdk.executor - INFO - register_function:204 - Registered function for 'action_format_date'.
2025-07-02 21:43:05 - rasa_sdk.executor - INFO - register_function:204 - Registered function for 'action_cancel_appointment'.
2025-07-02 21:43:05 - rasa_sdk.executor - INFO - register_function:204 - Registered function for 'action_confirm_appointment'.
2025-07-02 21:43:05 - rasa_sdk.endpoint - INFO - run:161 - Starting plugins...
2025-07-02 21:43:05 - rasa_sdk.endpoint - INFO - run:167 - Action endpoint is up and running on http://0.0.0.0:5055
2025-07-02 21:43:13 - actions.utils - INFO - log_request_info:190 - Ejecutando action_init_context para usuario: 2
2025-07-02 21:43:13 - actions.actions - INFO - run:502 - Slot actualizado: nombre_paciente = Manuel Castillo Vicuña
2025-07-02 21:43:13 - actions.actions - INFO - run:502 - Slot actualizado: id_especialidad = d76fee22-6a38-43ef-b824-a60d001fe940
2025-07-02 21:43:13 - actions.actions - INFO - run:502 - Slot actualizado: especialidad = MEDICINA GENERAL ADULTO
2025-07-02 21:43:13 - actions.actions - INFO - run:502 - Slot actualizado: fecha_hora = 2025-07-02T190000-0400
2025-07-02 21:43:13 - actions.actions - INFO - run:502 - Slot actualizado: id_centro_medico = c7e1f17b-45c6-45e0-b981-a5f800212bef
2025-07-02 21:43:13 - actions.actions - INFO - run:502 - Slot actualizado: centro_medico = RedSalud Alameda
2025-07-02 21:43:13 - actions.actions - INFO - run:502 - Slot actualizado: centro_medico_address = San Martin 30 ,Santiago
2025-07-02 21:43:13 - actions.actions - INFO - run:502 - Slot actualizado: centro_medico_google = httpsgoo.glmapsT7iNCdZcQc35gbp58
2025-07-02 21:43:13 - actions.actions - INFO - run:502 - Slot actualizado: centro_medico_comuna = Santiago
2025-07-02 21:43:13 - actions.actions - INFO - run:502 - Slot actualizado: area_medica = Médica
2025-07-02 21:43:13 - actions.actions - INFO - run:502 - Slot actualizado: conversation_id = 70fc2fdd-1721-4439-bf6e-b30e010acec7
2025-07-02 21:43:13 - actions.actions - INFO - run:502 - Slot actualizado: appointment_id = 70fc2fdd-1721-4439-bf6e-b30e010acec7
2025-07-02 21:43:13 - actions.actions - INFO - run:502 - Slot actualizado: bot_name = BOT DEV
2025-07-02 21:43:13 - actions.actions - INFO - run:502 - Slot actualizado: campaign_name = confirmacion
2025-07-02 21:43:13 - actions.actions - INFO - run:502 - Slot actualizado: phone_number = 56964058510
2025-07-02 21:43:13 - actions.actions - INFO - run:502 - Slot actualizado: preparations = True
2025-07-02 21:43:13 - actions.actions - INFO - run:502 - Slot actualizado: tipo_mensaje = Confirmacion
2025-07-02 21:43:13 - actions.actions - INFO - run:502 - Slot actualizado: centro_medico_tipo = Clínica
2025-07-02 21:43:13 - actions.actions - INFO - run:502 - Slot actualizado: preparation_url = httpsdrive.google.comfiled13-7QlkXRg3-lVsDCe0LCdVDhw3FsJfASviewuspdrive_link
2025-07-02 21:43:13 - actions.actions - INFO - run:502 - Slot actualizado: resource_name = Celeste Olivia Borie Polanco
2025-07-02 21:43:13 - actions.actions - INFO - run:502 - Slot actualizado: status = ready to send
2025-07-02 21:43:13 - actions.actions - INFO - run:506 - Contexto configurado como: confirmación
2025-07-02 21:43:13 - actions.actions - INFO - run:517 - Fecha formateada: 02/07/2025 a las 19:00
2025-07-02 21:43:13 - actions.actions - INFO - run:552 - Contexto inicializado exitosamente para usuario: 2
2025-07-02 21:43:36 - actions.utils - INFO - log_request_info:190 - Ejecutando action_confirm_appointment para usuario: 2
2025-07-02 21:43:36 - actions.actions - INFO - obtener_access_token:101 - Solicitando token de acceso a https://redsalud-qa.apigee.net/oauth/token
2025-07-02 21:43:36 - actions.actions - INFO - obtener_access_token:102 - Client ID: 4tu0...
2025-07-02 21:43:36 - actions.actions - INFO - obtener_access_token:120 - Token de acceso obtenido exitosamente, expira en 2025-07-02 22:28:35.057508
2025-07-02 21:43:36 - actions.actions - INFO - confirm_appointment:165 - Solicitando confirmación de cita 70fc2fdd-1721-4439-bf6e-b30e010acec7
2025-07-02 21:44:33 - actions.actions - ERROR - confirm_appointment:176 - Error al confirmar cita: 504 - <!DOCTYPE html>
<html>
<head>
<title>Error</title>
<style>
    body {
        width: 35em;
        margin: 0 auto;
        font-family: Tahoma, Verdana, Arial, sans-serif;
    }
</style>
</head>
<body>
<h1>An error occurred.</h1>
<p>Sorry, the page you are looking for is currently unavailable.<br/>
Please try again later.</p>
</body>
</html>

2025-07-02 21:44:33 - actions.actions - ERROR - run:742 - Error confirmando cita en Apigee: Error 504: <!DOCTYPE html>
<html>
<head>
<title>Error</title>
<style>
    body {
        width: 35em;
        margin: 0 auto;
        font-family: Tahoma, Verdana, Arial, sans-serif;
    }
</style>
</head>
<body>
<h1>An error occurred.</h1>
<p>Sorry, the page you are looking for is currently unavailable.<br/>
Please try again later.</p>
</body>
</html>

2025-07-02 21:44:33 - actions.actions - INFO - run:745 - Confirmación fallida para usuario: 2
2025-07-02 22:04:52 - root - INFO - setup_logging:89 - Logging configurado - Nivel: INFO, Archivo: bot_confirmaciones.log
2025-07-02 22:04:52 - root - INFO - setup_logging:90 - Bot de confirmaciones iniciando...
2025-07-02 22:04:53 - actions.database - INFO - _initialize_pool:47 - Pool de conexiones PostgreSQL inicializado correctamente
2025-07-02 22:04:53 - actions.actions - INFO - <module>:42 - APIGEE_API_URL: https://redsalud-qa.apigee.net
2025-07-02 22:04:53 - actions.actions - INFO - <module>:43 - APIGEE_USERNAME: 4tu0...
2025-07-02 22:04:53 - actions.actions - INFO - <module>:44 - APIGEE_PASSWORD: Configurado
2025-07-02 22:04:53 - actions - INFO - <module>:26 - Módulo de acciones cargado correctamente
2025-07-02 22:04:53 - rasa_sdk.executor - INFO - register_function:204 - Registered function for 'action_test_connection'.
2025-07-02 22:04:53 - rasa_sdk.executor - INFO - register_function:204 - Registered function for 'action_get_system_status'.
2025-07-02 22:04:53 - rasa_sdk.executor - INFO - register_function:204 - Registered function for 'action_validate_input'.
2025-07-02 22:04:53 - rasa_sdk.executor - INFO - register_function:204 - Registered function for 'action_handle_error'.
2025-07-02 22:04:53 - rasa_sdk.executor - INFO - register_function:204 - Registered function for 'action_fallback'.
2025-07-02 22:04:53 - rasa_sdk.executor - INFO - register_function:204 - Registered function for 'action_init_context'.
2025-07-02 22:04:53 - rasa_sdk.executor - INFO - register_function:204 - Registered function for 'action_format_date'.
2025-07-02 22:04:53 - rasa_sdk.executor - INFO - register_function:204 - Registered function for 'action_cancel_appointment'.
2025-07-02 22:04:53 - rasa_sdk.executor - INFO - register_function:204 - Registered function for 'action_confirm_appointment'.
2025-07-02 22:04:53 - rasa_sdk.endpoint - INFO - run:161 - Starting plugins...
2025-07-02 22:04:53 - rasa_sdk.endpoint - INFO - run:167 - Action endpoint is up and running on http://0.0.0.0:5055
2025-07-02 22:15:30 - actions.utils - INFO - log_request_info:190 - Ejecutando action_fallback para usuario: 43
2025-07-02 22:15:52 - actions.utils - INFO - log_request_info:190 - Ejecutando action_init_context para usuario: 2
2025-07-02 22:15:52 - actions.actions - INFO - run:502 - Slot actualizado: nombre_paciente = Manuel Castillo Vicuña
2025-07-02 22:15:52 - actions.actions - INFO - run:502 - Slot actualizado: id_especialidad = d76fee22-6a38-43ef-b824-a60d001fe940
2025-07-02 22:15:52 - actions.actions - INFO - run:502 - Slot actualizado: especialidad = MEDICINA GENERAL ADULTO
2025-07-02 22:15:52 - actions.actions - INFO - run:502 - Slot actualizado: fecha_hora = 2025-07-02T190000-0400
2025-07-02 22:15:52 - actions.actions - INFO - run:502 - Slot actualizado: id_centro_medico = c7e1f17b-45c6-45e0-b981-a5f800212bef
2025-07-02 22:15:52 - actions.actions - INFO - run:502 - Slot actualizado: centro_medico = RedSalud Alameda
2025-07-02 22:15:52 - actions.actions - INFO - run:502 - Slot actualizado: centro_medico_address = San Martin 30 ,Santiago
2025-07-02 22:15:52 - actions.actions - INFO - run:502 - Slot actualizado: centro_medico_google = httpsgoo.glmapsT7iNCdZcQc35gbp58
2025-07-02 22:15:52 - actions.actions - INFO - run:502 - Slot actualizado: centro_medico_comuna = Santiago
2025-07-02 22:15:52 - actions.actions - INFO - run:502 - Slot actualizado: area_medica = Médica
2025-07-02 22:15:52 - actions.actions - INFO - run:502 - Slot actualizado: conversation_id = 70fc2fdd-1721-4439-bf6e-b30e010acec7
2025-07-02 22:15:52 - actions.actions - INFO - run:502 - Slot actualizado: appointment_id = 70fc2fdd-1721-4439-bf6e-b30e010acec7
2025-07-02 22:15:52 - actions.actions - INFO - run:502 - Slot actualizado: bot_name = BOT DEV
2025-07-02 22:15:52 - actions.actions - INFO - run:502 - Slot actualizado: campaign_name = confirmacion
2025-07-02 22:15:52 - actions.actions - INFO - run:502 - Slot actualizado: phone_number = 56964058510
2025-07-02 22:15:52 - actions.actions - INFO - run:502 - Slot actualizado: preparations = True
2025-07-02 22:15:52 - actions.actions - INFO - run:502 - Slot actualizado: tipo_mensaje = Confirmacion
2025-07-02 22:15:52 - actions.actions - INFO - run:502 - Slot actualizado: centro_medico_tipo = Clínica
2025-07-02 22:15:52 - actions.actions - INFO - run:502 - Slot actualizado: preparation_url = httpsdrive.google.comfiled13-7QlkXRg3-lVsDCe0LCdVDhw3FsJfASviewuspdrive_link
2025-07-02 22:15:52 - actions.actions - INFO - run:502 - Slot actualizado: resource_name = Celeste Olivia Borie Polanco
2025-07-02 22:15:52 - actions.actions - INFO - run:502 - Slot actualizado: status = ready to send
2025-07-02 22:15:52 - actions.actions - INFO - run:506 - Contexto configurado como: confirmación
2025-07-02 22:15:52 - actions.actions - INFO - run:517 - Fecha formateada: 02/07/2025 a las 19:00
2025-07-02 22:15:52 - actions.actions - INFO - run:552 - Contexto inicializado exitosamente para usuario: 2
2025-07-02 22:16:10 - actions.utils - INFO - log_request_info:190 - Ejecutando action_cancel_appointment para usuario: 2
2025-07-02 22:16:10 - actions.actions - INFO - obtener_access_token:101 - Solicitando token de acceso a https://redsalud-qa.apigee.net/oauth/token
2025-07-02 22:16:10 - actions.actions - INFO - obtener_access_token:102 - Client ID: 4tu0...
2025-07-02 22:16:10 - actions.actions - INFO - obtener_access_token:120 - Token de acceso obtenido exitosamente, expira en 2025-07-02 23:01:09.553414
2025-07-02 22:16:10 - actions.actions - INFO - cancel_appointment:213 - Solicitando cancelación de cita 70fc2fdd-1721-4439-bf6e-b30e010acec7
2025-07-02 22:17:08 - actions.actions - ERROR - cancel_appointment:226 - Error al cancelar cita: 504 - <!DOCTYPE html>
<html>
<head>
<title>Error</title>
<style>
    body {
        width: 35em;
        margin: 0 auto;
        font-family: Tahoma, Verdana, Arial, sans-serif;
    }
</style>
</head>
<body>
<h1>An error occurred.</h1>
<p>Sorry, the page you are looking for is currently unavailable.<br/>
Please try again later.</p>
</body>
</html>

2025-07-02 22:17:08 - actions.actions - ERROR - run:666 - Error cancelando cita en Apigee: Error 504: <!DOCTYPE html>
<html>
<head>
<title>Error</title>
<style>
    body {
        width: 35em;
        margin: 0 auto;
        font-family: Tahoma, Verdana, Arial, sans-serif;
    }
</style>
</head>
<body>
<h1>An error occurred.</h1>
<p>Sorry, the page you are looking for is currently unavailable.<br/>
Please try again later.</p>
</body>
</html>

2025-07-02 22:17:08 - actions.actions - INFO - run:669 - Cancelación fallida para usuario: 2
2025-07-02 22:39:49 - root - INFO - setup_logging:89 - Logging configurado - Nivel: INFO, Archivo: bot_confirmaciones.log
2025-07-02 22:39:49 - root - INFO - setup_logging:90 - Bot de confirmaciones iniciando...
2025-07-02 22:39:51 - actions.database - INFO - _initialize_pool:47 - Pool de conexiones PostgreSQL inicializado correctamente
2025-07-02 22:39:51 - actions.actions - INFO - <module>:42 - APIGEE_API_URL: https://redsalud-qa.apigee.net
2025-07-02 22:39:51 - actions.actions - INFO - <module>:43 - APIGEE_USERNAME: 4tu0...
2025-07-02 22:39:51 - actions.actions - INFO - <module>:44 - APIGEE_PASSWORD: Configurado
2025-07-02 22:39:51 - actions - INFO - <module>:27 - Módulo de acciones cargado correctamente
2025-07-02 22:39:51 - rasa_sdk.executor - INFO - register_function:204 - Registered function for 'action_test_connection'.
2025-07-02 22:39:51 - rasa_sdk.executor - INFO - register_function:204 - Registered function for 'action_get_system_status'.
2025-07-02 22:39:51 - rasa_sdk.executor - INFO - register_function:204 - Registered function for 'action_validate_input'.
2025-07-02 22:39:51 - rasa_sdk.executor - INFO - register_function:204 - Registered function for 'action_handle_error'.
2025-07-02 22:39:51 - rasa_sdk.executor - INFO - register_function:204 - Registered function for 'action_fallback'.
2025-07-02 22:39:51 - rasa_sdk.executor - INFO - register_function:204 - Registered function for 'action_init_context'.
2025-07-02 22:39:51 - rasa_sdk.executor - INFO - register_function:204 - Registered function for 'action_init_rebooking'.
2025-07-02 22:39:51 - rasa_sdk.executor - INFO - register_function:204 - Registered function for 'action_format_date'.
2025-07-02 22:39:51 - rasa_sdk.executor - INFO - register_function:204 - Registered function for 'action_cancel_appointment'.
2025-07-02 22:39:51 - rasa_sdk.executor - INFO - register_function:204 - Registered function for 'action_confirm_appointment'.
2025-07-02 22:39:51 - rasa_sdk.endpoint - INFO - run:161 - Starting plugins...
2025-07-02 22:39:51 - rasa_sdk.endpoint - INFO - run:167 - Action endpoint is up and running on http://0.0.0.0:5055
2025-07-02 23:17:36 - root - INFO - setup_logging:89 - Logging configurado - Nivel: INFO, Archivo: bot_confirmaciones.log
2025-07-02 23:17:36 - root - INFO - setup_logging:90 - Bot de confirmaciones iniciando...
2025-07-02 23:17:37 - actions.database - INFO - _initialize_pool:47 - Pool de conexiones PostgreSQL inicializado correctamente
2025-07-02 23:17:37 - actions.actions - INFO - <module>:42 - APIGEE_API_URL: https://redsalud-qa.apigee.net
2025-07-02 23:17:37 - actions.actions - INFO - <module>:43 - APIGEE_USERNAME: 4tu0...
2025-07-02 23:17:37 - actions.actions - INFO - <module>:44 - APIGEE_PASSWORD: Configurado
2025-07-02 23:17:37 - actions - INFO - <module>:27 - Módulo de acciones cargado correctamente
2025-07-02 23:17:37 - rasa_sdk.executor - INFO - register_function:204 - Registered function for 'action_test_connection'.
2025-07-02 23:17:37 - rasa_sdk.executor - INFO - register_function:204 - Registered function for 'action_get_system_status'.
2025-07-02 23:17:37 - rasa_sdk.executor - INFO - register_function:204 - Registered function for 'action_validate_input'.
2025-07-02 23:17:37 - rasa_sdk.executor - INFO - register_function:204 - Registered function for 'action_handle_error'.
2025-07-02 23:17:37 - rasa_sdk.executor - INFO - register_function:204 - Registered function for 'action_fallback'.
2025-07-02 23:17:37 - rasa_sdk.executor - INFO - register_function:204 - Registered function for 'action_init_context'.
2025-07-02 23:17:37 - rasa_sdk.executor - INFO - register_function:204 - Registered function for 'action_init_rebooking'.
2025-07-02 23:17:37 - rasa_sdk.executor - INFO - register_function:204 - Registered function for 'action_format_date'.
2025-07-02 23:17:37 - rasa_sdk.executor - INFO - register_function:204 - Registered function for 'action_cancel_appointment'.
2025-07-02 23:17:37 - rasa_sdk.executor - INFO - register_function:204 - Registered function for 'action_confirm_appointment'.
2025-07-02 23:17:37 - rasa_sdk.endpoint - INFO - run:161 - Starting plugins...
2025-07-02 23:17:37 - rasa_sdk.endpoint - INFO - run:167 - Action endpoint is up and running on http://0.0.0.0:5055
2025-07-02 23:18:17 - actions.utils - INFO - log_request_info:190 - Ejecutando action_init_rebooking para usuario: 2
2025-07-02 23:18:17 - actions.actions - INFO - run:605 - Slot actualizado: nombre_paciente = Manuel Castillo Vicuña
2025-07-02 23:18:17 - actions.actions - INFO - run:605 - Slot actualizado: id_especialidad = d76fee22-6a38-43ef-b824-a60d001fe940
2025-07-02 23:18:17 - actions.actions - INFO - run:605 - Slot actualizado: especialidad = MEDICINA GENERAL ADULTO
2025-07-02 23:18:17 - actions.actions - INFO - run:605 - Slot actualizado: fecha_hora = 2025-07-02T190000-0400
2025-07-02 23:18:17 - actions.actions - INFO - run:605 - Slot actualizado: id_centro_medico = c7e1f17b-45c6-45e0-b981-a5f800212bef
2025-07-02 23:18:17 - actions.actions - INFO - run:605 - Slot actualizado: centro_medico = RedSalud Alameda
2025-07-02 23:18:17 - actions.actions - INFO - run:605 - Slot actualizado: centro_medico_address = San Martin 30 ,Santiago
2025-07-02 23:18:17 - actions.actions - INFO - run:605 - Slot actualizado: centro_medico_google = httpsgoo.glmapsT7iNCdZcQc35gbp58
2025-07-02 23:18:17 - actions.actions - INFO - run:605 - Slot actualizado: centro_medico_comuna = Santiago
2025-07-02 23:18:17 - actions.actions - INFO - run:605 - Slot actualizado: area_medica = Médica
2025-07-02 23:18:17 - actions.actions - INFO - run:605 - Slot actualizado: conversation_id = 70fc2fdd-1721-4439-bf6e-b30e010acec7
2025-07-02 23:18:17 - actions.actions - INFO - run:605 - Slot actualizado: appointment_id = 70fc2fdd-1721-4439-bf6e-b30e010acec7
2025-07-02 23:18:17 - actions.actions - INFO - run:605 - Slot actualizado: bot_name = BOT DEV
2025-07-02 23:18:17 - actions.actions - INFO - run:605 - Slot actualizado: campaign_name = confirmacion
2025-07-02 23:18:17 - actions.actions - INFO - run:605 - Slot actualizado: phone_number = 56964058510
2025-07-02 23:18:17 - actions.actions - INFO - run:605 - Slot actualizado: preparations = True
2025-07-02 23:18:17 - actions.actions - INFO - run:605 - Slot actualizado: tipo_mensaje = Confirmacion
2025-07-02 23:18:17 - actions.actions - INFO - run:605 - Slot actualizado: centro_medico_tipo = Clínica
2025-07-02 23:18:17 - actions.actions - INFO - run:605 - Slot actualizado: preparation_url = httpsdrive.google.comfiled13-7QlkXRg3-lVsDCe0LCdVDhw3FsJfASviewuspdrive_link
2025-07-02 23:18:17 - actions.actions - INFO - run:605 - Slot actualizado: resource_name = Celeste Olivia Borie Polanco
2025-07-02 23:18:17 - actions.actions - INFO - run:605 - Slot actualizado: status = ready to send
2025-07-02 23:18:17 - actions.actions - INFO - run:609 - Contexto de rebooking configurado como: rebooking
2025-07-02 23:18:17 - actions.actions - INFO - run:620 - Fecha formateada: 02/07/2025 a las 19:00
2025-07-02 23:18:17 - actions.actions - INFO - run:655 - Contexto de rebooking inicializado exitosamente para usuario: 2
2025-07-02 23:18:35 - actions.utils - INFO - log_request_info:190 - Ejecutando action_init_rebooking para usuario: 2
2025-07-02 23:18:35 - actions.actions - INFO - run:609 - Contexto de rebooking configurado como: rebooking
2025-07-02 23:18:35 - actions.actions - WARNING - run:622 - Error formateando fecha: Invalid isoformat string: '2025-07-02T190000-0400'
2025-07-02 23:18:35 - actions.actions - INFO - run:655 - Contexto de rebooking inicializado exitosamente para usuario: 2
2025-07-03 15:10:09 - root - INFO - setup_logging:89 - Logging configurado - Nivel: INFO, Archivo: bot_confirmaciones.log
2025-07-03 15:10:09 - root - INFO - setup_logging:90 - Bot de confirmaciones iniciando...
2025-07-03 15:10:10 - actions.database - INFO - _initialize_pool:47 - Pool de conexiones PostgreSQL inicializado correctamente
2025-07-03 15:10:10 - actions.actions - INFO - <module>:42 - APIGEE_API_URL: https://redsalud-qa.apigee.net
2025-07-03 15:10:10 - actions.actions - INFO - <module>:43 - APIGEE_USERNAME: 4tu0...
2025-07-03 15:10:10 - actions.actions - INFO - <module>:44 - APIGEE_PASSWORD: Configurado
2025-07-03 15:10:10 - actions - INFO - <module>:27 - Módulo de acciones cargado correctamente
2025-07-03 15:10:10 - rasa_sdk.executor - INFO - register_function:204 - Registered function for 'action_test_connection'.
2025-07-03 15:10:10 - rasa_sdk.executor - INFO - register_function:204 - Registered function for 'action_get_system_status'.
2025-07-03 15:10:10 - rasa_sdk.executor - INFO - register_function:204 - Registered function for 'action_validate_input'.
2025-07-03 15:10:10 - rasa_sdk.executor - INFO - register_function:204 - Registered function for 'action_handle_error'.
2025-07-03 15:10:10 - rasa_sdk.executor - INFO - register_function:204 - Registered function for 'action_fallback'.
2025-07-03 15:10:10 - rasa_sdk.executor - INFO - register_function:204 - Registered function for 'action_init_context'.
2025-07-03 15:10:10 - rasa_sdk.executor - INFO - register_function:204 - Registered function for 'action_init_rebooking'.
2025-07-03 15:10:10 - rasa_sdk.executor - INFO - register_function:204 - Registered function for 'action_format_date'.
2025-07-03 15:10:10 - rasa_sdk.executor - INFO - register_function:204 - Registered function for 'action_cancel_appointment'.
2025-07-03 15:10:10 - rasa_sdk.executor - INFO - register_function:204 - Registered function for 'action_confirm_appointment'.
2025-07-03 15:10:10 - rasa_sdk.endpoint - INFO - run:161 - Starting plugins...
2025-07-03 15:10:10 - rasa_sdk.endpoint - INFO - run:167 - Action endpoint is up and running on http://0.0.0.0:5055
2025-07-03 15:12:04 - actions.utils - INFO - log_request_info:190 - Ejecutando action_init_context para usuario: 2
2025-07-03 15:12:04 - actions.actions - INFO - run:502 - Slot actualizado: nombre_paciente = Manuel Castillo Vicuña
2025-07-03 15:12:04 - actions.actions - INFO - run:502 - Slot actualizado: id_especialidad = d76fee22-6a38-43ef-b824-a60d001fe940
2025-07-03 15:12:04 - actions.actions - INFO - run:502 - Slot actualizado: especialidad = MEDICINA GENERAL ADULTO
2025-07-03 15:12:04 - actions.actions - INFO - run:502 - Slot actualizado: fecha_hora = 2025-07-02T190000-0400
2025-07-03 15:12:04 - actions.actions - INFO - run:502 - Slot actualizado: id_centro_medico = c7e1f17b-45c6-45e0-b981-a5f800212bef
2025-07-03 15:12:04 - actions.actions - INFO - run:502 - Slot actualizado: centro_medico = RedSalud Alameda
2025-07-03 15:12:04 - actions.actions - INFO - run:502 - Slot actualizado: centro_medico_address = San Martin 30 ,Santiago
2025-07-03 15:12:04 - actions.actions - INFO - run:502 - Slot actualizado: centro_medico_google = httpsgoo.glmapsT7iNCdZcQc35gbp58
2025-07-03 15:12:04 - actions.actions - INFO - run:502 - Slot actualizado: centro_medico_comuna = Santiago
2025-07-03 15:12:04 - actions.actions - INFO - run:502 - Slot actualizado: area_medica = Médica
2025-07-03 15:12:04 - actions.actions - INFO - run:502 - Slot actualizado: conversation_id = 70fc2fdd-1721-4439-bf6e-b30e010acec7
2025-07-03 15:12:04 - actions.actions - INFO - run:502 - Slot actualizado: appointment_id = 70fc2fdd-1721-4439-bf6e-b30e010acec7
2025-07-03 15:12:04 - actions.actions - INFO - run:502 - Slot actualizado: bot_name = BOT DEV
2025-07-03 15:12:04 - actions.actions - INFO - run:502 - Slot actualizado: campaign_name = confirmacion
2025-07-03 15:12:04 - actions.actions - INFO - run:502 - Slot actualizado: phone_number = 56964058510
2025-07-03 15:12:04 - actions.actions - INFO - run:502 - Slot actualizado: preparations = True
2025-07-03 15:12:04 - actions.actions - INFO - run:502 - Slot actualizado: tipo_mensaje = Confirmacion
2025-07-03 15:12:04 - actions.actions - INFO - run:502 - Slot actualizado: centro_medico_tipo = Clínica
2025-07-03 15:12:04 - actions.actions - INFO - run:502 - Slot actualizado: preparation_url = httpsdrive.google.comfiled13-7QlkXRg3-lVsDCe0LCdVDhw3FsJfASviewuspdrive_link
2025-07-03 15:12:04 - actions.actions - INFO - run:502 - Slot actualizado: resource_name = Celeste Olivia Borie Polanco
2025-07-03 15:12:04 - actions.actions - INFO - run:502 - Slot actualizado: status = ready to send
2025-07-03 15:12:04 - actions.actions - INFO - run:506 - Contexto configurado como: confirmación
2025-07-03 15:12:04 - actions.actions - INFO - run:517 - Fecha formateada: 02/07/2025 a las 19:00
2025-07-03 15:12:04 - actions.actions - INFO - run:552 - Contexto inicializado exitosamente para usuario: 2
2025-07-03 15:12:26 - actions.utils - INFO - log_request_info:190 - Ejecutando action_cancel_appointment para usuario: 2
2025-07-03 15:12:26 - actions.actions - INFO - obtener_access_token:101 - Solicitando token de acceso a https://redsalud-qa.apigee.net/oauth/token
2025-07-03 15:12:26 - actions.actions - INFO - obtener_access_token:102 - Client ID: 4tu0...
2025-07-03 15:12:27 - actions.actions - INFO - obtener_access_token:120 - Token de acceso obtenido exitosamente, expira en 2025-07-03 15:57:25.929923
2025-07-03 15:12:27 - actions.actions - INFO - cancel_appointment:213 - Solicitando cancelación de cita 70fc2fdd-1721-4439-bf6e-b30e010acec7
2025-07-03 15:12:28 - actions.actions - ERROR - cancel_appointment:226 - Error al cancelar cita: 400 - {
  "error":{
    "code":"","message":"The request is invalid.","innererror":{
      "message":"parameters : An error has occurred.\r\n","type":"","stacktrace":""
    }
  }
}
2025-07-03 15:12:28 - actions.actions - ERROR - run:769 - Error cancelando cita en Apigee: Error 400: {
  "error":{
    "code":"","message":"The request is invalid.","innererror":{
      "message":"parameters : An error has occurred.\r\n","type":"","stacktrace":""
    }
  }
}
2025-07-03 15:12:28 - actions.actions - INFO - run:772 - Cancelación fallida para usuario: 2
2025-07-03 15:20:25 - root - INFO - setup_logging:89 - Logging configurado - Nivel: INFO, Archivo: bot_confirmaciones.log
2025-07-03 15:20:25 - root - INFO - setup_logging:90 - Bot de confirmaciones iniciando...
2025-07-03 15:20:26 - actions.database - INFO - _initialize_pool:47 - Pool de conexiones PostgreSQL inicializado correctamente
2025-07-03 15:20:26 - actions.actions - INFO - <module>:42 - APIGEE_API_URL: https://redsalud-qa.apigee.net
2025-07-03 15:20:26 - actions.actions - INFO - <module>:43 - APIGEE_USERNAME: 4tu0...
2025-07-03 15:20:26 - actions.actions - INFO - <module>:44 - APIGEE_PASSWORD: Configurado
2025-07-03 15:20:26 - actions - INFO - <module>:27 - Módulo de acciones cargado correctamente
2025-07-03 15:20:26 - rasa_sdk.executor - INFO - register_function:204 - Registered function for 'action_test_connection'.
2025-07-03 15:20:26 - rasa_sdk.executor - INFO - register_function:204 - Registered function for 'action_get_system_status'.
2025-07-03 15:20:26 - rasa_sdk.executor - INFO - register_function:204 - Registered function for 'action_validate_input'.
2025-07-03 15:20:26 - rasa_sdk.executor - INFO - register_function:204 - Registered function for 'action_handle_error'.
2025-07-03 15:20:26 - rasa_sdk.executor - INFO - register_function:204 - Registered function for 'action_fallback'.
2025-07-03 15:20:26 - rasa_sdk.executor - INFO - register_function:204 - Registered function for 'action_init_context'.
2025-07-03 15:20:26 - rasa_sdk.executor - INFO - register_function:204 - Registered function for 'action_init_rebooking'.
2025-07-03 15:20:26 - rasa_sdk.executor - INFO - register_function:204 - Registered function for 'action_format_date'.
2025-07-03 15:20:26 - rasa_sdk.executor - INFO - register_function:204 - Registered function for 'action_cancel_appointment'.
2025-07-03 15:20:26 - rasa_sdk.executor - INFO - register_function:204 - Registered function for 'action_confirm_appointment'.
2025-07-03 15:20:26 - rasa_sdk.endpoint - INFO - run:161 - Starting plugins...
2025-07-03 15:20:26 - rasa_sdk.endpoint - INFO - run:167 - Action endpoint is up and running on http://0.0.0.0:5055
2025-07-03 15:22:19 - actions.utils - INFO - log_request_info:190 - Ejecutando action_init_context para usuario: 2
2025-07-03 15:22:19 - actions.actions - INFO - run:502 - Slot actualizado: nombre_paciente = Manuel Castillo Vicuña
2025-07-03 15:22:19 - actions.actions - INFO - run:502 - Slot actualizado: id_especialidad = d76fee22-6a38-43ef-b824-a60d001fe940
2025-07-03 15:22:19 - actions.actions - INFO - run:502 - Slot actualizado: especialidad = MEDICINA GENERAL ADULTO
2025-07-03 15:22:19 - actions.actions - INFO - run:502 - Slot actualizado: fecha_hora = 2025-07-02T190000-0400
2025-07-03 15:22:19 - actions.actions - INFO - run:502 - Slot actualizado: id_centro_medico = c7e1f17b-45c6-45e0-b981-a5f800212bef
2025-07-03 15:22:19 - actions.actions - INFO - run:502 - Slot actualizado: centro_medico = RedSalud Alameda
2025-07-03 15:22:19 - actions.actions - INFO - run:502 - Slot actualizado: centro_medico_address = San Martin 30 ,Santiago
2025-07-03 15:22:19 - actions.actions - INFO - run:502 - Slot actualizado: centro_medico_google = httpsgoo.glmapsT7iNCdZcQc35gbp58
2025-07-03 15:22:19 - actions.actions - INFO - run:502 - Slot actualizado: centro_medico_comuna = Santiago
2025-07-03 15:22:19 - actions.actions - INFO - run:502 - Slot actualizado: area_medica = Médica
2025-07-03 15:22:19 - actions.actions - INFO - run:502 - Slot actualizado: conversation_id = 70fc2fdd-1721-4439-bf6e-b30e010acec7
2025-07-03 15:22:19 - actions.actions - INFO - run:502 - Slot actualizado: appointment_id = 70fc2fdd-1721-4439-bf6e-b30e010acec7
2025-07-03 15:22:19 - actions.actions - INFO - run:502 - Slot actualizado: bot_name = BOT DEV
2025-07-03 15:22:19 - actions.actions - INFO - run:502 - Slot actualizado: campaign_name = confirmacion
2025-07-03 15:22:19 - actions.actions - INFO - run:502 - Slot actualizado: phone_number = 56964058510
2025-07-03 15:22:19 - actions.actions - INFO - run:502 - Slot actualizado: preparations = True
2025-07-03 15:22:19 - actions.actions - INFO - run:502 - Slot actualizado: tipo_mensaje = Confirmacion
2025-07-03 15:22:19 - actions.actions - INFO - run:502 - Slot actualizado: centro_medico_tipo = Clínica
2025-07-03 15:22:19 - actions.actions - INFO - run:502 - Slot actualizado: preparation_url = httpsdrive.google.comfiled13-7QlkXRg3-lVsDCe0LCdVDhw3FsJfASviewuspdrive_link
2025-07-03 15:22:19 - actions.actions - INFO - run:502 - Slot actualizado: resource_name = Celeste Olivia Borie Polanco
2025-07-03 15:22:19 - actions.actions - INFO - run:502 - Slot actualizado: status = ready to send
2025-07-03 15:22:19 - actions.actions - INFO - run:506 - Contexto configurado como: confirmación
2025-07-03 15:22:19 - actions.actions - INFO - run:517 - Fecha formateada: 02/07/2025 a las 19:00
2025-07-03 15:22:19 - actions.actions - INFO - run:552 - Contexto inicializado exitosamente para usuario: 2
2025-07-03 15:22:32 - actions.utils - INFO - log_request_info:190 - Ejecutando action_cancel_appointment para usuario: 2
2025-07-03 15:22:32 - actions.actions - INFO - obtener_access_token:101 - Solicitando token de acceso a https://redsalud-qa.apigee.net/oauth/token
2025-07-03 15:22:32 - actions.actions - INFO - obtener_access_token:102 - Client ID: 4tu0...
2025-07-03 15:22:32 - actions.actions - INFO - obtener_access_token:120 - Token de acceso obtenido exitosamente, expira en 2025-07-03 16:07:31.343621
2025-07-03 15:22:32 - actions.actions - INFO - cancel_appointment:213 - Solicitando cancelación de cita 70fc2fdd-1721-4439-bf6e-b30e010acec7
2025-07-03 15:22:33 - actions.actions - ERROR - cancel_appointment:226 - Error al cancelar cita: 400 - {
  "error":{
    "code":"","message":"The request is invalid.","innererror":{
      "message":"parameters : An error has occurred.\r\n","type":"","stacktrace":""
    }
  }
}
2025-07-03 15:22:33 - actions.actions - ERROR - run:769 - Error cancelando cita en Apigee: Error 400: {
  "error":{
    "code":"","message":"The request is invalid.","innererror":{
      "message":"parameters : An error has occurred.\r\n","type":"","stacktrace":""
    }
  }
}
2025-07-03 15:22:33 - actions.actions - INFO - run:772 - Cancelación fallida para usuario: 2
2025-07-03 15:23:11 - actions.utils - INFO - log_request_info:190 - Ejecutando action_init_rebooking para usuario: 2
2025-07-03 15:23:11 - actions.actions - INFO - run:605 - Slot actualizado: nombre_paciente = Manuel Castillo Vicuña
2025-07-03 15:23:11 - actions.actions - INFO - run:605 - Slot actualizado: id_especialidad = d76fee22-6a38-43ef-b824-a60d001fe940
2025-07-03 15:23:11 - actions.actions - INFO - run:605 - Slot actualizado: especialidad = MEDICINA GENERAL ADULTO
2025-07-03 15:23:11 - actions.actions - INFO - run:605 - Slot actualizado: fecha_hora = 2025-07-02T190000-0400
2025-07-03 15:23:11 - actions.actions - INFO - run:605 - Slot actualizado: id_centro_medico = c7e1f17b-45c6-45e0-b981-a5f800212bef
2025-07-03 15:23:11 - actions.actions - INFO - run:605 - Slot actualizado: centro_medico = RedSalud Alameda
2025-07-03 15:23:11 - actions.actions - INFO - run:605 - Slot actualizado: centro_medico_address = San Martin 30 ,Santiago
2025-07-03 15:23:11 - actions.actions - INFO - run:605 - Slot actualizado: centro_medico_google = httpsgoo.glmapsT7iNCdZcQc35gbp58
2025-07-03 15:23:11 - actions.actions - INFO - run:605 - Slot actualizado: centro_medico_comuna = Santiago
2025-07-03 15:23:11 - actions.actions - INFO - run:605 - Slot actualizado: area_medica = Médica
2025-07-03 15:23:11 - actions.actions - INFO - run:605 - Slot actualizado: conversation_id = 70fc2fdd-1721-4439-bf6e-b30e010acec7
2025-07-03 15:23:11 - actions.actions - INFO - run:605 - Slot actualizado: appointment_id = 70fc2fdd-1721-4439-bf6e-b30e010acec7
2025-07-03 15:23:11 - actions.actions - INFO - run:605 - Slot actualizado: bot_name = BOT DEV
2025-07-03 15:23:11 - actions.actions - INFO - run:605 - Slot actualizado: campaign_name = confirmacion
2025-07-03 15:23:11 - actions.actions - INFO - run:605 - Slot actualizado: phone_number = 56964058510
2025-07-03 15:23:11 - actions.actions - INFO - run:605 - Slot actualizado: preparations = True
2025-07-03 15:23:11 - actions.actions - INFO - run:605 - Slot actualizado: tipo_mensaje = Confirmacion
2025-07-03 15:23:11 - actions.actions - INFO - run:605 - Slot actualizado: centro_medico_tipo = Clínica
2025-07-03 15:23:11 - actions.actions - INFO - run:605 - Slot actualizado: preparation_url = httpsdrive.google.comfiled13-7QlkXRg3-lVsDCe0LCdVDhw3FsJfASviewuspdrive_link
2025-07-03 15:23:11 - actions.actions - INFO - run:605 - Slot actualizado: resource_name = Celeste Olivia Borie Polanco
2025-07-03 15:23:11 - actions.actions - INFO - run:605 - Slot actualizado: status = ready to send
2025-07-03 15:23:11 - actions.actions - INFO - run:609 - Contexto de rebooking configurado como: rebooking
2025-07-03 15:23:11 - actions.actions - INFO - run:620 - Fecha formateada: 02/07/2025 a las 19:00
2025-07-03 15:23:11 - actions.actions - INFO - run:655 - Contexto de rebooking inicializado exitosamente para usuario: 2
2025-07-03 19:32:30 - root - INFO - setup_logging:89 - Logging configurado - Nivel: INFO, Archivo: bot_confirmaciones.log
2025-07-03 19:32:30 - root - INFO - setup_logging:90 - Bot de confirmaciones iniciando...
2025-07-03 19:32:31 - actions.database - INFO - _initialize_pool:47 - Pool de conexiones PostgreSQL inicializado correctamente
2025-07-03 19:32:32 - actions.actions - INFO - <module>:42 - APIGEE_API_URL: https://redsalud-qa.apigee.net
2025-07-03 19:32:32 - actions.actions - INFO - <module>:43 - APIGEE_USERNAME: 4tu0...
2025-07-03 19:32:32 - actions.actions - INFO - <module>:44 - APIGEE_PASSWORD: Configurado
2025-07-03 19:32:32 - actions - INFO - <module>:27 - Módulo de acciones cargado correctamente
2025-07-03 19:32:32 - rasa_sdk.executor - INFO - register_function:204 - Registered function for 'action_test_connection'.
2025-07-03 19:32:32 - rasa_sdk.executor - INFO - register_function:204 - Registered function for 'action_get_system_status'.
2025-07-03 19:32:32 - rasa_sdk.executor - INFO - register_function:204 - Registered function for 'action_validate_input'.
2025-07-03 19:32:32 - rasa_sdk.executor - INFO - register_function:204 - Registered function for 'action_handle_error'.
2025-07-03 19:32:32 - rasa_sdk.executor - INFO - register_function:204 - Registered function for 'action_fallback'.
2025-07-03 19:32:32 - rasa_sdk.executor - INFO - register_function:204 - Registered function for 'action_init_context'.
2025-07-03 19:32:32 - rasa_sdk.executor - INFO - register_function:204 - Registered function for 'action_init_rebooking'.
2025-07-03 19:32:32 - rasa_sdk.executor - INFO - register_function:204 - Registered function for 'action_format_date'.
2025-07-03 19:32:32 - rasa_sdk.executor - INFO - register_function:204 - Registered function for 'action_cancel_appointment'.
2025-07-03 19:32:32 - rasa_sdk.executor - INFO - register_function:204 - Registered function for 'action_confirm_appointment'.
2025-07-03 19:32:32 - rasa_sdk.endpoint - INFO - run:161 - Starting plugins...
2025-07-03 19:32:32 - rasa_sdk.endpoint - INFO - run:167 - Action endpoint is up and running on http://0.0.0.0:5055
2025-07-04 10:04:25 - root - INFO - setup_logging:89 - Logging configurado - Nivel: INFO, Archivo: bot_confirmaciones.log
2025-07-04 10:04:25 - root - INFO - setup_logging:90 - Bot de confirmaciones iniciando...
2025-07-04 10:04:28 - actions.database - INFO - _initialize_pool:47 - Pool de conexiones PostgreSQL inicializado correctamente
2025-07-04 10:04:34 - actions.actions - INFO - <module>:42 - APIGEE_API_URL: https://redsalud-qa.apigee.net
2025-07-04 10:04:34 - actions.actions - INFO - <module>:43 - APIGEE_USERNAME: 4tu0...
2025-07-04 10:04:34 - actions.actions - INFO - <module>:44 - APIGEE_PASSWORD: Configurado
2025-07-04 10:04:34 - actions - INFO - <module>:32 - Módulo de acciones cargado correctamente
2025-07-04 10:15:39 - root - INFO - setup_logging:89 - Logging configurado - Nivel: INFO, Archivo: bot_confirmaciones.log
2025-07-04 10:15:39 - root - INFO - setup_logging:90 - Bot de confirmaciones iniciando...
2025-07-04 10:15:40 - actions.database - INFO - _initialize_pool:47 - Pool de conexiones PostgreSQL inicializado correctamente
2025-07-04 10:15:48 - actions.actions - INFO - <module>:42 - APIGEE_API_URL: https://redsalud-qa.apigee.net
2025-07-04 10:15:48 - actions.actions - INFO - <module>:43 - APIGEE_USERNAME: 4tu0...
2025-07-04 10:15:48 - actions.actions - INFO - <module>:44 - APIGEE_PASSWORD: Configurado
2025-07-04 10:15:48 - actions - INFO - <module>:32 - Módulo de acciones cargado correctamente
2025-07-04 10:17:04 - root - INFO - setup_logging:89 - Logging configurado - Nivel: INFO, Archivo: bot_confirmaciones.log
2025-07-04 10:17:04 - root - INFO - setup_logging:90 - Bot de confirmaciones iniciando...
2025-07-04 10:17:05 - actions.database - INFO - _initialize_pool:47 - Pool de conexiones PostgreSQL inicializado correctamente
2025-07-04 10:17:05 - actions.actions - INFO - <module>:42 - APIGEE_API_URL: https://redsalud-qa.apigee.net
2025-07-04 10:17:05 - actions.actions - INFO - <module>:43 - APIGEE_USERNAME: 4tu0...
2025-07-04 10:17:05 - actions.actions - INFO - <module>:44 - APIGEE_PASSWORD: Configurado
2025-07-04 10:17:05 - actions - INFO - <module>:32 - Módulo de acciones cargado correctamente
2025-07-04 10:17:06 - actions.database - WARNING - update_appointment_status:197 - No se encontró la cita TEST-001 para actualizar estado
2025-07-04 10:17:06 - actions.database - WARNING - update_appointment_status:197 - No se encontró la cita TEST-001 para actualizar estado
2025-07-04 10:17:07 - actions.database - WARNING - update_appointment_status:197 - No se encontró la cita TEST-001 para actualizar estado
2025-07-04 10:17:07 - actions.database - WARNING - update_appointment_status:197 - No se encontró la cita TEST-001 para actualizar estado
2025-07-04 10:21:59 - root - INFO - setup_logging:89 - Logging configurado - Nivel: INFO, Archivo: bot_confirmaciones.log
2025-07-04 10:21:59 - root - INFO - setup_logging:90 - Bot de confirmaciones iniciando...
2025-07-04 10:22:00 - actions.database - INFO - _initialize_pool:47 - Pool de conexiones PostgreSQL inicializado correctamente
2025-07-04 10:22:00 - actions.actions - INFO - <module>:42 - APIGEE_API_URL: https://redsalud-qa.apigee.net
2025-07-04 10:22:00 - actions.actions - INFO - <module>:43 - APIGEE_USERNAME: 4tu0...
2025-07-04 10:22:00 - actions.actions - INFO - <module>:44 - APIGEE_PASSWORD: Configurado
2025-07-04 10:22:00 - actions - INFO - <module>:32 - Módulo de acciones cargado correctamente
2025-07-04 10:22:00 - rasa_sdk.executor - INFO - register_function:204 - Registered function for 'action_test_connection'.
2025-07-04 10:22:00 - rasa_sdk.executor - INFO - register_function:204 - Registered function for 'action_get_system_status'.
2025-07-04 10:22:00 - rasa_sdk.executor - INFO - register_function:204 - Registered function for 'action_validate_input'.
2025-07-04 10:22:00 - rasa_sdk.executor - INFO - register_function:204 - Registered function for 'action_handle_error'.
2025-07-04 10:22:00 - rasa_sdk.executor - INFO - register_function:204 - Registered function for 'action_fallback'.
2025-07-04 10:22:00 - rasa_sdk.executor - INFO - register_function:204 - Registered function for 'action_init_context'.
2025-07-04 10:22:00 - rasa_sdk.executor - INFO - register_function:204 - Registered function for 'action_format_date'.
2025-07-04 10:22:00 - rasa_sdk.executor - INFO - register_function:204 - Registered function for 'action_cancel_appointment'.
2025-07-04 10:22:00 - rasa_sdk.executor - INFO - register_function:204 - Registered function for 'action_confirm_appointment'.
2025-07-04 10:22:00 - rasa_sdk.executor - INFO - register_function:204 - Registered function for 'action_init_rebooking'.
2025-07-04 10:22:00 - rasa_sdk.endpoint - INFO - run:161 - Starting plugins...
2025-07-04 10:22:00 - rasa_sdk.endpoint - INFO - run:167 - Action endpoint is up and running on http://0.0.0.0:5055
2025-07-04 11:29:02 - root - INFO - setup_logging:89 - Logging configurado - Nivel: INFO, Archivo: bot_confirmaciones.log
2025-07-04 11:29:02 - root - INFO - setup_logging:90 - Bot de confirmaciones iniciando...
2025-07-04 11:29:03 - actions.database - INFO - _initialize_pool:47 - Pool de conexiones PostgreSQL inicializado correctamente
2025-07-04 11:29:03 - actions.actions - INFO - <module>:42 - APIGEE_API_URL: https://redsalud-qa.apigee.net
2025-07-04 11:29:03 - actions.actions - INFO - <module>:43 - APIGEE_USERNAME: 4tu0...
2025-07-04 11:29:03 - actions.actions - INFO - <module>:44 - APIGEE_PASSWORD: Configurado
2025-07-04 11:29:03 - actions - INFO - <module>:32 - Módulo de acciones cargado correctamente
2025-07-04 11:29:03 - rasa_sdk.executor - INFO - register_function:204 - Registered function for 'action_test_connection'.
2025-07-04 11:29:03 - rasa_sdk.executor - INFO - register_function:204 - Registered function for 'action_get_system_status'.
2025-07-04 11:29:03 - rasa_sdk.executor - INFO - register_function:204 - Registered function for 'action_validate_input'.
2025-07-04 11:29:03 - rasa_sdk.executor - INFO - register_function:204 - Registered function for 'action_handle_error'.
2025-07-04 11:29:03 - rasa_sdk.executor - INFO - register_function:204 - Registered function for 'action_fallback'.
2025-07-04 11:29:03 - rasa_sdk.executor - INFO - register_function:204 - Registered function for 'action_init_context'.
2025-07-04 11:29:03 - rasa_sdk.executor - INFO - register_function:204 - Registered function for 'action_format_date'.
2025-07-04 11:29:03 - rasa_sdk.executor - INFO - register_function:204 - Registered function for 'action_cancel_appointment'.
2025-07-04 11:29:03 - rasa_sdk.executor - INFO - register_function:204 - Registered function for 'action_confirm_appointment'.
2025-07-04 11:29:03 - rasa_sdk.executor - INFO - register_function:204 - Registered function for 'action_init_rebooking'.
2025-07-04 11:29:03 - rasa_sdk.endpoint - INFO - run:161 - Starting plugins...
2025-07-04 11:29:03 - rasa_sdk.endpoint - INFO - run:167 - Action endpoint is up and running on http://0.0.0.0:5055
2025-07-04 11:32:10 - actions.utils - INFO - log_request_info:190 - Ejecutando action_init_rebooking para usuario: 1
2025-07-04 11:32:10 - actions.rebooking_actions - INFO - run:58 - Slot actualizado: nombre_paciente = Manuel Castillo Vicuña
2025-07-04 11:32:10 - actions.rebooking_actions - INFO - run:58 - Slot actualizado: id_especialidad = d76fee22-6a38-43ef-b824-a60d001fe940
2025-07-04 11:32:10 - actions.rebooking_actions - INFO - run:58 - Slot actualizado: especialidad = MEDICINA GENERAL ADULTO
2025-07-04 11:32:10 - actions.rebooking_actions - INFO - run:58 - Slot actualizado: fecha_hora = 2025-07-02T190000-0400
2025-07-04 11:32:10 - actions.rebooking_actions - INFO - run:58 - Slot actualizado: id_centro_medico = c7e1f17b-45c6-45e0-b981-a5f800212bef
2025-07-04 11:32:10 - actions.rebooking_actions - INFO - run:58 - Slot actualizado: centro_medico = RedSalud Alameda
2025-07-04 11:32:10 - actions.rebooking_actions - INFO - run:58 - Slot actualizado: centro_medico_address = San Martin 30 ,Santiago
2025-07-04 11:32:10 - actions.rebooking_actions - INFO - run:58 - Slot actualizado: centro_medico_google = httpsgoo.glmapsT7iNCdZcQc35gbp58
2025-07-04 11:32:10 - actions.rebooking_actions - INFO - run:58 - Slot actualizado: centro_medico_comuna = Santiago
2025-07-04 11:32:10 - actions.rebooking_actions - INFO - run:58 - Slot actualizado: area_medica = Médica
2025-07-04 11:32:10 - actions.rebooking_actions - INFO - run:58 - Slot actualizado: conversation_id = 70fc2fdd-1721-4439-bf6e-b30e010acec7
2025-07-04 11:32:10 - actions.rebooking_actions - INFO - run:58 - Slot actualizado: appointment_id = 70fc2fdd-1721-4439-bf6e-b30e010acec7
2025-07-04 11:32:10 - actions.rebooking_actions - INFO - run:58 - Slot actualizado: bot_name = BOT DEV
2025-07-04 11:32:10 - actions.rebooking_actions - INFO - run:58 - Slot actualizado: campaign_name = confirmacion
2025-07-04 11:32:10 - actions.rebooking_actions - INFO - run:58 - Slot actualizado: phone_number = 56964058510
2025-07-04 11:32:10 - actions.rebooking_actions - INFO - run:58 - Slot actualizado: preparations = True
2025-07-04 11:32:10 - actions.rebooking_actions - INFO - run:58 - Slot actualizado: tipo_mensaje = Confirmacion
2025-07-04 11:32:10 - actions.rebooking_actions - INFO - run:58 - Slot actualizado: centro_medico_tipo = Clínica
2025-07-04 11:32:10 - actions.rebooking_actions - INFO - run:58 - Slot actualizado: preparation_url = httpsdrive.google.comfiled13-7QlkXRg3-lVsDCe0LCdVDhw3FsJfASviewuspdrive_link
2025-07-04 11:32:10 - actions.rebooking_actions - INFO - run:58 - Slot actualizado: resource_name = Celeste Olivia Borie Polanco
2025-07-04 11:32:10 - actions.rebooking_actions - INFO - run:58 - Slot actualizado: status = ready to send
2025-07-04 11:32:10 - actions.rebooking_actions - INFO - run:62 - Contexto de rebooking configurado como: rebooking
2025-07-04 11:32:10 - actions.rebooking_actions - INFO - run:72 - Fecha formateada: 02/07/2025 a las 19:00
2025-07-04 11:32:10 - actions.rebooking_actions - INFO - run:107 - Contexto de rebooking inicializado exitosamente para usuario: 1
2025-07-04 11:33:02 - actions.utils - INFO - log_request_info:190 - Ejecutando action_init_context para usuario: 1
2025-07-04 11:33:02 - actions.actions - INFO - run:502 - Slot actualizado: nombre_paciente = Manuel Castillo Vicuña
2025-07-04 11:33:02 - actions.actions - INFO - run:502 - Slot actualizado: id_especialidad = d76fee22-6a38-43ef-b824-a60d001fe940
2025-07-04 11:33:02 - actions.actions - INFO - run:502 - Slot actualizado: especialidad = MEDICINA GENERAL ADULTO
2025-07-04 11:33:02 - actions.actions - INFO - run:502 - Slot actualizado: fecha_hora = 2025-07-02T190000-0400
2025-07-04 11:33:02 - actions.actions - INFO - run:502 - Slot actualizado: id_centro_medico = c7e1f17b-45c6-45e0-b981-a5f800212bef
2025-07-04 11:33:02 - actions.actions - INFO - run:502 - Slot actualizado: centro_medico = RedSalud Alameda
2025-07-04 11:33:02 - actions.actions - INFO - run:502 - Slot actualizado: centro_medico_address = San Martin 30 ,Santiago
2025-07-04 11:33:02 - actions.actions - INFO - run:502 - Slot actualizado: centro_medico_google = httpsgoo.glmapsT7iNCdZcQc35gbp58
2025-07-04 11:33:02 - actions.actions - INFO - run:502 - Slot actualizado: centro_medico_comuna = Santiago
2025-07-04 11:33:02 - actions.actions - INFO - run:502 - Slot actualizado: area_medica = Médica
2025-07-04 11:33:02 - actions.actions - INFO - run:502 - Slot actualizado: conversation_id = 70fc2fdd-1721-4439-bf6e-b30e010acec7
2025-07-04 11:33:02 - actions.actions - INFO - run:502 - Slot actualizado: appointment_id = 70fc2fdd-1721-4439-bf6e-b30e010acec7
2025-07-04 11:33:02 - actions.actions - INFO - run:502 - Slot actualizado: bot_name = BOT DEV
2025-07-04 11:33:02 - actions.actions - INFO - run:502 - Slot actualizado: campaign_name = confirmacion
2025-07-04 11:33:02 - actions.actions - INFO - run:502 - Slot actualizado: phone_number = 56964058510
2025-07-04 11:33:02 - actions.actions - INFO - run:502 - Slot actualizado: preparations = True
2025-07-04 11:33:02 - actions.actions - INFO - run:502 - Slot actualizado: tipo_mensaje = Confirmacion
2025-07-04 11:33:02 - actions.actions - INFO - run:502 - Slot actualizado: centro_medico_tipo = Clínica
2025-07-04 11:33:02 - actions.actions - INFO - run:502 - Slot actualizado: preparation_url = httpsdrive.google.comfiled13-7QlkXRg3-lVsDCe0LCdVDhw3FsJfASviewuspdrive_link
2025-07-04 11:33:02 - actions.actions - INFO - run:502 - Slot actualizado: resource_name = Celeste Olivia Borie Polanco
2025-07-04 11:33:02 - actions.actions - INFO - run:502 - Slot actualizado: status = ready to send
2025-07-04 11:33:02 - actions.actions - INFO - run:506 - Contexto configurado como: confirmación
2025-07-04 11:33:02 - actions.actions - INFO - run:517 - Fecha formateada: 02/07/2025 a las 19:00
2025-07-04 11:33:02 - actions.actions - INFO - run:552 - Contexto inicializado exitosamente para usuario: 1
2025-07-04 11:33:32 - actions.utils - INFO - log_request_info:190 - Ejecutando action_init_context para usuario: 2
2025-07-04 11:33:32 - actions.actions - INFO - run:502 - Slot actualizado: nombre_paciente = Manuel Castillo Vicuña
2025-07-04 11:33:32 - actions.actions - INFO - run:502 - Slot actualizado: id_especialidad = d76fee22-6a38-43ef-b824-a60d001fe940
2025-07-04 11:33:32 - actions.actions - INFO - run:502 - Slot actualizado: especialidad = MEDICINA GENERAL ADULTO
2025-07-04 11:33:32 - actions.actions - INFO - run:502 - Slot actualizado: fecha_hora = 2025-07-02T190000-0400
2025-07-04 11:33:32 - actions.actions - INFO - run:502 - Slot actualizado: id_centro_medico = c7e1f17b-45c6-45e0-b981-a5f800212bef
2025-07-04 11:33:32 - actions.actions - INFO - run:502 - Slot actualizado: centro_medico = RedSalud Alameda
2025-07-04 11:33:32 - actions.actions - INFO - run:502 - Slot actualizado: centro_medico_address = San Martin 30 ,Santiago
2025-07-04 11:33:32 - actions.actions - INFO - run:502 - Slot actualizado: centro_medico_google = httpsgoo.glmapsT7iNCdZcQc35gbp58
2025-07-04 11:33:32 - actions.actions - INFO - run:502 - Slot actualizado: centro_medico_comuna = Santiago
2025-07-04 11:33:32 - actions.actions - INFO - run:502 - Slot actualizado: area_medica = Médica
2025-07-04 11:33:32 - actions.actions - INFO - run:502 - Slot actualizado: conversation_id = 70fc2fdd-1721-4439-bf6e-b30e010acec7
2025-07-04 11:33:32 - actions.actions - INFO - run:502 - Slot actualizado: appointment_id = 70fc2fdd-1721-4439-bf6e-b30e010acec7
2025-07-04 11:33:32 - actions.actions - INFO - run:502 - Slot actualizado: bot_name = BOT DEV
2025-07-04 11:33:32 - actions.actions - INFO - run:502 - Slot actualizado: campaign_name = confirmacion
2025-07-04 11:33:32 - actions.actions - INFO - run:502 - Slot actualizado: phone_number = 56964058510
2025-07-04 11:33:32 - actions.actions - INFO - run:502 - Slot actualizado: preparations = True
2025-07-04 11:33:32 - actions.actions - INFO - run:502 - Slot actualizado: tipo_mensaje = Confirmacion
2025-07-04 11:33:32 - actions.actions - INFO - run:502 - Slot actualizado: centro_medico_tipo = Clínica
2025-07-04 11:33:32 - actions.actions - INFO - run:502 - Slot actualizado: preparation_url = httpsdrive.google.comfiled13-7QlkXRg3-lVsDCe0LCdVDhw3FsJfASviewuspdrive_link
2025-07-04 11:33:32 - actions.actions - INFO - run:502 - Slot actualizado: resource_name = Celeste Olivia Borie Polanco
2025-07-04 11:33:32 - actions.actions - INFO - run:502 - Slot actualizado: status = ready to send
2025-07-04 11:33:32 - actions.actions - INFO - run:506 - Contexto configurado como: confirmación
2025-07-04 11:33:32 - actions.actions - INFO - run:517 - Fecha formateada: 02/07/2025 a las 19:00
2025-07-04 11:33:32 - actions.actions - INFO - run:552 - Contexto inicializado exitosamente para usuario: 2
2025-07-04 11:33:46 - actions.utils - INFO - log_request_info:190 - Ejecutando action_confirm_appointment para usuario: 2
2025-07-04 11:33:46 - actions.actions - INFO - obtener_access_token:101 - Solicitando token de acceso a https://redsalud-qa.apigee.net/oauth/token
2025-07-04 11:33:46 - actions.actions - INFO - obtener_access_token:102 - Client ID: 4tu0...
2025-07-04 11:33:46 - actions.actions - INFO - obtener_access_token:120 - Token de acceso obtenido exitosamente, expira en 2025-07-04 12:18:45.099449
2025-07-04 11:33:46 - actions.actions - INFO - confirm_appointment:165 - Solicitando confirmación de cita 70fc2fdd-1721-4439-bf6e-b30e010acec7
2025-07-04 11:33:47 - actions.actions - ERROR - confirm_appointment:176 - Error al confirmar cita: 400 - {
  "error":{
    "code":"","message":"No se puede cambiar el estado de una cita en el pasado"
  }
}
2025-07-04 11:33:47 - actions.actions - ERROR - run:762 - Error confirmando cita en Apigee: Error 400: {
  "error":{
    "code":"","message":"No se puede cambiar el estado de una cita en el pasado"
  }
}
2025-07-04 11:33:48 - actions.database - INFO - update_appointment_status:194 - Estado de cita 70fc2fdd-1721-4439-bf6e-b30e010acec7 actualizado a 'confirmed error' exitosamente
2025-07-04 11:33:48 - actions.actions - INFO - run:770 - Confirmación fallida para usuario: 2
2025-07-04 11:44:09 - actions.utils - INFO - log_request_info:190 - Ejecutando action_init_context para usuario: 5f566ce9-2d30-4ff5-a046-b3100101c8dc
2025-07-04 11:44:09 - actions.actions - INFO - run:502 - Slot actualizado: nombre_paciente = Manuel Castillo Vicuña
2025-07-04 11:44:09 - actions.actions - INFO - run:502 - Slot actualizado: id_especialidad = d76fee22-6a38-43ef-b824-a60d001fe940
2025-07-04 11:44:09 - actions.actions - INFO - run:502 - Slot actualizado: especialidad = MEDICINA GENERAL ADULTO
2025-07-04 11:44:09 - actions.actions - INFO - run:502 - Slot actualizado: fecha_hora = 2025-07-04T170000-0400
2025-07-04 11:44:09 - actions.actions - INFO - run:502 - Slot actualizado: id_centro_medico = c7e1f17b-45c6-45e0-b981-a5f800212bef
2025-07-04 11:44:09 - actions.actions - INFO - run:502 - Slot actualizado: centro_medico = RedSalud Alameda
2025-07-04 11:44:09 - actions.actions - INFO - run:502 - Slot actualizado: centro_medico_address = San Martin 30 ,Santiago
2025-07-04 11:44:09 - actions.actions - INFO - run:502 - Slot actualizado: centro_medico_google = httpsgoo.glmapsT7iNCdZcQc35gbp58
2025-07-04 11:44:09 - actions.actions - INFO - run:502 - Slot actualizado: centro_medico_comuna = Santiago
2025-07-04 11:44:09 - actions.actions - INFO - run:502 - Slot actualizado: area_medica = Médica
2025-07-04 11:44:09 - actions.actions - INFO - run:502 - Slot actualizado: conversation_id = 5f566ce9-2d30-4ff5-a046-b3100101c8dc
2025-07-04 11:44:09 - actions.actions - INFO - run:502 - Slot actualizado: bot_name = BOT DEV
2025-07-04 11:44:09 - actions.actions - INFO - run:502 - Slot actualizado: campaign_name = confirmacion
2025-07-04 11:44:09 - actions.actions - INFO - run:502 - Slot actualizado: phone_number = 56964058510
2025-07-04 11:44:09 - actions.actions - INFO - run:502 - Slot actualizado: preparations = True
2025-07-04 11:44:09 - actions.actions - INFO - run:502 - Slot actualizado: tipo_mensaje = Confirmacion
2025-07-04 11:44:09 - actions.actions - INFO - run:502 - Slot actualizado: centro_medico_tipo = Clínica
2025-07-04 11:44:09 - actions.actions - INFO - run:502 - Slot actualizado: preparation_url = httpsdrive.google.comfiled13-7QlkXRg3-lVsDCe0LCdVDhw3FsJfASviewuspdrive_link
2025-07-04 11:44:09 - actions.actions - INFO - run:502 - Slot actualizado: resource_name = Celeste Olivia Borie Polanco
2025-07-04 11:44:09 - actions.actions - INFO - run:502 - Slot actualizado: status = ready to send
2025-07-04 11:44:09 - actions.actions - INFO - run:506 - Contexto configurado como: confirmación
2025-07-04 11:44:09 - actions.actions - INFO - run:517 - Fecha formateada: 04/07/2025 a las 17:00
2025-07-04 11:44:09 - actions.actions - INFO - run:552 - Contexto inicializado exitosamente para usuario: 5f566ce9-2d30-4ff5-a046-b3100101c8dc
2025-07-04 11:46:17 - actions.utils - INFO - log_request_info:190 - Ejecutando action_confirm_appointment para usuario: 5f566ce9-2d30-4ff5-a046-b3100101c8dc
2025-07-04 11:46:17 - actions.actions - WARNING - run:751 - No se encontró appointment_id para confirmar en RedSalud
2025-07-04 11:46:17 - actions.actions - INFO - run:830 - Confirmación fallida (sin appointment_id) para usuario: 5f566ce9-2d30-4ff5-a046-b3100101c8dc
2025-07-04 11:49:54 - root - INFO - setup_logging:89 - Logging configurado - Nivel: INFO, Archivo: bot_confirmaciones.log
2025-07-04 11:49:54 - root - INFO - setup_logging:90 - Bot de confirmaciones iniciando...
2025-07-04 11:49:55 - actions.database - INFO - _initialize_pool:47 - Pool de conexiones PostgreSQL inicializado correctamente
2025-07-04 11:49:57 - actions.actions - INFO - <module>:42 - APIGEE_API_URL: https://redsalud-qa.apigee.net
2025-07-04 11:49:57 - actions.actions - INFO - <module>:43 - APIGEE_USERNAME: 4tu0...
2025-07-04 11:49:57 - actions.actions - INFO - <module>:44 - APIGEE_PASSWORD: Configurado
2025-07-04 11:49:57 - actions - INFO - <module>:32 - Módulo de acciones cargado correctamente
2025-07-04 11:50:15 - root - INFO - setup_logging:89 - Logging configurado - Nivel: INFO, Archivo: bot_confirmaciones.log
2025-07-04 11:50:15 - root - INFO - setup_logging:90 - Bot de confirmaciones iniciando...
2025-07-04 11:50:16 - actions.database - INFO - _initialize_pool:47 - Pool de conexiones PostgreSQL inicializado correctamente
2025-07-04 11:50:16 - actions.actions - INFO - <module>:42 - APIGEE_API_URL: https://redsalud-qa.apigee.net
2025-07-04 11:50:16 - actions.actions - INFO - <module>:43 - APIGEE_USERNAME: 4tu0...
2025-07-04 11:50:16 - actions.actions - INFO - <module>:44 - APIGEE_PASSWORD: Configurado
2025-07-04 11:50:16 - actions - INFO - <module>:32 - Módulo de acciones cargado correctamente
2025-07-04 11:50:16 - rasa_sdk.executor - INFO - register_function:204 - Registered function for 'action_test_connection'.
2025-07-04 11:50:16 - rasa_sdk.executor - INFO - register_function:204 - Registered function for 'action_get_system_status'.
2025-07-04 11:50:16 - rasa_sdk.executor - INFO - register_function:204 - Registered function for 'action_validate_input'.
2025-07-04 11:50:16 - rasa_sdk.executor - INFO - register_function:204 - Registered function for 'action_handle_error'.
2025-07-04 11:50:16 - rasa_sdk.executor - INFO - register_function:204 - Registered function for 'action_fallback'.
2025-07-04 11:50:16 - rasa_sdk.executor - INFO - register_function:204 - Registered function for 'action_init_context'.
2025-07-04 11:50:16 - rasa_sdk.executor - INFO - register_function:204 - Registered function for 'action_format_date'.
2025-07-04 11:50:16 - rasa_sdk.executor - INFO - register_function:204 - Registered function for 'action_cancel_appointment'.
2025-07-04 11:50:16 - rasa_sdk.executor - INFO - register_function:204 - Registered function for 'action_confirm_appointment'.
2025-07-04 11:50:16 - rasa_sdk.executor - INFO - register_function:204 - Registered function for 'action_init_rebooking'.
2025-07-04 11:50:16 - rasa_sdk.endpoint - INFO - run:161 - Starting plugins...
2025-07-04 11:50:16 - rasa_sdk.endpoint - INFO - run:167 - Action endpoint is up and running on http://0.0.0.0:5055
2025-07-04 12:10:18 - actions.utils - INFO - log_request_info:190 - Ejecutando action_init_context para usuario: 5b1c8dfe-df0b-42ae-950a-b30f0169cc3e
2025-07-04 12:10:18 - actions.actions - INFO - run:502 - Slot actualizado: nombre_paciente = Giancarlo Palomino Huallpa
2025-07-04 12:10:18 - actions.actions - INFO - run:502 - Slot actualizado: id_especialidad = 9da27b49-fe81-4188-ba06-b13100fee18d
2025-07-04 12:10:18 - actions.actions - INFO - run:502 - Slot actualizado: especialidad = 1 CONSULTA BARIÁTRICA
2025-07-04 12:10:18 - actions.actions - INFO - run:502 - Slot actualizado: fecha_hora = 2025-07-04T144500-0400
2025-07-04 12:10:18 - actions.actions - INFO - run:502 - Slot actualizado: id_centro_medico = 223ce757-0a28-471b-a13a-a8ac010e5041
2025-07-04 12:10:18 - actions.actions - INFO - run:502 - Slot actualizado: centro_medico = Clínica RedSalud Santiago
2025-07-04 12:10:18 - actions.actions - INFO - run:502 - Slot actualizado: centro_medico_address = Av Lib Bernardo Ohiggins 4850,Santiago
2025-07-04 12:10:18 - actions.actions - INFO - run:502 - Slot actualizado: centro_medico_google = httpsgoo.glmapsLmkXZn4PYRgkGrYZ9
2025-07-04 12:10:18 - actions.actions - INFO - run:502 - Slot actualizado: centro_medico_comuna = Santiago
2025-07-04 12:10:18 - actions.actions - INFO - run:502 - Slot actualizado: area_medica = Médica
2025-07-04 12:10:18 - actions.actions - INFO - run:502 - Slot actualizado: conversation_id = 5b1c8dfe-df0b-42ae-950a-b30f0169cc3e
2025-07-04 12:10:18 - actions.actions - INFO - run:502 - Slot actualizado: bot_name = BOT DEV
2025-07-04 12:10:18 - actions.actions - INFO - run:502 - Slot actualizado: campaign_name = confirmacion
2025-07-04 12:10:18 - actions.actions - INFO - run:502 - Slot actualizado: phone_number = 56988111111
2025-07-04 12:10:18 - actions.actions - INFO - run:502 - Slot actualizado: preparations = False
2025-07-04 12:10:18 - actions.actions - INFO - run:502 - Slot actualizado: tipo_mensaje = Confirmacion
2025-07-04 12:10:18 - actions.actions - INFO - run:502 - Slot actualizado: centro_medico_tipo = Clínica
2025-07-04 12:10:18 - actions.actions - INFO - run:502 - Slot actualizado: resource_name = Jaime Zamarin Morales
2025-07-04 12:10:18 - actions.actions - INFO - run:502 - Slot actualizado: status = ready to send
2025-07-04 12:10:18 - actions.actions - INFO - run:506 - Contexto configurado como: confirmación
2025-07-04 12:10:18 - actions.actions - INFO - run:517 - Fecha formateada: 04/07/2025 a las 14:45
2025-07-04 12:10:18 - actions.actions - INFO - run:552 - Contexto inicializado exitosamente para usuario: 5b1c8dfe-df0b-42ae-950a-b30f0169cc3e
2025-07-04 12:10:18 - actions.utils - INFO - log_request_info:190 - Ejecutando action_init_context para usuario: 5f566ce9-2d30-4ff5-a046-b3100101c8dc
2025-07-04 12:10:18 - actions.actions - INFO - run:502 - Slot actualizado: nombre_paciente = Manuel Castillo Vicuña
2025-07-04 12:10:18 - actions.actions - INFO - run:502 - Slot actualizado: id_especialidad = d76fee22-6a38-43ef-b824-a60d001fe940
2025-07-04 12:10:18 - actions.actions - INFO - run:502 - Slot actualizado: especialidad = MEDICINA GENERAL ADULTO
2025-07-04 12:10:18 - actions.actions - INFO - run:502 - Slot actualizado: fecha_hora = 2025-07-04T170000-0400
2025-07-04 12:10:18 - actions.actions - INFO - run:502 - Slot actualizado: id_centro_medico = c7e1f17b-45c6-45e0-b981-a5f800212bef
2025-07-04 12:10:18 - actions.actions - INFO - run:502 - Slot actualizado: centro_medico = RedSalud Alameda
2025-07-04 12:10:18 - actions.actions - INFO - run:502 - Slot actualizado: centro_medico_address = San Martin 30 ,Santiago
2025-07-04 12:10:18 - actions.actions - INFO - run:502 - Slot actualizado: centro_medico_google = httpsgoo.glmapsT7iNCdZcQc35gbp58
2025-07-04 12:10:18 - actions.actions - INFO - run:502 - Slot actualizado: centro_medico_comuna = Santiago
2025-07-04 12:10:18 - actions.actions - INFO - run:502 - Slot actualizado: area_medica = Médica
2025-07-04 12:10:18 - actions.actions - INFO - run:502 - Slot actualizado: conversation_id = 5f566ce9-2d30-4ff5-a046-b3100101c8dc
2025-07-04 12:10:18 - actions.actions - INFO - run:502 - Slot actualizado: bot_name = BOT DEV
2025-07-04 12:10:18 - actions.actions - INFO - run:502 - Slot actualizado: campaign_name = confirmacion
2025-07-04 12:10:18 - actions.actions - INFO - run:502 - Slot actualizado: phone_number = 56964058510
2025-07-04 12:10:18 - actions.actions - INFO - run:502 - Slot actualizado: preparations = True
2025-07-04 12:10:18 - actions.actions - INFO - run:502 - Slot actualizado: tipo_mensaje = Confirmacion
2025-07-04 12:10:18 - actions.actions - INFO - run:502 - Slot actualizado: centro_medico_tipo = Clínica
2025-07-04 12:10:18 - actions.actions - INFO - run:502 - Slot actualizado: preparation_url = httpsdrive.google.comfiled13-7QlkXRg3-lVsDCe0LCdVDhw3FsJfASviewuspdrive_link
2025-07-04 12:10:18 - actions.actions - INFO - run:502 - Slot actualizado: resource_name = Celeste Olivia Borie Polanco
2025-07-04 12:10:18 - actions.actions - INFO - run:502 - Slot actualizado: status = ready to send
2025-07-04 12:10:18 - actions.actions - INFO - run:506 - Contexto configurado como: confirmación
2025-07-04 12:10:18 - actions.actions - INFO - run:517 - Fecha formateada: 04/07/2025 a las 17:00
2025-07-04 12:10:18 - actions.actions - INFO - run:552 - Contexto inicializado exitosamente para usuario: 5f566ce9-2d30-4ff5-a046-b3100101c8dc
2025-07-04 12:10:18 - actions.utils - INFO - log_request_info:190 - Ejecutando action_init_context para usuario: 37621b06-a96e-471e-a6e8-b31000fde151
2025-07-04 12:10:18 - actions.actions - INFO - run:502 - Slot actualizado: nombre_paciente = Exequiel Jovino Catalán Ovalle
2025-07-04 12:10:18 - actions.actions - INFO - run:502 - Slot actualizado: id_especialidad = 9da27b49-fe81-4188-ba06-b13100fee18d
2025-07-04 12:10:18 - actions.actions - INFO - run:502 - Slot actualizado: especialidad = 1 CONSULTA BARIÁTRICA
2025-07-04 12:10:18 - actions.actions - INFO - run:502 - Slot actualizado: fecha_hora = 2025-07-04T161500-0400
2025-07-04 12:10:18 - actions.actions - INFO - run:502 - Slot actualizado: id_centro_medico = 223ce757-0a28-471b-a13a-a8ac010e5041
2025-07-04 12:10:18 - actions.actions - INFO - run:502 - Slot actualizado: centro_medico = Clínica RedSalud Santiago
2025-07-04 12:10:18 - actions.actions - INFO - run:502 - Slot actualizado: centro_medico_address = Av Lib Bernardo Ohiggins 4850,Santiago
2025-07-04 12:10:18 - actions.actions - INFO - run:502 - Slot actualizado: centro_medico_google = httpsgoo.glmapsLmkXZn4PYRgkGrYZ9
2025-07-04 12:10:18 - actions.actions - INFO - run:502 - Slot actualizado: centro_medico_comuna = Santiago
2025-07-04 12:10:18 - actions.actions - INFO - run:502 - Slot actualizado: area_medica = Médica
2025-07-04 12:10:18 - actions.actions - INFO - run:502 - Slot actualizado: conversation_id = 37621b06-a96e-471e-a6e8-b31000fde151
2025-07-04 12:10:18 - actions.actions - INFO - run:502 - Slot actualizado: bot_name = BOT DEV
2025-07-04 12:10:18 - actions.actions - INFO - run:502 - Slot actualizado: campaign_name = confirmacion
2025-07-04 12:10:18 - actions.actions - INFO - run:502 - Slot actualizado: phone_number = 56988889999
2025-07-04 12:10:18 - actions.actions - INFO - run:502 - Slot actualizado: preparations = False
2025-07-04 12:10:18 - actions.actions - INFO - run:502 - Slot actualizado: tipo_mensaje = Confirmacion
2025-07-04 12:10:18 - actions.actions - INFO - run:502 - Slot actualizado: centro_medico_tipo = Clínica
2025-07-04 12:10:18 - actions.actions - INFO - run:502 - Slot actualizado: resource_name = Jaime Zamarin Morales
2025-07-04 12:10:18 - actions.actions - INFO - run:502 - Slot actualizado: status = ready to send
2025-07-04 12:10:18 - actions.actions - INFO - run:506 - Contexto configurado como: confirmación
2025-07-04 12:10:18 - actions.actions - INFO - run:517 - Fecha formateada: 04/07/2025 a las 16:15
2025-07-04 12:10:18 - actions.actions - INFO - run:552 - Contexto inicializado exitosamente para usuario: 37621b06-a96e-471e-a6e8-b31000fde151
2025-07-04 12:10:18 - actions.utils - INFO - log_request_info:190 - Ejecutando action_init_context para usuario: b4f7d6f8-ce45-4747-b2ff-b30d0140eba6
2025-07-04 12:10:18 - actions.actions - INFO - run:502 - Slot actualizado: nombre_paciente = Álvaro Hans Muñoz Gatica
2025-07-04 12:10:18 - actions.actions - INFO - run:502 - Slot actualizado: id_especialidad = 9da27b49-fe81-4188-ba06-b13100fee18d
2025-07-04 12:10:18 - actions.actions - INFO - run:502 - Slot actualizado: especialidad = 1 CONSULTA BARIÁTRICA
2025-07-04 12:10:18 - actions.actions - INFO - run:502 - Slot actualizado: fecha_hora = 2025-07-04T151500-0400
2025-07-04 12:10:18 - actions.actions - INFO - run:502 - Slot actualizado: id_centro_medico = 223ce757-0a28-471b-a13a-a8ac010e5041
2025-07-04 12:10:18 - actions.actions - INFO - run:502 - Slot actualizado: centro_medico = Clínica RedSalud Santiago
2025-07-04 12:10:18 - actions.actions - INFO - run:502 - Slot actualizado: centro_medico_address = Av Lib Bernardo Ohiggins 4850,Santiago
2025-07-04 12:10:18 - actions.actions - INFO - run:502 - Slot actualizado: centro_medico_google = httpsgoo.glmapsLmkXZn4PYRgkGrYZ9
2025-07-04 12:10:18 - actions.actions - INFO - run:502 - Slot actualizado: centro_medico_comuna = Santiago
2025-07-04 12:10:18 - actions.actions - INFO - run:502 - Slot actualizado: area_medica = Médica
2025-07-04 12:10:18 - actions.actions - INFO - run:502 - Slot actualizado: conversation_id = b4f7d6f8-ce45-4747-b2ff-b30d0140eba6
2025-07-04 12:10:18 - actions.actions - INFO - run:502 - Slot actualizado: bot_name = BOT DEV
2025-07-04 12:10:18 - actions.actions - INFO - run:502 - Slot actualizado: campaign_name = confirmacion
2025-07-04 12:10:18 - actions.actions - INFO - run:502 - Slot actualizado: phone_number = 56945301668
2025-07-04 12:10:18 - actions.actions - INFO - run:502 - Slot actualizado: preparations = False
2025-07-04 12:10:18 - actions.actions - INFO - run:502 - Slot actualizado: tipo_mensaje = Confirmacion
2025-07-04 12:10:18 - actions.actions - INFO - run:502 - Slot actualizado: centro_medico_tipo = Clínica
2025-07-04 12:10:18 - actions.actions - INFO - run:502 - Slot actualizado: resource_name = Jaime Zamarin Morales
2025-07-04 12:10:18 - actions.actions - INFO - run:502 - Slot actualizado: status = ready to send
2025-07-04 12:10:18 - actions.actions - INFO - run:506 - Contexto configurado como: confirmación
2025-07-04 12:10:18 - actions.actions - INFO - run:517 - Fecha formateada: 04/07/2025 a las 15:15
2025-07-04 12:10:18 - actions.actions - INFO - run:552 - Contexto inicializado exitosamente para usuario: b4f7d6f8-ce45-4747-b2ff-b30d0140eba6
2025-07-04 12:10:18 - actions.utils - INFO - log_request_info:190 - Ejecutando action_init_context para usuario: 9448f4f4-9b4b-4d79-b2a1-b30d01511ceb
2025-07-04 12:10:18 - actions.actions - INFO - run:502 - Slot actualizado: nombre_paciente = Loretta Lis -
2025-07-04 12:10:18 - actions.actions - INFO - run:502 - Slot actualizado: id_especialidad = 9da27b49-fe81-4188-ba06-b13100fee18d
2025-07-04 12:10:18 - actions.actions - INFO - run:502 - Slot actualizado: especialidad = 1 CONSULTA BARIÁTRICA
2025-07-04 12:10:18 - actions.actions - INFO - run:502 - Slot actualizado: fecha_hora = 2025-07-04T153000-0400
2025-07-04 12:10:18 - actions.actions - INFO - run:502 - Slot actualizado: id_centro_medico = 223ce757-0a28-471b-a13a-a8ac010e5041
2025-07-04 12:10:18 - actions.actions - INFO - run:502 - Slot actualizado: centro_medico = Clínica RedSalud Santiago
2025-07-04 12:10:18 - actions.actions - INFO - run:502 - Slot actualizado: centro_medico_address = Av Lib Bernardo Ohiggins 4850,Santiago
2025-07-04 12:10:18 - actions.actions - INFO - run:502 - Slot actualizado: centro_medico_google = httpsgoo.glmapsLmkXZn4PYRgkGrYZ9
2025-07-04 12:10:18 - actions.actions - INFO - run:502 - Slot actualizado: centro_medico_comuna = Santiago
2025-07-04 12:10:18 - actions.actions - INFO - run:502 - Slot actualizado: area_medica = Médica
2025-07-04 12:10:18 - actions.actions - INFO - run:502 - Slot actualizado: conversation_id = 9448f4f4-9b4b-4d79-b2a1-b30d01511ceb
2025-07-04 12:10:18 - actions.actions - INFO - run:502 - Slot actualizado: bot_name = BOT DEV
2025-07-04 12:10:18 - actions.actions - INFO - run:502 - Slot actualizado: campaign_name = confirmacion
2025-07-04 12:10:18 - actions.actions - INFO - run:502 - Slot actualizado: phone_number = 56999887776
2025-07-04 12:10:18 - actions.actions - INFO - run:502 - Slot actualizado: preparations = False
2025-07-04 12:10:18 - actions.actions - INFO - run:502 - Slot actualizado: tipo_mensaje = Confirmacion
2025-07-04 12:10:18 - actions.actions - INFO - run:502 - Slot actualizado: centro_medico_tipo = Clínica
2025-07-04 12:10:18 - actions.actions - INFO - run:502 - Slot actualizado: resource_name = Jaime Zamarin Morales
2025-07-04 12:10:18 - actions.actions - INFO - run:502 - Slot actualizado: status = ready to send
2025-07-04 12:10:18 - actions.actions - INFO - run:506 - Contexto configurado como: confirmación
2025-07-04 12:10:18 - actions.actions - INFO - run:517 - Fecha formateada: 04/07/2025 a las 15:30
2025-07-04 12:10:18 - actions.actions - INFO - run:552 - Contexto inicializado exitosamente para usuario: 9448f4f4-9b4b-4d79-b2a1-b30d01511ceb
2025-07-04 12:10:18 - actions.utils - INFO - log_request_info:190 - Ejecutando action_init_context para usuario: fc41157d-384f-4898-973d-b301015ab59c
2025-07-04 12:10:18 - actions.actions - INFO - run:502 - Slot actualizado: nombre_paciente = ANTONIA ISABEL ARRIAGADA BRIONES
2025-07-04 12:10:18 - actions.actions - INFO - run:502 - Slot actualizado: id_especialidad = aee6d897-7052-41ad-a0ac-ab0900de77f6
2025-07-04 12:10:18 - actions.actions - INFO - run:502 - Slot actualizado: especialidad = CONTROL DE ORTODONCIA
2025-07-04 12:10:18 - actions.actions - INFO - run:502 - Slot actualizado: fecha_hora = 2025-07-05T131500-0400
2025-07-04 12:10:18 - actions.actions - INFO - run:502 - Slot actualizado: id_centro_medico = 10babd82-8092-441c-97f1-a8350141e161
2025-07-04 12:10:18 - actions.actions - INFO - run:502 - Slot actualizado: centro_medico = RedSalud Agustinas
2025-07-04 12:10:18 - actions.actions - INFO - run:502 - Slot actualizado: centro_medico_address = Agustinas 641,Santiago
2025-07-04 12:10:18 - actions.actions - INFO - run:502 - Slot actualizado: centro_medico_google = httpsgoo.glmapsJTiHc9KtFyRVzHWr9
2025-07-04 12:10:18 - actions.actions - INFO - run:502 - Slot actualizado: centro_medico_comuna = Santiago
2025-07-04 12:10:18 - actions.actions - INFO - run:502 - Slot actualizado: area_medica = Dental
2025-07-04 12:10:18 - actions.actions - INFO - run:502 - Slot actualizado: conversation_id = fc41157d-384f-4898-973d-b301015ab59c
2025-07-04 12:10:18 - actions.actions - INFO - run:502 - Slot actualizado: bot_name = BOT DEV
2025-07-04 12:10:18 - actions.actions - INFO - run:502 - Slot actualizado: campaign_name = confirmacion
2025-07-04 12:10:18 - actions.actions - INFO - run:502 - Slot actualizado: phone_number = 56988889999
2025-07-04 12:10:18 - actions.actions - INFO - run:502 - Slot actualizado: preparations = True
2025-07-04 12:10:18 - actions.actions - INFO - run:502 - Slot actualizado: tipo_mensaje = Confirmacion
2025-07-04 12:10:18 - actions.actions - INFO - run:502 - Slot actualizado: centro_medico_tipo = Clínica
2025-07-04 12:10:18 - actions.actions - INFO - run:502 - Slot actualizado: preparation_url = httpsdrive.google.comfiled1xvnUPDohXBcvx0WyMzAw7baN-ItBkTWPview
2025-07-04 12:10:18 - actions.actions - INFO - run:502 - Slot actualizado: preparation_pdf_name = Protocolo Confirmación Citas Dentales.pdf
2025-07-04 12:10:18 - actions.actions - INFO - run:502 - Slot actualizado: resource_name = Claudia Alejandra Tapia Soler
2025-07-04 12:10:18 - actions.actions - INFO - run:502 - Slot actualizado: status = ready to send
2025-07-04 12:10:18 - actions.actions - INFO - run:506 - Contexto configurado como: confirmación
2025-07-04 12:10:18 - actions.actions - INFO - run:517 - Fecha formateada: 05/07/2025 a las 13:15
2025-07-04 12:10:18 - actions.actions - INFO - run:552 - Contexto inicializado exitosamente para usuario: fc41157d-384f-4898-973d-b301015ab59c
2025-07-04 12:10:18 - actions.utils - INFO - log_request_info:190 - Ejecutando action_init_context para usuario: 7fb0be0a-d3dc-4af2-8337-b31000f93bc8
2025-07-04 12:10:18 - actions.actions - INFO - run:502 - Slot actualizado: nombre_paciente = Bárbara Vega Valdivia
2025-07-04 12:10:18 - actions.actions - INFO - run:502 - Slot actualizado: id_especialidad = d76fee22-6a38-43ef-b824-a60d001fe940
2025-07-04 12:10:18 - actions.actions - INFO - run:502 - Slot actualizado: especialidad = MEDICINA GENERAL ADULTO
2025-07-04 12:10:18 - actions.actions - INFO - run:502 - Slot actualizado: fecha_hora = 2025-07-05T090000-0400
2025-07-04 12:10:18 - actions.actions - INFO - run:502 - Slot actualizado: id_centro_medico = c7e1f17b-45c6-45e0-b981-a5f800212bef
2025-07-04 12:10:18 - actions.actions - INFO - run:502 - Slot actualizado: centro_medico = RedSalud Alameda
2025-07-04 12:10:18 - actions.actions - INFO - run:502 - Slot actualizado: centro_medico_address = San Martin 30 ,Santiago
2025-07-04 12:10:18 - actions.actions - INFO - run:502 - Slot actualizado: centro_medico_google = httpsgoo.glmapsT7iNCdZcQc35gbp58
2025-07-04 12:10:18 - actions.actions - INFO - run:502 - Slot actualizado: centro_medico_comuna = Santiago
2025-07-04 12:10:18 - actions.actions - INFO - run:502 - Slot actualizado: area_medica = Médica
2025-07-04 12:10:18 - actions.actions - INFO - run:502 - Slot actualizado: conversation_id = 7fb0be0a-d3dc-4af2-8337-b31000f93bc8
2025-07-04 12:10:18 - actions.actions - INFO - run:502 - Slot actualizado: bot_name = BOT DEV
2025-07-04 12:10:18 - actions.actions - INFO - run:502 - Slot actualizado: campaign_name = confirmacion
2025-07-04 12:10:18 - actions.actions - INFO - run:502 - Slot actualizado: phone_number = 56988889999
2025-07-04 12:10:18 - actions.actions - INFO - run:502 - Slot actualizado: preparations = True
2025-07-04 12:10:18 - actions.actions - INFO - run:502 - Slot actualizado: tipo_mensaje = Confirmacion
2025-07-04 12:10:18 - actions.actions - INFO - run:502 - Slot actualizado: centro_medico_tipo = Clínica
2025-07-04 12:10:18 - actions.actions - INFO - run:502 - Slot actualizado: preparation_url = httpsdrive.google.comfiled13-7QlkXRg3-lVsDCe0LCdVDhw3FsJfASviewuspdrive_link
2025-07-04 12:10:18 - actions.actions - INFO - run:502 - Slot actualizado: resource_name = Rodrigo Ignacio Sánchez Mora
2025-07-04 12:10:18 - actions.actions - INFO - run:502 - Slot actualizado: status = ready to send
2025-07-04 12:10:18 - actions.actions - INFO - run:506 - Contexto configurado como: confirmación
2025-07-04 12:10:18 - actions.actions - INFO - run:517 - Fecha formateada: 05/07/2025 a las 09:00
2025-07-04 12:10:18 - actions.actions - INFO - run:552 - Contexto inicializado exitosamente para usuario: 7fb0be0a-d3dc-4af2-8337-b31000f93bc8
2025-07-04 12:10:18 - actions.utils - INFO - log_request_info:190 - Ejecutando action_init_context para usuario: 6f6c4042-1972-4fe9-8137-b31000f1415c
2025-07-04 12:10:18 - actions.actions - INFO - run:502 - Slot actualizado: nombre_paciente = Sergio Nicolás Guzmán Leyton
2025-07-04 12:10:18 - actions.actions - INFO - run:502 - Slot actualizado: id_especialidad = bcf5f290-c88b-4404-8a82-a60d00233014
2025-07-04 12:10:18 - actions.actions - INFO - run:502 - Slot actualizado: especialidad = CARDIOLOGIA ADULTO
2025-07-04 12:10:18 - actions.actions - INFO - run:502 - Slot actualizado: fecha_hora = 2025-07-04T150000-0400
2025-07-04 12:10:18 - actions.actions - INFO - run:502 - Slot actualizado: id_centro_medico = c7e1f17b-45c6-45e0-b981-a5f800212bef
2025-07-04 12:10:18 - actions.actions - INFO - run:502 - Slot actualizado: centro_medico = RedSalud Alameda
2025-07-04 12:10:18 - actions.actions - INFO - run:502 - Slot actualizado: centro_medico_address = San Martin 30 ,Santiago
2025-07-04 12:10:18 - actions.actions - INFO - run:502 - Slot actualizado: centro_medico_google = httpsgoo.glmapsT7iNCdZcQc35gbp58
2025-07-04 12:10:18 - actions.actions - INFO - run:502 - Slot actualizado: centro_medico_comuna = Santiago
2025-07-04 12:10:18 - actions.actions - INFO - run:502 - Slot actualizado: area_medica = Médica
2025-07-04 12:10:18 - actions.actions - INFO - run:502 - Slot actualizado: conversation_id = 6f6c4042-1972-4fe9-8137-b31000f1415c
2025-07-04 12:10:18 - actions.actions - INFO - run:502 - Slot actualizado: bot_name = BOT DEV
2025-07-04 12:10:18 - actions.actions - INFO - run:502 - Slot actualizado: campaign_name = confirmacion
2025-07-04 12:10:18 - actions.actions - INFO - run:502 - Slot actualizado: phone_number = 56958836039
2025-07-04 12:10:18 - actions.actions - INFO - run:502 - Slot actualizado: preparations = False
2025-07-04 12:10:18 - actions.actions - INFO - run:502 - Slot actualizado: tipo_mensaje = Confirmacion
2025-07-04 12:10:18 - actions.actions - INFO - run:502 - Slot actualizado: centro_medico_tipo = Clínica
2025-07-04 12:10:18 - actions.actions - INFO - run:502 - Slot actualizado: resource_name = Nilton Rodrigo Silva Duran
2025-07-04 12:10:18 - actions.actions - INFO - run:502 - Slot actualizado: status = ready to send
2025-07-04 12:10:18 - actions.actions - INFO - run:506 - Contexto configurado como: confirmación
2025-07-04 12:10:18 - actions.actions - INFO - run:517 - Fecha formateada: 04/07/2025 a las 15:00
2025-07-04 12:10:18 - actions.actions - INFO - run:552 - Contexto inicializado exitosamente para usuario: 6f6c4042-1972-4fe9-8137-b31000f1415c
2025-07-04 12:10:18 - actions.utils - INFO - log_request_info:190 - Ejecutando action_init_context para usuario: a06e8337-a15e-48d9-b864-b31000fd6093
2025-07-04 12:10:18 - actions.actions - INFO - run:502 - Slot actualizado: nombre_paciente = MARIBEL CAMPOS MORA
2025-07-04 12:10:18 - actions.actions - INFO - run:502 - Slot actualizado: id_especialidad = 9da27b49-fe81-4188-ba06-b13100fee18d
2025-07-04 12:10:18 - actions.actions - INFO - run:502 - Slot actualizado: especialidad = 1 CONSULTA BARIÁTRICA
2025-07-04 12:10:18 - actions.actions - INFO - run:502 - Slot actualizado: fecha_hora = 2025-07-04T160000-0400
2025-07-04 12:10:18 - actions.actions - INFO - run:502 - Slot actualizado: id_centro_medico = 223ce757-0a28-471b-a13a-a8ac010e5041
2025-07-04 12:10:18 - actions.actions - INFO - run:502 - Slot actualizado: centro_medico = Clínica RedSalud Santiago
2025-07-04 12:10:18 - actions.actions - INFO - run:502 - Slot actualizado: centro_medico_address = Av Lib Bernardo Ohiggins 4850,Santiago
2025-07-04 12:10:18 - actions.actions - INFO - run:502 - Slot actualizado: centro_medico_google = httpsgoo.glmapsLmkXZn4PYRgkGrYZ9
2025-07-04 12:10:18 - actions.actions - INFO - run:502 - Slot actualizado: centro_medico_comuna = Santiago
2025-07-04 12:10:18 - actions.actions - INFO - run:502 - Slot actualizado: area_medica = Médica
2025-07-04 12:10:18 - actions.actions - INFO - run:502 - Slot actualizado: conversation_id = a06e8337-a15e-48d9-b864-b31000fd6093
2025-07-04 12:10:18 - actions.actions - INFO - run:502 - Slot actualizado: bot_name = BOT DEV
2025-07-04 12:10:18 - actions.actions - INFO - run:502 - Slot actualizado: campaign_name = confirmacion
2025-07-04 12:10:18 - actions.actions - INFO - run:502 - Slot actualizado: phone_number = 56988889999
2025-07-04 12:10:18 - actions.actions - INFO - run:502 - Slot actualizado: preparations = False
2025-07-04 12:10:18 - actions.actions - INFO - run:502 - Slot actualizado: tipo_mensaje = Confirmacion
2025-07-04 12:10:18 - actions.actions - INFO - run:502 - Slot actualizado: centro_medico_tipo = Clínica
2025-07-04 12:10:18 - actions.actions - INFO - run:502 - Slot actualizado: resource_name = Jaime Zamarin Morales
2025-07-04 12:10:18 - actions.actions - INFO - run:502 - Slot actualizado: status = ready to send
2025-07-04 12:10:18 - actions.actions - INFO - run:506 - Contexto configurado como: confirmación
2025-07-04 12:10:18 - actions.actions - INFO - run:517 - Fecha formateada: 04/07/2025 a las 16:00
2025-07-04 12:10:18 - actions.actions - INFO - run:552 - Contexto inicializado exitosamente para usuario: a06e8337-a15e-48d9-b864-b31000fd6093
2025-07-04 12:10:18 - actions.utils - INFO - log_request_info:190 - Ejecutando action_init_context para usuario: 170d63e8-b3cd-4fd8-8629-b30d013c56cb
2025-07-04 12:10:18 - actions.actions - INFO - run:502 - Slot actualizado: nombre_paciente = Álvaro Hans Muñoz Gatica
2025-07-04 12:10:18 - actions.actions - INFO - run:502 - Slot actualizado: id_especialidad = 9da27b49-fe81-4188-ba06-b13100fee18d
2025-07-04 12:10:18 - actions.actions - INFO - run:502 - Slot actualizado: especialidad = 1 CONSULTA BARIÁTRICA
2025-07-04 12:10:18 - actions.actions - INFO - run:502 - Slot actualizado: fecha_hora = 2025-07-04T150000-0400
2025-07-04 12:10:18 - actions.actions - INFO - run:502 - Slot actualizado: id_centro_medico = 223ce757-0a28-471b-a13a-a8ac010e5041
2025-07-04 12:10:18 - actions.actions - INFO - run:502 - Slot actualizado: centro_medico = Clínica RedSalud Santiago
2025-07-04 12:10:18 - actions.actions - INFO - run:502 - Slot actualizado: centro_medico_address = Av Lib Bernardo Ohiggins 4850,Santiago
2025-07-04 12:10:18 - actions.actions - INFO - run:502 - Slot actualizado: centro_medico_google = httpsgoo.glmapsLmkXZn4PYRgkGrYZ9
2025-07-04 12:10:18 - actions.actions - INFO - run:502 - Slot actualizado: centro_medico_comuna = Santiago
2025-07-04 12:10:18 - actions.actions - INFO - run:502 - Slot actualizado: area_medica = Médica
2025-07-04 12:10:18 - actions.actions - INFO - run:502 - Slot actualizado: conversation_id = 170d63e8-b3cd-4fd8-8629-b30d013c56cb
2025-07-04 12:10:18 - actions.actions - INFO - run:502 - Slot actualizado: bot_name = BOT DEV
2025-07-04 12:10:18 - actions.actions - INFO - run:502 - Slot actualizado: campaign_name = confirmacion
2025-07-04 12:10:18 - actions.actions - INFO - run:502 - Slot actualizado: phone_number = 56945301668
2025-07-04 12:10:18 - actions.actions - INFO - run:502 - Slot actualizado: preparations = False
2025-07-04 12:10:18 - actions.actions - INFO - run:502 - Slot actualizado: tipo_mensaje = Confirmacion
2025-07-04 12:10:18 - actions.actions - INFO - run:502 - Slot actualizado: centro_medico_tipo = Clínica
2025-07-04 12:10:18 - actions.actions - INFO - run:502 - Slot actualizado: resource_name = Jaime Zamarin Morales
2025-07-04 12:10:18 - actions.actions - INFO - run:502 - Slot actualizado: status = ready to send
2025-07-04 12:10:18 - actions.actions - INFO - run:506 - Contexto configurado como: confirmación
2025-07-04 12:10:18 - actions.actions - INFO - run:517 - Fecha formateada: 04/07/2025 a las 15:00
2025-07-04 12:10:18 - actions.actions - INFO - run:552 - Contexto inicializado exitosamente para usuario: 170d63e8-b3cd-4fd8-8629-b30d013c56cb
2025-07-04 12:11:08 - actions.utils - INFO - log_request_info:190 - Ejecutando action_init_context para usuario: c0f7903f-f6fd-4265-97d6-b30f01644105
2025-07-04 12:11:10 - actions.actions - INFO - run:502 - Slot actualizado: nombre_paciente = Coco Sarsotti Pruebas
2025-07-04 12:11:10 - actions.actions - INFO - run:502 - Slot actualizado: id_especialidad = 9a3de6f3-9a17-45c8-a257-a8ab00e2227e
2025-07-04 12:11:10 - actions.actions - INFO - run:502 - Slot actualizado: especialidad = ALERGIA E INMUNOLOGIA ADULTO
2025-07-04 12:11:10 - actions.actions - INFO - run:502 - Slot actualizado: fecha_hora = 2025-07-05T084000-0400
2025-07-04 12:11:10 - actions.actions - INFO - run:502 - Slot actualizado: id_centro_medico = 4f238db3-af9a-40a1-bc0a-a8ac0109aee0
2025-07-04 12:11:10 - actions.actions - INFO - run:502 - Slot actualizado: centro_medico = Clínica RedSalud Providencia
2025-07-04 12:11:10 - actions.actions - INFO - run:502 - Slot actualizado: centro_medico_address = Av. Salvador 100,Providencia
2025-07-04 12:11:10 - actions.actions - INFO - run:502 - Slot actualizado: centro_medico_google = httpsgoo.glmaps7Txo9vLMhm3CtuG7A
2025-07-04 12:11:10 - actions.actions - INFO - run:502 - Slot actualizado: centro_medico_comuna = Providencia
2025-07-04 12:11:10 - actions.actions - INFO - run:502 - Slot actualizado: area_medica = Médica
2025-07-04 12:11:10 - actions.actions - INFO - run:502 - Slot actualizado: conversation_id = c0f7903f-f6fd-4265-97d6-b30f01644105
2025-07-04 12:11:10 - actions.actions - INFO - run:502 - Slot actualizado: bot_name = BOT DEV
2025-07-04 12:11:10 - actions.actions - INFO - run:502 - Slot actualizado: campaign_name = confirmacion
2025-07-04 12:11:10 - actions.actions - INFO - run:502 - Slot actualizado: phone_number = 56459231111
2025-07-04 12:11:10 - actions.actions - INFO - run:502 - Slot actualizado: preparations = False
2025-07-04 12:11:10 - actions.actions - INFO - run:502 - Slot actualizado: tipo_mensaje = Confirmacion
2025-07-04 12:11:10 - actions.actions - INFO - run:502 - Slot actualizado: centro_medico_tipo = Clínica
2025-07-04 12:11:10 - actions.actions - INFO - run:502 - Slot actualizado: resource_name = Francisca Andrea Salazar Quintana
2025-07-04 12:11:10 - actions.actions - INFO - run:502 - Slot actualizado: status = ready to send
2025-07-04 12:11:10 - actions.actions - INFO - run:502 - Slot actualizado: piso = 3
2025-07-04 12:11:10 - actions.actions - INFO - run:502 - Slot actualizado: torre = Sur
2025-07-04 12:11:10 - actions.actions - INFO - run:502 - Slot actualizado: autopago = Piso 1 al lado de informaciones
2025-07-04 12:11:10 - actions.actions - INFO - run:506 - Contexto configurado como: confirmación
2025-07-04 12:11:10 - actions.actions - INFO - run:517 - Fecha formateada: 05/07/2025 a las 08:40
2025-07-04 12:11:10 - actions.actions - INFO - run:552 - Contexto inicializado exitosamente para usuario: c0f7903f-f6fd-4265-97d6-b30f01644105
2025-07-04 14:21:13 - actions.utils - INFO - log_request_info:190 - Ejecutando action_confirm_appointment para usuario: 5f566ce9-2d30-4ff5-a046-b3100101c8dc
2025-07-04 14:21:13 - actions.actions - INFO - obtener_access_token:101 - Solicitando token de acceso a https://redsalud-qa.apigee.net/oauth/token
2025-07-04 14:21:13 - actions.actions - INFO - obtener_access_token:102 - Client ID: 4tu0...
2025-07-04 14:21:14 - actions.actions - INFO - obtener_access_token:120 - Token de acceso obtenido exitosamente, expira en 2025-07-04 15:06:12.709406
2025-07-04 14:21:14 - actions.actions - INFO - confirm_appointment:165 - Solicitando confirmación de cita 5f566ce9-2d30-4ff5-a046-b3100101c8dc
2025-07-04 14:21:22 - actions.actions - INFO - confirm_appointment:170 - Confirmación de cita exitosa
2025-07-04 14:21:22 - actions.actions - INFO - run:772 - Cita confirmada exitosamente en Apigee: {'@odata.context': 'https://proxy-qa.redsalud.cl/RSPBOTWSCONFIRMACION/$metadata#Appointments/$entity', '@odata.etag': 'W/"J0FBQUFBQy9iMjVnPSc="', 'DateTimeFrom': '2025-07-04T17:00:00-04:00', 'DateTimeTo': '2025-07-04T17:15:00-04:00', 'DateTimeFromUTC': '2025-07-04T21:00:00Z', 'DateTimeToUTC': '2025-07-04T21:15:00Z', 'Status': 'Confirmed', 'Duration': 15, 'ResourceId': '7dbd3ae4-4ead-4fcf-a131-a5fa005e35a5', 'ServiceId': '3229b16d-fa44-4a1e-84ea-a60b014e94ed', 'CoveragePlanId': 'f2d3cd94-b91c-420e-9ec0-a5f800ca8dbc', 'PatientId': '7f8c4c23-7b19-44cb-b964-a60900507f49', 'CenterId': 'c7e1f17b-45c6-45e0-b981-a5f800212bef', 'IsOvercapacity': False, 'InCallBy': None, 'Index': 1, 'Number': 8426, 'NumberOfSlots': 1, 'CommentsCount': 0, 'CreatedByMainAvailabilityId': 'dfd2346b-4dd1-4b3d-a0b2-b29e0174450d', 'BlockedByAvailabilityId': None, 'RescheduleAppointmentId': None, 'OversellingDefinitionId': None, 'Comments': [], 'CreatedByMarketingCampaign': None, 'Archived': False, 'OldPatientId': None, 'SortQueryId': None, 'DynamicData': [{}, {}, {}], 'AppointmentTypeId': '4139651e-c3c2-4839-97ef-cdd5428b9975', 'CreatedByOriginalAvailabilityId': 'dfd2346b-4dd1-4b3d-a0b2-b29e0174450d', 'BlockedByOriginalAvailabilityId': None, 'TreatmentPlanId': None, 'Cancelled': False, 'Id': '5f566ce9-2d30-4ff5-a046-b3100101c8dc', 'ModifiedOn': '2025-07-04T18:21:15.0871469Z', 'CreatedOn': '2025-07-04T15:38:33.9029573Z', 'RowVersion': 'AAAAAC/b25g=', 'ModifiedBy': '3eba71b2-d750-4291-932d-b1760170619d', 'CreatedBy': '86a74779-e16c-40d4-b443-b20401389291', 'ModifiedByClient': 'Api', 'CreatedByClient': 'Reception'}
2025-07-04 14:21:23 - actions.database - INFO - update_appointment_status:194 - Estado de cita 5f566ce9-2d30-4ff5-a046-b3100101c8dc actualizado a 'confirmed' exitosamente
2025-07-04 14:21:23 - actions.actions - INFO - run:818 - Confirmación exitosa para usuario: 5f566ce9-2d30-4ff5-a046-b3100101c8dc
2025-07-04 14:33:07 - actions.utils - INFO - log_request_info:190 - Ejecutando action_init_context para usuario: 44191913-9766-4848-a195-b31001310d93
2025-07-04 14:33:07 - actions.actions - INFO - run:502 - Slot actualizado: nombre_paciente = Manuel Castillo Vicuña
2025-07-04 14:33:07 - actions.actions - INFO - run:502 - Slot actualizado: id_especialidad = d76fee22-6a38-43ef-b824-a60d001fe940
2025-07-04 14:33:07 - actions.actions - INFO - run:502 - Slot actualizado: especialidad = MEDICINA GENERAL ADULTO
2025-07-04 14:33:07 - actions.actions - INFO - run:502 - Slot actualizado: fecha_hora = 2025-07-04T190000-0400
2025-07-04 14:33:07 - actions.actions - INFO - run:502 - Slot actualizado: id_centro_medico = c7e1f17b-45c6-45e0-b981-a5f800212bef
2025-07-04 14:33:07 - actions.actions - INFO - run:502 - Slot actualizado: centro_medico = RedSalud Alameda
2025-07-04 14:33:07 - actions.actions - INFO - run:502 - Slot actualizado: centro_medico_address = San Martin 30 ,Santiago
2025-07-04 14:33:07 - actions.actions - INFO - run:502 - Slot actualizado: centro_medico_google = httpsgoo.glmapsT7iNCdZcQc35gbp58
2025-07-04 14:33:07 - actions.actions - INFO - run:502 - Slot actualizado: centro_medico_comuna = Santiago
2025-07-04 14:33:07 - actions.actions - INFO - run:502 - Slot actualizado: area_medica = Médica
2025-07-04 14:33:07 - actions.actions - INFO - run:502 - Slot actualizado: conversation_id = 44191913-9766-4848-a195-b31001310d93
2025-07-04 14:33:07 - actions.actions - INFO - run:502 - Slot actualizado: bot_name = BOT DEV
2025-07-04 14:33:07 - actions.actions - INFO - run:502 - Slot actualizado: campaign_name = confirmacion
2025-07-04 14:33:07 - actions.actions - INFO - run:502 - Slot actualizado: phone_number = 56964058510
2025-07-04 14:33:07 - actions.actions - INFO - run:502 - Slot actualizado: preparations = True
2025-07-04 14:33:07 - actions.actions - INFO - run:502 - Slot actualizado: tipo_mensaje = Confirmacion
2025-07-04 14:33:07 - actions.actions - INFO - run:502 - Slot actualizado: centro_medico_tipo = Clínica
2025-07-04 14:33:07 - actions.actions - INFO - run:502 - Slot actualizado: preparation_url = httpsdrive.google.comfiled13-7QlkXRg3-lVsDCe0LCdVDhw3FsJfASviewuspdrive_link
2025-07-04 14:33:07 - actions.actions - INFO - run:502 - Slot actualizado: resource_name = Celeste Olivia Borie Polanco
2025-07-04 14:33:07 - actions.actions - INFO - run:502 - Slot actualizado: status = ready to send
2025-07-04 14:33:07 - actions.actions - INFO - run:506 - Contexto configurado como: confirmación
2025-07-04 14:33:07 - actions.actions - INFO - run:517 - Fecha formateada: 04/07/2025 a las 19:00
2025-07-04 14:33:07 - actions.actions - INFO - run:552 - Contexto inicializado exitosamente para usuario: 44191913-9766-4848-a195-b31001310d93
2025-07-04 14:33:07 - actions.utils - INFO - log_request_info:190 - Ejecutando action_init_context para usuario: 37621b06-a96e-471e-a6e8-b31000fde151
2025-07-04 14:33:07 - actions.actions - INFO - run:502 - Slot actualizado: nombre_paciente = Exequiel Jovino Catalán Ovalle
2025-07-04 14:33:07 - actions.actions - INFO - run:502 - Slot actualizado: id_especialidad = 9da27b49-fe81-4188-ba06-b13100fee18d
2025-07-04 14:33:07 - actions.actions - INFO - run:502 - Slot actualizado: especialidad = 1 CONSULTA BARIÁTRICA
2025-07-04 14:33:07 - actions.actions - INFO - run:502 - Slot actualizado: fecha_hora = 2025-07-04T161500-0400
2025-07-04 14:33:07 - actions.actions - INFO - run:502 - Slot actualizado: id_centro_medico = 223ce757-0a28-471b-a13a-a8ac010e5041
2025-07-04 14:33:07 - actions.actions - INFO - run:502 - Slot actualizado: centro_medico = Clínica RedSalud Santiago
2025-07-04 14:33:07 - actions.actions - INFO - run:502 - Slot actualizado: centro_medico_address = Av Lib Bernardo Ohiggins 4850,Santiago
2025-07-04 14:33:07 - actions.actions - INFO - run:502 - Slot actualizado: centro_medico_google = httpsgoo.glmapsLmkXZn4PYRgkGrYZ9
2025-07-04 14:33:07 - actions.actions - INFO - run:502 - Slot actualizado: centro_medico_comuna = Santiago
2025-07-04 14:33:07 - actions.actions - INFO - run:502 - Slot actualizado: area_medica = Médica
2025-07-04 14:33:07 - actions.actions - INFO - run:502 - Slot actualizado: conversation_id = 37621b06-a96e-471e-a6e8-b31000fde151
2025-07-04 14:33:07 - actions.actions - INFO - run:502 - Slot actualizado: bot_name = BOT DEV
2025-07-04 14:33:07 - actions.actions - INFO - run:502 - Slot actualizado: campaign_name = reconfirmacion
2025-07-04 14:33:07 - actions.actions - INFO - run:502 - Slot actualizado: phone_number = 56988889999
2025-07-04 14:33:07 - actions.actions - INFO - run:502 - Slot actualizado: preparations = False
2025-07-04 14:33:07 - actions.actions - INFO - run:502 - Slot actualizado: tipo_mensaje = Confirmacion
2025-07-04 14:33:07 - actions.actions - INFO - run:502 - Slot actualizado: centro_medico_tipo = Clínica
2025-07-04 14:33:07 - actions.actions - INFO - run:502 - Slot actualizado: resource_name = Jaime Zamarin Morales
2025-07-04 14:33:07 - actions.actions - INFO - run:502 - Slot actualizado: status = reconfirmation in progress
2025-07-04 14:33:07 - actions.actions - INFO - run:506 - Contexto configurado como: confirmación
2025-07-04 14:33:07 - actions.actions - INFO - run:517 - Fecha formateada: 04/07/2025 a las 16:15
2025-07-04 14:33:07 - actions.actions - INFO - run:552 - Contexto inicializado exitosamente para usuario: 37621b06-a96e-471e-a6e8-b31000fde151
2025-07-04 14:34:08 - actions.utils - INFO - log_request_info:190 - Ejecutando action_init_context para usuario: 37621b06-a96e-471e-a6e8-b31000fde151
2025-07-04 14:34:08 - actions.actions - INFO - run:502 - Slot actualizado: nombre_paciente = Exequiel Jovino Catalán Ovalle
2025-07-04 14:34:08 - actions.actions - INFO - run:502 - Slot actualizado: id_especialidad = 9da27b49-fe81-4188-ba06-b13100fee18d
2025-07-04 14:34:08 - actions.actions - INFO - run:502 - Slot actualizado: especialidad = 1 CONSULTA BARIÁTRICA
2025-07-04 14:34:08 - actions.actions - INFO - run:502 - Slot actualizado: fecha_hora = 2025-07-04T161500-0400
2025-07-04 14:34:08 - actions.actions - INFO - run:502 - Slot actualizado: id_centro_medico = 223ce757-0a28-471b-a13a-a8ac010e5041
2025-07-04 14:34:08 - actions.actions - INFO - run:502 - Slot actualizado: centro_medico = Clínica RedSalud Santiago
2025-07-04 14:34:08 - actions.actions - INFO - run:502 - Slot actualizado: centro_medico_address = Av Lib Bernardo Ohiggins 4850,Santiago
2025-07-04 14:34:08 - actions.actions - INFO - run:502 - Slot actualizado: centro_medico_google = httpsgoo.glmapsLmkXZn4PYRgkGrYZ9
2025-07-04 14:34:08 - actions.actions - INFO - run:502 - Slot actualizado: centro_medico_comuna = Santiago
2025-07-04 14:34:08 - actions.actions - INFO - run:502 - Slot actualizado: area_medica = Médica
2025-07-04 14:34:08 - actions.actions - INFO - run:502 - Slot actualizado: conversation_id = 37621b06-a96e-471e-a6e8-b31000fde151
2025-07-04 14:34:08 - actions.actions - INFO - run:502 - Slot actualizado: bot_name = BOT DEV
2025-07-04 14:34:08 - actions.actions - INFO - run:502 - Slot actualizado: campaign_name = reconfirmacion
2025-07-04 14:34:08 - actions.actions - INFO - run:502 - Slot actualizado: phone_number = 56988889999
2025-07-04 14:34:08 - actions.actions - INFO - run:502 - Slot actualizado: preparations = False
2025-07-04 14:34:08 - actions.actions - INFO - run:502 - Slot actualizado: tipo_mensaje = Confirmacion
2025-07-04 14:34:08 - actions.actions - INFO - run:502 - Slot actualizado: centro_medico_tipo = Clínica
2025-07-04 14:34:08 - actions.actions - INFO - run:502 - Slot actualizado: resource_name = Jaime Zamarin Morales
2025-07-04 14:34:08 - actions.actions - INFO - run:502 - Slot actualizado: status = reconfirmation in progress
2025-07-04 14:34:08 - actions.actions - INFO - run:506 - Contexto configurado como: confirmación
2025-07-04 14:34:08 - actions.actions - INFO - run:517 - Fecha formateada: 04/07/2025 a las 16:15
2025-07-04 14:34:08 - actions.actions - INFO - run:552 - Contexto inicializado exitosamente para usuario: 37621b06-a96e-471e-a6e8-b31000fde151
2025-07-04 14:34:08 - actions.utils - INFO - log_request_info:190 - Ejecutando action_init_context para usuario: 44191913-9766-4848-a195-b31001310d93
2025-07-04 14:34:08 - actions.actions - INFO - run:502 - Slot actualizado: nombre_paciente = Manuel Castillo Vicuña
2025-07-04 14:34:08 - actions.actions - INFO - run:502 - Slot actualizado: id_especialidad = d76fee22-6a38-43ef-b824-a60d001fe940
2025-07-04 14:34:08 - actions.actions - INFO - run:502 - Slot actualizado: especialidad = MEDICINA GENERAL ADULTO
2025-07-04 14:34:08 - actions.actions - INFO - run:502 - Slot actualizado: fecha_hora = 2025-07-04T190000-0400
2025-07-04 14:34:08 - actions.actions - INFO - run:502 - Slot actualizado: id_centro_medico = c7e1f17b-45c6-45e0-b981-a5f800212bef
2025-07-04 14:34:08 - actions.actions - INFO - run:502 - Slot actualizado: centro_medico = RedSalud Alameda
2025-07-04 14:34:08 - actions.actions - INFO - run:502 - Slot actualizado: centro_medico_address = San Martin 30 ,Santiago
2025-07-04 14:34:08 - actions.actions - INFO - run:502 - Slot actualizado: centro_medico_google = httpsgoo.glmapsT7iNCdZcQc35gbp58
2025-07-04 14:34:08 - actions.actions - INFO - run:502 - Slot actualizado: centro_medico_comuna = Santiago
2025-07-04 14:34:08 - actions.actions - INFO - run:502 - Slot actualizado: area_medica = Médica
2025-07-04 14:34:08 - actions.actions - INFO - run:502 - Slot actualizado: conversation_id = 44191913-9766-4848-a195-b31001310d93
2025-07-04 14:34:08 - actions.actions - INFO - run:502 - Slot actualizado: bot_name = BOT DEV
2025-07-04 14:34:08 - actions.actions - INFO - run:502 - Slot actualizado: campaign_name = confirmacion
2025-07-04 14:34:08 - actions.actions - INFO - run:502 - Slot actualizado: phone_number = 56964058510
2025-07-04 14:34:08 - actions.actions - INFO - run:502 - Slot actualizado: preparations = True
2025-07-04 14:34:08 - actions.actions - INFO - run:502 - Slot actualizado: tipo_mensaje = Confirmacion
2025-07-04 14:34:08 - actions.actions - INFO - run:502 - Slot actualizado: centro_medico_tipo = Clínica
2025-07-04 14:34:08 - actions.actions - INFO - run:502 - Slot actualizado: preparation_url = httpsdrive.google.comfiled13-7QlkXRg3-lVsDCe0LCdVDhw3FsJfASviewuspdrive_link
2025-07-04 14:34:08 - actions.actions - INFO - run:502 - Slot actualizado: resource_name = Celeste Olivia Borie Polanco
2025-07-04 14:34:08 - actions.actions - INFO - run:502 - Slot actualizado: status = ready to send
2025-07-04 14:34:08 - actions.actions - INFO - run:506 - Contexto configurado como: confirmación
2025-07-04 14:34:08 - actions.actions - INFO - run:517 - Fecha formateada: 04/07/2025 a las 19:00
2025-07-04 14:34:08 - actions.actions - INFO - run:552 - Contexto inicializado exitosamente para usuario: 44191913-9766-4848-a195-b31001310d93
2025-07-04 14:35:07 - actions.utils - INFO - log_request_info:190 - Ejecutando action_init_context para usuario: 7fb0be0a-d3dc-4af2-8337-b31000f93bc8
2025-07-04 14:35:07 - actions.actions - INFO - run:502 - Slot actualizado: nombre_paciente = Bárbara Vega Valdivia
2025-07-04 14:35:07 - actions.actions - INFO - run:502 - Slot actualizado: id_especialidad = d76fee22-6a38-43ef-b824-a60d001fe940
2025-07-04 14:35:07 - actions.actions - INFO - run:502 - Slot actualizado: especialidad = MEDICINA GENERAL ADULTO
2025-07-04 14:35:07 - actions.actions - INFO - run:502 - Slot actualizado: fecha_hora = 2025-07-05T090000-0400
2025-07-04 14:35:07 - actions.actions - INFO - run:502 - Slot actualizado: id_centro_medico = c7e1f17b-45c6-45e0-b981-a5f800212bef
2025-07-04 14:35:07 - actions.actions - INFO - run:502 - Slot actualizado: centro_medico = RedSalud Alameda
2025-07-04 14:35:07 - actions.actions - INFO - run:502 - Slot actualizado: centro_medico_address = San Martin 30 ,Santiago
2025-07-04 14:35:07 - actions.actions - INFO - run:502 - Slot actualizado: centro_medico_google = httpsgoo.glmapsT7iNCdZcQc35gbp58
2025-07-04 14:35:07 - actions.actions - INFO - run:502 - Slot actualizado: centro_medico_comuna = Santiago
2025-07-04 14:35:07 - actions.actions - INFO - run:502 - Slot actualizado: area_medica = Médica
2025-07-04 14:35:07 - actions.actions - INFO - run:502 - Slot actualizado: conversation_id = 7fb0be0a-d3dc-4af2-8337-b31000f93bc8
2025-07-04 14:35:07 - actions.actions - INFO - run:502 - Slot actualizado: bot_name = BOT DEV
2025-07-04 14:35:07 - actions.actions - INFO - run:502 - Slot actualizado: campaign_name = reconfirmacion
2025-07-04 14:35:07 - actions.actions - INFO - run:502 - Slot actualizado: phone_number = 56988889999
2025-07-04 14:35:07 - actions.actions - INFO - run:502 - Slot actualizado: preparations = True
2025-07-04 14:35:07 - actions.actions - INFO - run:502 - Slot actualizado: tipo_mensaje = Confirmacion
2025-07-04 14:35:07 - actions.actions - INFO - run:502 - Slot actualizado: centro_medico_tipo = Clínica
2025-07-04 14:35:07 - actions.actions - INFO - run:502 - Slot actualizado: preparation_url = httpsdrive.google.comfiled13-7QlkXRg3-lVsDCe0LCdVDhw3FsJfASviewuspdrive_link
2025-07-04 14:35:07 - actions.actions - INFO - run:502 - Slot actualizado: resource_name = Rodrigo Ignacio Sánchez Mora
2025-07-04 14:35:07 - actions.actions - INFO - run:502 - Slot actualizado: status = reconfirmation in progress
2025-07-04 14:35:07 - actions.actions - INFO - run:506 - Contexto configurado como: confirmación
2025-07-04 14:35:07 - actions.actions - INFO - run:517 - Fecha formateada: 05/07/2025 a las 09:00
2025-07-04 14:35:07 - actions.actions - INFO - run:552 - Contexto inicializado exitosamente para usuario: 7fb0be0a-d3dc-4af2-8337-b31000f93bc8
2025-07-04 14:35:07 - actions.utils - INFO - log_request_info:190 - Ejecutando action_init_context para usuario: fc41157d-384f-4898-973d-b301015ab59c
2025-07-04 14:35:07 - actions.actions - INFO - run:502 - Slot actualizado: nombre_paciente = ANTONIA ISABEL ARRIAGADA BRIONES
2025-07-04 14:35:07 - actions.actions - INFO - run:502 - Slot actualizado: id_especialidad = aee6d897-7052-41ad-a0ac-ab0900de77f6
2025-07-04 14:35:07 - actions.actions - INFO - run:502 - Slot actualizado: especialidad = CONTROL DE ORTODONCIA
2025-07-04 14:35:07 - actions.actions - INFO - run:502 - Slot actualizado: fecha_hora = 2025-07-05T131500-0400
2025-07-04 14:35:07 - actions.actions - INFO - run:502 - Slot actualizado: id_centro_medico = 10babd82-8092-441c-97f1-a8350141e161
2025-07-04 14:35:07 - actions.actions - INFO - run:502 - Slot actualizado: centro_medico = RedSalud Agustinas
2025-07-04 14:35:07 - actions.actions - INFO - run:502 - Slot actualizado: centro_medico_address = Agustinas 641,Santiago
2025-07-04 14:35:07 - actions.actions - INFO - run:502 - Slot actualizado: centro_medico_google = httpsgoo.glmapsJTiHc9KtFyRVzHWr9
2025-07-04 14:35:07 - actions.actions - INFO - run:502 - Slot actualizado: centro_medico_comuna = Santiago
2025-07-04 14:35:07 - actions.actions - INFO - run:502 - Slot actualizado: area_medica = Dental
2025-07-04 14:35:07 - actions.actions - INFO - run:502 - Slot actualizado: conversation_id = fc41157d-384f-4898-973d-b301015ab59c
2025-07-04 14:35:07 - actions.actions - INFO - run:502 - Slot actualizado: bot_name = BOT DEV
2025-07-04 14:35:07 - actions.actions - INFO - run:502 - Slot actualizado: campaign_name = reconfirmacion
2025-07-04 14:35:07 - actions.actions - INFO - run:502 - Slot actualizado: phone_number = 56988889999
2025-07-04 14:35:07 - actions.actions - INFO - run:502 - Slot actualizado: preparations = True
2025-07-04 14:35:07 - actions.actions - INFO - run:502 - Slot actualizado: tipo_mensaje = Confirmacion
2025-07-04 14:35:07 - actions.actions - INFO - run:502 - Slot actualizado: centro_medico_tipo = Clínica
2025-07-04 14:35:07 - actions.actions - INFO - run:502 - Slot actualizado: preparation_url = httpsdrive.google.comfiled1xvnUPDohXBcvx0WyMzAw7baN-ItBkTWPview
2025-07-04 14:35:07 - actions.actions - INFO - run:502 - Slot actualizado: preparation_pdf_name = Protocolo Confirmación Citas Dentales.pdf
2025-07-04 14:35:07 - actions.actions - INFO - run:502 - Slot actualizado: resource_name = Claudia Alejandra Tapia Soler
2025-07-04 14:35:07 - actions.actions - INFO - run:502 - Slot actualizado: status = reconfirmation in progress
2025-07-04 14:35:07 - actions.actions - INFO - run:506 - Contexto configurado como: confirmación
2025-07-04 14:35:07 - actions.actions - INFO - run:517 - Fecha formateada: 05/07/2025 a las 13:15
2025-07-04 14:35:07 - actions.actions - INFO - run:552 - Contexto inicializado exitosamente para usuario: fc41157d-384f-4898-973d-b301015ab59c
2025-07-04 14:35:07 - actions.utils - INFO - log_request_info:190 - Ejecutando action_init_context para usuario: 44191913-9766-4848-a195-b31001310d93
2025-07-04 14:35:07 - actions.actions - INFO - run:502 - Slot actualizado: nombre_paciente = Manuel Castillo Vicuña
2025-07-04 14:35:07 - actions.actions - INFO - run:502 - Slot actualizado: id_especialidad = d76fee22-6a38-43ef-b824-a60d001fe940
2025-07-04 14:35:07 - actions.actions - INFO - run:502 - Slot actualizado: especialidad = MEDICINA GENERAL ADULTO
2025-07-04 14:35:07 - actions.actions - INFO - run:502 - Slot actualizado: fecha_hora = 2025-07-04T190000-0400
2025-07-04 14:35:07 - actions.actions - INFO - run:502 - Slot actualizado: id_centro_medico = c7e1f17b-45c6-45e0-b981-a5f800212bef
2025-07-04 14:35:07 - actions.actions - INFO - run:502 - Slot actualizado: centro_medico = RedSalud Alameda
2025-07-04 14:35:07 - actions.actions - INFO - run:502 - Slot actualizado: centro_medico_address = San Martin 30 ,Santiago
2025-07-04 14:35:07 - actions.actions - INFO - run:502 - Slot actualizado: centro_medico_google = httpsgoo.glmapsT7iNCdZcQc35gbp58
2025-07-04 14:35:07 - actions.actions - INFO - run:502 - Slot actualizado: centro_medico_comuna = Santiago
2025-07-04 14:35:07 - actions.actions - INFO - run:502 - Slot actualizado: area_medica = Médica
2025-07-04 14:35:07 - actions.actions - INFO - run:502 - Slot actualizado: conversation_id = 44191913-9766-4848-a195-b31001310d93
2025-07-04 14:35:07 - actions.actions - INFO - run:502 - Slot actualizado: bot_name = BOT DEV
2025-07-04 14:35:07 - actions.actions - INFO - run:502 - Slot actualizado: campaign_name = confirmacion
2025-07-04 14:35:07 - actions.actions - INFO - run:502 - Slot actualizado: phone_number = 56964058510
2025-07-04 14:35:07 - actions.actions - INFO - run:502 - Slot actualizado: preparations = True
2025-07-04 14:35:07 - actions.actions - INFO - run:502 - Slot actualizado: tipo_mensaje = Confirmacion
2025-07-04 14:35:07 - actions.actions - INFO - run:502 - Slot actualizado: centro_medico_tipo = Clínica
2025-07-04 14:35:07 - actions.actions - INFO - run:502 - Slot actualizado: preparation_url = httpsdrive.google.comfiled13-7QlkXRg3-lVsDCe0LCdVDhw3FsJfASviewuspdrive_link
2025-07-04 14:35:07 - actions.actions - INFO - run:502 - Slot actualizado: resource_name = Celeste Olivia Borie Polanco
2025-07-04 14:35:07 - actions.actions - INFO - run:502 - Slot actualizado: status = ready to send
2025-07-04 14:35:07 - actions.actions - INFO - run:506 - Contexto configurado como: confirmación
2025-07-04 14:35:07 - actions.actions - INFO - run:517 - Fecha formateada: 04/07/2025 a las 19:00
2025-07-04 14:35:07 - actions.actions - INFO - run:552 - Contexto inicializado exitosamente para usuario: 44191913-9766-4848-a195-b31001310d93
2025-07-04 14:35:07 - actions.utils - INFO - log_request_info:190 - Ejecutando action_init_context para usuario: a06e8337-a15e-48d9-b864-b31000fd6093
2025-07-04 14:35:07 - actions.actions - INFO - run:502 - Slot actualizado: nombre_paciente = MARIBEL CAMPOS MORA
2025-07-04 14:35:07 - actions.actions - INFO - run:502 - Slot actualizado: id_especialidad = 9da27b49-fe81-4188-ba06-b13100fee18d
2025-07-04 14:35:07 - actions.actions - INFO - run:502 - Slot actualizado: especialidad = 1 CONSULTA BARIÁTRICA
2025-07-04 14:35:07 - actions.actions - INFO - run:502 - Slot actualizado: fecha_hora = 2025-07-04T160000-0400
2025-07-04 14:35:07 - actions.actions - INFO - run:502 - Slot actualizado: id_centro_medico = 223ce757-0a28-471b-a13a-a8ac010e5041
2025-07-04 14:35:07 - actions.actions - INFO - run:502 - Slot actualizado: centro_medico = Clínica RedSalud Santiago
2025-07-04 14:35:07 - actions.actions - INFO - run:502 - Slot actualizado: centro_medico_address = Av Lib Bernardo Ohiggins 4850,Santiago
2025-07-04 14:35:07 - actions.actions - INFO - run:502 - Slot actualizado: centro_medico_google = httpsgoo.glmapsLmkXZn4PYRgkGrYZ9
2025-07-04 14:35:07 - actions.actions - INFO - run:502 - Slot actualizado: centro_medico_comuna = Santiago
2025-07-04 14:35:07 - actions.actions - INFO - run:502 - Slot actualizado: area_medica = Médica
2025-07-04 14:35:07 - actions.actions - INFO - run:502 - Slot actualizado: conversation_id = a06e8337-a15e-48d9-b864-b31000fd6093
2025-07-04 14:35:07 - actions.actions - INFO - run:502 - Slot actualizado: bot_name = BOT DEV
2025-07-04 14:35:07 - actions.actions - INFO - run:502 - Slot actualizado: campaign_name = reconfirmacion
2025-07-04 14:35:07 - actions.actions - INFO - run:502 - Slot actualizado: phone_number = 56988889999
2025-07-04 14:35:07 - actions.actions - INFO - run:502 - Slot actualizado: preparations = False
2025-07-04 14:35:07 - actions.actions - INFO - run:502 - Slot actualizado: tipo_mensaje = Confirmacion
2025-07-04 14:35:07 - actions.actions - INFO - run:502 - Slot actualizado: centro_medico_tipo = Clínica
2025-07-04 14:35:07 - actions.actions - INFO - run:502 - Slot actualizado: resource_name = Jaime Zamarin Morales
2025-07-04 14:35:07 - actions.actions - INFO - run:502 - Slot actualizado: status = reconfirmation in progress
2025-07-04 14:35:07 - actions.actions - INFO - run:506 - Contexto configurado como: confirmación
2025-07-04 14:35:07 - actions.actions - INFO - run:517 - Fecha formateada: 04/07/2025 a las 16:00
2025-07-04 14:35:07 - actions.actions - INFO - run:552 - Contexto inicializado exitosamente para usuario: a06e8337-a15e-48d9-b864-b31000fd6093
2025-07-04 14:35:08 - actions.utils - INFO - log_request_info:190 - Ejecutando action_init_context para usuario: c0f7903f-f6fd-4265-97d6-b30f01644105
2025-07-04 14:35:08 - actions.actions - INFO - run:502 - Slot actualizado: nombre_paciente = Coco Sarsotti Pruebas
2025-07-04 14:35:08 - actions.actions - INFO - run:502 - Slot actualizado: id_especialidad = 9a3de6f3-9a17-45c8-a257-a8ab00e2227e
2025-07-04 14:35:08 - actions.actions - INFO - run:502 - Slot actualizado: especialidad = ALERGIA E INMUNOLOGIA ADULTO
2025-07-04 14:35:08 - actions.actions - INFO - run:502 - Slot actualizado: fecha_hora = 2025-07-05T084000-0400
2025-07-04 14:35:08 - actions.actions - INFO - run:502 - Slot actualizado: id_centro_medico = 4f238db3-af9a-40a1-bc0a-a8ac0109aee0
2025-07-04 14:35:08 - actions.actions - INFO - run:502 - Slot actualizado: centro_medico = Clínica RedSalud Providencia
2025-07-04 14:35:08 - actions.actions - INFO - run:502 - Slot actualizado: centro_medico_address = Av. Salvador 100,Providencia
2025-07-04 14:35:08 - actions.actions - INFO - run:502 - Slot actualizado: centro_medico_google = httpsgoo.glmaps7Txo9vLMhm3CtuG7A
2025-07-04 14:35:08 - actions.actions - INFO - run:502 - Slot actualizado: centro_medico_comuna = Providencia
2025-07-04 14:35:08 - actions.actions - INFO - run:502 - Slot actualizado: area_medica = Médica
2025-07-04 14:35:08 - actions.actions - INFO - run:502 - Slot actualizado: conversation_id = c0f7903f-f6fd-4265-97d6-b30f01644105
2025-07-04 14:35:08 - actions.actions - INFO - run:502 - Slot actualizado: bot_name = BOT DEV
2025-07-04 14:35:08 - actions.actions - INFO - run:502 - Slot actualizado: campaign_name = reconfirmacion
2025-07-04 14:35:08 - actions.actions - INFO - run:502 - Slot actualizado: phone_number = 56459231111
2025-07-04 14:35:08 - actions.actions - INFO - run:502 - Slot actualizado: preparations = False
2025-07-04 14:35:08 - actions.actions - INFO - run:502 - Slot actualizado: tipo_mensaje = Confirmacion
2025-07-04 14:35:08 - actions.actions - INFO - run:502 - Slot actualizado: centro_medico_tipo = Clínica
2025-07-04 14:35:08 - actions.actions - INFO - run:502 - Slot actualizado: resource_name = Francisca Andrea Salazar Quintana
2025-07-04 14:35:08 - actions.actions - INFO - run:502 - Slot actualizado: status = reconfirmation in progress
2025-07-04 14:35:08 - actions.actions - INFO - run:502 - Slot actualizado: piso = 3
2025-07-04 14:35:08 - actions.actions - INFO - run:502 - Slot actualizado: torre = Sur
2025-07-04 14:35:08 - actions.actions - INFO - run:502 - Slot actualizado: autopago = Piso 1 al lado de informaciones
2025-07-04 14:35:08 - actions.actions - INFO - run:506 - Contexto configurado como: confirmación
2025-07-04 14:35:08 - actions.actions - INFO - run:517 - Fecha formateada: 05/07/2025 a las 08:40
2025-07-04 14:35:08 - actions.actions - INFO - run:552 - Contexto inicializado exitosamente para usuario: c0f7903f-f6fd-4265-97d6-b30f01644105
2025-07-04 14:47:51 - actions.utils - INFO - log_request_info:190 - Ejecutando action_confirm_appointment para usuario: 44191913-9766-4848-a195-b31001310d93
2025-07-04 14:47:51 - actions.actions - INFO - obtener_access_token:67 - Usando token de acceso en caché
2025-07-04 14:47:51 - actions.actions - INFO - confirm_appointment:165 - Solicitando confirmación de cita 44191913-9766-4848-a195-b31001310d93
2025-07-04 14:48:00 - actions.actions - INFO - confirm_appointment:170 - Confirmación de cita exitosa
2025-07-04 14:48:00 - actions.actions - INFO - run:772 - Cita confirmada exitosamente en Apigee: {'@odata.context': 'https://proxy-qa.redsalud.cl/RSPBOTWSCONFIRMACION/$metadata#Appointments/$entity', '@odata.etag': 'W/"J0FBQUFBQy9iMjdFPSc="', 'DateTimeFrom': '2025-07-04T19:00:00-04:00', 'DateTimeTo': '2025-07-04T19:15:00-04:00', 'DateTimeFromUTC': '2025-07-04T23:00:00Z', 'DateTimeToUTC': '2025-07-04T23:15:00Z', 'Status': 'Confirmed', 'Duration': 15, 'ResourceId': '7dbd3ae4-4ead-4fcf-a131-a5fa005e35a5', 'ServiceId': '3229b16d-fa44-4a1e-84ea-a60b014e94ed', 'CoveragePlanId': 'f2d3cd94-b91c-420e-9ec0-a5f800ca8dbc', 'PatientId': '7f8c4c23-7b19-44cb-b964-a60900507f49', 'CenterId': 'c7e1f17b-45c6-45e0-b981-a5f800212bef', 'IsOvercapacity': False, 'InCallBy': None, 'Index': 1, 'Number': 3213, 'NumberOfSlots': 1, 'CommentsCount': 0, 'CreatedByMainAvailabilityId': 'dfd2346b-4dd1-4b3d-a0b2-b29e0174450d', 'BlockedByAvailabilityId': None, 'RescheduleAppointmentId': '5f566ce9-2d30-4ff5-a046-b3100101c8dc', 'OversellingDefinitionId': None, 'Comments': [], 'CreatedByMarketingCampaign': None, 'Archived': False, 'OldPatientId': None, 'SortQueryId': None, 'DynamicData': [{}, {}, {}], 'AppointmentTypeId': '4139651e-c3c2-4839-97ef-cdd5428b9975', 'CreatedByOriginalAvailabilityId': 'dfd2346b-4dd1-4b3d-a0b2-b29e0174450d', 'BlockedByOriginalAvailabilityId': None, 'TreatmentPlanId': None, 'Cancelled': False, 'Id': '44191913-9766-4848-a195-b31001310d93', 'ModifiedOn': '2025-07-04T18:47:52.8367331Z', 'CreatedOn': '2025-07-04T18:30:39.8450101Z', 'RowVersion': 'AAAAAC/b27E=', 'ModifiedBy': '3eba71b2-d750-4291-932d-b1760170619d', 'CreatedBy': '86a74779-e16c-40d4-b443-b20401389291', 'ModifiedByClient': 'Api', 'CreatedByClient': 'Reception'}
2025-07-04 14:48:00 - actions.database - INFO - update_appointment_status:194 - Estado de cita 44191913-9766-4848-a195-b31001310d93 actualizado a 'confirmed' exitosamente
2025-07-04 14:48:00 - actions.actions - INFO - run:818 - Confirmación exitosa para usuario: 44191913-9766-4848-a195-b31001310d93
2025-07-04 15:51:09 - actions.utils - INFO - log_request_info:190 - Ejecutando action_init_context para usuario: c2c0b79a-61a5-4634-9ac6-b3100146af23
2025-07-04 15:51:09 - actions.actions - INFO - run:502 - Slot actualizado: nombre_paciente = Carolina Ignacia Contreras Núñez
2025-07-04 15:51:09 - actions.actions - INFO - run:502 - Slot actualizado: id_especialidad = d76fee22-6a38-43ef-b824-a60d001fe940
2025-07-04 15:51:09 - actions.actions - INFO - run:502 - Slot actualizado: especialidad = MEDICINA GENERAL ADULTO
2025-07-04 15:51:09 - actions.actions - INFO - run:502 - Slot actualizado: fecha_hora = 2025-07-05T091500-0400
2025-07-04 15:51:09 - actions.actions - INFO - run:502 - Slot actualizado: id_centro_medico = c7e1f17b-45c6-45e0-b981-a5f800212bef
2025-07-04 15:51:09 - actions.actions - INFO - run:502 - Slot actualizado: centro_medico = RedSalud Alameda
2025-07-04 15:51:09 - actions.actions - INFO - run:502 - Slot actualizado: centro_medico_address = San Martin 30 ,Santiago
2025-07-04 15:51:09 - actions.actions - INFO - run:502 - Slot actualizado: centro_medico_google = httpsgoo.glmapsT7iNCdZcQc35gbp58
2025-07-04 15:51:09 - actions.actions - INFO - run:502 - Slot actualizado: centro_medico_comuna = Santiago
2025-07-04 15:51:09 - actions.actions - INFO - run:502 - Slot actualizado: area_medica = Médica
2025-07-04 15:51:09 - actions.actions - INFO - run:502 - Slot actualizado: conversation_id = c2c0b79a-61a5-4634-9ac6-b3100146af23
2025-07-04 15:51:09 - actions.actions - INFO - run:502 - Slot actualizado: bot_name = BOT DEV
2025-07-04 15:51:09 - actions.actions - INFO - run:502 - Slot actualizado: campaign_name = confirmacion
2025-07-04 15:51:09 - actions.actions - INFO - run:502 - Slot actualizado: phone_number = 56958836039
2025-07-04 15:51:09 - actions.actions - INFO - run:502 - Slot actualizado: preparations = True
2025-07-04 15:51:09 - actions.actions - INFO - run:502 - Slot actualizado: tipo_mensaje = Confirmacion
2025-07-04 15:51:09 - actions.actions - INFO - run:502 - Slot actualizado: centro_medico_tipo = Clínica
2025-07-04 15:51:09 - actions.actions - INFO - run:502 - Slot actualizado: preparation_url = httpsdrive.google.comfiled13-7QlkXRg3-lVsDCe0LCdVDhw3FsJfASviewuspdrive_link
2025-07-04 15:51:09 - actions.actions - INFO - run:502 - Slot actualizado: resource_name = Rodrigo Ignacio Sánchez Mora
2025-07-04 15:51:09 - actions.actions - INFO - run:502 - Slot actualizado: status = ready to send
2025-07-04 15:51:09 - actions.actions - INFO - run:506 - Contexto configurado como: confirmación
2025-07-04 15:51:09 - actions.actions - INFO - run:517 - Fecha formateada: 05/07/2025 a las 09:15
2025-07-04 15:51:09 - actions.actions - INFO - run:552 - Contexto inicializado exitosamente para usuario: c2c0b79a-61a5-4634-9ac6-b3100146af23
2025-07-04 16:06:10 - actions.utils - INFO - log_request_info:190 - Ejecutando action_init_context para usuario: 221e05ad-59e9-442c-8c2d-b310014783f8
2025-07-04 16:06:10 - actions.actions - INFO - run:502 - Slot actualizado: nombre_paciente = Bárbara Vega Valdivia
2025-07-04 16:06:10 - actions.actions - INFO - run:502 - Slot actualizado: id_especialidad = bcf5f290-c88b-4404-8a82-a60d00233014
2025-07-04 16:06:10 - actions.actions - INFO - run:502 - Slot actualizado: especialidad = CARDIOLOGIA ADULTO
2025-07-04 16:06:10 - actions.actions - INFO - run:502 - Slot actualizado: fecha_hora = 2025-07-05T084000-0400
2025-07-04 16:06:10 - actions.actions - INFO - run:502 - Slot actualizado: id_centro_medico = c7e1f17b-45c6-45e0-b981-a5f800212bef
2025-07-04 16:06:10 - actions.actions - INFO - run:502 - Slot actualizado: centro_medico = RedSalud Alameda
2025-07-04 16:06:10 - actions.actions - INFO - run:502 - Slot actualizado: centro_medico_address = San Martin 30 ,Santiago
2025-07-04 16:06:10 - actions.actions - INFO - run:502 - Slot actualizado: centro_medico_google = httpsgoo.glmapsT7iNCdZcQc35gbp58
2025-07-04 16:06:10 - actions.actions - INFO - run:502 - Slot actualizado: centro_medico_comuna = Santiago
2025-07-04 16:06:10 - actions.actions - INFO - run:502 - Slot actualizado: area_medica = Médica
2025-07-04 16:06:10 - actions.actions - INFO - run:502 - Slot actualizado: conversation_id = 221e05ad-59e9-442c-8c2d-b310014783f8
2025-07-04 16:06:10 - actions.actions - INFO - run:502 - Slot actualizado: bot_name = BOT DEV
2025-07-04 16:06:10 - actions.actions - INFO - run:502 - Slot actualizado: campaign_name = confirmacion
2025-07-04 16:06:10 - actions.actions - INFO - run:502 - Slot actualizado: phone_number = 56988889999
2025-07-04 16:06:10 - actions.actions - INFO - run:502 - Slot actualizado: preparations = False
2025-07-04 16:06:10 - actions.actions - INFO - run:502 - Slot actualizado: tipo_mensaje = Confirmacion
2025-07-04 16:06:10 - actions.actions - INFO - run:502 - Slot actualizado: centro_medico_tipo = Clínica
2025-07-04 16:06:10 - actions.actions - INFO - run:502 - Slot actualizado: resource_name = Juan Carlos Vera Fredes
2025-07-04 16:06:10 - actions.actions - INFO - run:502 - Slot actualizado: status = ready to send
2025-07-04 16:06:10 - actions.actions - INFO - run:506 - Contexto configurado como: confirmación
2025-07-04 16:06:10 - actions.actions - INFO - run:517 - Fecha formateada: 05/07/2025 a las 08:40
2025-07-04 16:06:10 - actions.actions - INFO - run:552 - Contexto inicializado exitosamente para usuario: 221e05ad-59e9-442c-8c2d-b310014783f8
2025-07-04 16:06:10 - actions.utils - INFO - log_request_info:190 - Ejecutando action_init_context para usuario: c2c0b79a-61a5-4634-9ac6-b3100146af23
2025-07-04 16:06:10 - actions.actions - INFO - run:502 - Slot actualizado: nombre_paciente = Carolina Ignacia Contreras Núñez
2025-07-04 16:06:10 - actions.actions - INFO - run:502 - Slot actualizado: id_especialidad = d76fee22-6a38-43ef-b824-a60d001fe940
2025-07-04 16:06:10 - actions.actions - INFO - run:502 - Slot actualizado: especialidad = MEDICINA GENERAL ADULTO
2025-07-04 16:06:10 - actions.actions - INFO - run:502 - Slot actualizado: fecha_hora = 2025-07-05T091500-0400
2025-07-04 16:06:10 - actions.actions - INFO - run:502 - Slot actualizado: id_centro_medico = c7e1f17b-45c6-45e0-b981-a5f800212bef
2025-07-04 16:06:10 - actions.actions - INFO - run:502 - Slot actualizado: centro_medico = RedSalud Alameda
2025-07-04 16:06:10 - actions.actions - INFO - run:502 - Slot actualizado: centro_medico_address = San Martin 30 ,Santiago
2025-07-04 16:06:10 - actions.actions - INFO - run:502 - Slot actualizado: centro_medico_google = httpsgoo.glmapsT7iNCdZcQc35gbp58
2025-07-04 16:06:10 - actions.actions - INFO - run:502 - Slot actualizado: centro_medico_comuna = Santiago
2025-07-04 16:06:10 - actions.actions - INFO - run:502 - Slot actualizado: area_medica = Médica
2025-07-04 16:06:10 - actions.actions - INFO - run:502 - Slot actualizado: conversation_id = c2c0b79a-61a5-4634-9ac6-b3100146af23
2025-07-04 16:06:10 - actions.actions - INFO - run:502 - Slot actualizado: bot_name = BOT DEV
2025-07-04 16:06:10 - actions.actions - INFO - run:502 - Slot actualizado: campaign_name = reconfirmacion
2025-07-04 16:06:10 - actions.actions - INFO - run:502 - Slot actualizado: phone_number = 56958836039
2025-07-04 16:06:10 - actions.actions - INFO - run:502 - Slot actualizado: preparations = True
2025-07-04 16:06:10 - actions.actions - INFO - run:502 - Slot actualizado: tipo_mensaje = Confirmacion
2025-07-04 16:06:10 - actions.actions - INFO - run:502 - Slot actualizado: centro_medico_tipo = Clínica
2025-07-04 16:06:10 - actions.actions - INFO - run:502 - Slot actualizado: preparation_url = httpsdrive.google.comfiled13-7QlkXRg3-lVsDCe0LCdVDhw3FsJfASviewuspdrive_link
2025-07-04 16:06:10 - actions.actions - INFO - run:502 - Slot actualizado: resource_name = Rodrigo Ignacio Sánchez Mora
2025-07-04 16:06:10 - actions.actions - INFO - run:502 - Slot actualizado: status = reconfirmation in progress
2025-07-04 16:06:10 - actions.actions - INFO - run:506 - Contexto configurado como: confirmación
2025-07-04 16:06:10 - actions.actions - INFO - run:517 - Fecha formateada: 05/07/2025 a las 09:15
2025-07-04 16:06:10 - actions.actions - INFO - run:552 - Contexto inicializado exitosamente para usuario: c2c0b79a-61a5-4634-9ac6-b3100146af23
2025-07-04 16:07:09 - actions.utils - INFO - log_request_info:190 - Ejecutando action_init_context para usuario: 221e05ad-59e9-442c-8c2d-b310014783f8
2025-07-04 16:07:09 - actions.actions - INFO - run:502 - Slot actualizado: nombre_paciente = Bárbara Vega Valdivia
2025-07-04 16:07:09 - actions.actions - INFO - run:502 - Slot actualizado: id_especialidad = bcf5f290-c88b-4404-8a82-a60d00233014
2025-07-04 16:07:09 - actions.actions - INFO - run:502 - Slot actualizado: especialidad = CARDIOLOGIA ADULTO
2025-07-04 16:07:09 - actions.actions - INFO - run:502 - Slot actualizado: fecha_hora = 2025-07-05T084000-0400
2025-07-04 16:07:09 - actions.actions - INFO - run:502 - Slot actualizado: id_centro_medico = c7e1f17b-45c6-45e0-b981-a5f800212bef
2025-07-04 16:07:09 - actions.actions - INFO - run:502 - Slot actualizado: centro_medico = RedSalud Alameda
2025-07-04 16:07:09 - actions.actions - INFO - run:502 - Slot actualizado: centro_medico_address = San Martin 30 ,Santiago
2025-07-04 16:07:09 - actions.actions - INFO - run:502 - Slot actualizado: centro_medico_google = httpsgoo.glmapsT7iNCdZcQc35gbp58
2025-07-04 16:07:09 - actions.actions - INFO - run:502 - Slot actualizado: centro_medico_comuna = Santiago
2025-07-04 16:07:09 - actions.actions - INFO - run:502 - Slot actualizado: area_medica = Médica
2025-07-04 16:07:09 - actions.actions - INFO - run:502 - Slot actualizado: conversation_id = 221e05ad-59e9-442c-8c2d-b310014783f8
2025-07-04 16:07:09 - actions.actions - INFO - run:502 - Slot actualizado: bot_name = BOT DEV
2025-07-04 16:07:09 - actions.actions - INFO - run:502 - Slot actualizado: campaign_name = confirmacion
2025-07-04 16:07:09 - actions.actions - INFO - run:502 - Slot actualizado: phone_number = 56988889999
2025-07-04 16:07:09 - actions.actions - INFO - run:502 - Slot actualizado: preparations = False
2025-07-04 16:07:09 - actions.actions - INFO - run:502 - Slot actualizado: tipo_mensaje = Confirmacion
2025-07-04 16:07:09 - actions.actions - INFO - run:502 - Slot actualizado: centro_medico_tipo = Clínica
2025-07-04 16:07:09 - actions.actions - INFO - run:502 - Slot actualizado: resource_name = Juan Carlos Vera Fredes
2025-07-04 16:07:09 - actions.actions - INFO - run:502 - Slot actualizado: status = ready to send
2025-07-04 16:07:09 - actions.actions - INFO - run:506 - Contexto configurado como: confirmación
2025-07-04 16:07:09 - actions.actions - INFO - run:517 - Fecha formateada: 05/07/2025 a las 08:40
2025-07-04 16:07:09 - actions.actions - INFO - run:552 - Contexto inicializado exitosamente para usuario: 221e05ad-59e9-442c-8c2d-b310014783f8
2025-07-04 16:07:09 - actions.utils - INFO - log_request_info:190 - Ejecutando action_init_context para usuario: c2c0b79a-61a5-4634-9ac6-b3100146af23
2025-07-04 16:07:09 - actions.actions - INFO - run:502 - Slot actualizado: nombre_paciente = Carolina Ignacia Contreras Núñez
2025-07-04 16:07:09 - actions.actions - INFO - run:502 - Slot actualizado: id_especialidad = d76fee22-6a38-43ef-b824-a60d001fe940
2025-07-04 16:07:09 - actions.actions - INFO - run:502 - Slot actualizado: especialidad = MEDICINA GENERAL ADULTO
2025-07-04 16:07:09 - actions.actions - INFO - run:502 - Slot actualizado: fecha_hora = 2025-07-05T091500-0400
2025-07-04 16:07:09 - actions.actions - INFO - run:502 - Slot actualizado: id_centro_medico = c7e1f17b-45c6-45e0-b981-a5f800212bef
2025-07-04 16:07:09 - actions.actions - INFO - run:502 - Slot actualizado: centro_medico = RedSalud Alameda
2025-07-04 16:07:09 - actions.actions - INFO - run:502 - Slot actualizado: centro_medico_address = San Martin 30 ,Santiago
2025-07-04 16:07:09 - actions.actions - INFO - run:502 - Slot actualizado: centro_medico_google = httpsgoo.glmapsT7iNCdZcQc35gbp58
2025-07-04 16:07:09 - actions.actions - INFO - run:502 - Slot actualizado: centro_medico_comuna = Santiago
2025-07-04 16:07:09 - actions.actions - INFO - run:502 - Slot actualizado: area_medica = Médica
2025-07-04 16:07:09 - actions.actions - INFO - run:502 - Slot actualizado: conversation_id = c2c0b79a-61a5-4634-9ac6-b3100146af23
2025-07-04 16:07:09 - actions.actions - INFO - run:502 - Slot actualizado: bot_name = BOT DEV
2025-07-04 16:07:09 - actions.actions - INFO - run:502 - Slot actualizado: campaign_name = reconfirmacion
2025-07-04 16:07:09 - actions.actions - INFO - run:502 - Slot actualizado: phone_number = 56958836039
2025-07-04 16:07:09 - actions.actions - INFO - run:502 - Slot actualizado: preparations = True
2025-07-04 16:07:09 - actions.actions - INFO - run:502 - Slot actualizado: tipo_mensaje = Confirmacion
2025-07-04 16:07:09 - actions.actions - INFO - run:502 - Slot actualizado: centro_medico_tipo = Clínica
2025-07-04 16:07:09 - actions.actions - INFO - run:502 - Slot actualizado: preparation_url = httpsdrive.google.comfiled13-7QlkXRg3-lVsDCe0LCdVDhw3FsJfASviewuspdrive_link
2025-07-04 16:07:09 - actions.actions - INFO - run:502 - Slot actualizado: resource_name = Rodrigo Ignacio Sánchez Mora
2025-07-04 16:07:09 - actions.actions - INFO - run:502 - Slot actualizado: status = reconfirmation in progress
2025-07-04 16:07:09 - actions.actions - INFO - run:506 - Contexto configurado como: confirmación
2025-07-04 16:07:09 - actions.actions - INFO - run:517 - Fecha formateada: 05/07/2025 a las 09:15
2025-07-04 16:07:09 - actions.actions - INFO - run:552 - Contexto inicializado exitosamente para usuario: c2c0b79a-61a5-4634-9ac6-b3100146af23
2025-07-04 16:08:09 - actions.utils - INFO - log_request_info:190 - Ejecutando action_init_context para usuario: 221e05ad-59e9-442c-8c2d-b310014783f8
2025-07-04 16:08:09 - actions.actions - INFO - run:502 - Slot actualizado: nombre_paciente = Bárbara Vega Valdivia
2025-07-04 16:08:09 - actions.actions - INFO - run:502 - Slot actualizado: id_especialidad = bcf5f290-c88b-4404-8a82-a60d00233014
2025-07-04 16:08:09 - actions.actions - INFO - run:502 - Slot actualizado: especialidad = CARDIOLOGIA ADULTO
2025-07-04 16:08:09 - actions.actions - INFO - run:502 - Slot actualizado: fecha_hora = 2025-07-05T084000-0400
2025-07-04 16:08:09 - actions.actions - INFO - run:502 - Slot actualizado: id_centro_medico = c7e1f17b-45c6-45e0-b981-a5f800212bef
2025-07-04 16:08:09 - actions.actions - INFO - run:502 - Slot actualizado: centro_medico = RedSalud Alameda
2025-07-04 16:08:09 - actions.actions - INFO - run:502 - Slot actualizado: centro_medico_address = San Martin 30 ,Santiago
2025-07-04 16:08:09 - actions.actions - INFO - run:502 - Slot actualizado: centro_medico_google = httpsgoo.glmapsT7iNCdZcQc35gbp58
2025-07-04 16:08:09 - actions.actions - INFO - run:502 - Slot actualizado: centro_medico_comuna = Santiago
2025-07-04 16:08:09 - actions.actions - INFO - run:502 - Slot actualizado: area_medica = Médica
2025-07-04 16:08:09 - actions.actions - INFO - run:502 - Slot actualizado: conversation_id = 221e05ad-59e9-442c-8c2d-b310014783f8
2025-07-04 16:08:09 - actions.actions - INFO - run:502 - Slot actualizado: bot_name = BOT DEV
2025-07-04 16:08:09 - actions.actions - INFO - run:502 - Slot actualizado: campaign_name = confirmacion
2025-07-04 16:08:09 - actions.actions - INFO - run:502 - Slot actualizado: phone_number = 56988889999
2025-07-04 16:08:09 - actions.actions - INFO - run:502 - Slot actualizado: preparations = False
2025-07-04 16:08:09 - actions.actions - INFO - run:502 - Slot actualizado: tipo_mensaje = Confirmacion
2025-07-04 16:08:09 - actions.actions - INFO - run:502 - Slot actualizado: centro_medico_tipo = Clínica
2025-07-04 16:08:09 - actions.actions - INFO - run:502 - Slot actualizado: resource_name = Juan Carlos Vera Fredes
2025-07-04 16:08:09 - actions.actions - INFO - run:502 - Slot actualizado: status = ready to send
2025-07-04 16:08:09 - actions.actions - INFO - run:506 - Contexto configurado como: confirmación
2025-07-04 16:08:09 - actions.actions - INFO - run:517 - Fecha formateada: 05/07/2025 a las 08:40
2025-07-04 16:08:09 - actions.actions - INFO - run:552 - Contexto inicializado exitosamente para usuario: 221e05ad-59e9-442c-8c2d-b310014783f8
2025-07-04 16:08:44 - root - INFO - setup_logging:89 - Logging configurado - Nivel: INFO, Archivo: bot_confirmaciones.log
2025-07-04 16:08:44 - root - INFO - setup_logging:90 - Bot de confirmaciones iniciando...
2025-07-04 16:08:45 - actions.database - INFO - _initialize_pool:47 - Pool de conexiones PostgreSQL inicializado correctamente
2025-07-04 16:08:45 - actions.actions - INFO - <module>:42 - APIGEE_API_URL: https://redsalud-qa.apigee.net
2025-07-04 16:08:45 - actions.actions - INFO - <module>:43 - APIGEE_USERNAME: 4tu0...
2025-07-04 16:08:45 - actions.actions - INFO - <module>:44 - APIGEE_PASSWORD: Configurado
2025-07-04 16:08:45 - actions - INFO - <module>:32 - Módulo de acciones cargado correctamente
2025-07-04 16:08:45 - rasa_sdk.executor - INFO - register_function:204 - Registered function for 'action_test_connection'.
2025-07-04 16:08:45 - rasa_sdk.executor - INFO - register_function:204 - Registered function for 'action_get_system_status'.
2025-07-04 16:08:45 - rasa_sdk.executor - INFO - register_function:204 - Registered function for 'action_validate_input'.
2025-07-04 16:08:45 - rasa_sdk.executor - INFO - register_function:204 - Registered function for 'action_handle_error'.
2025-07-04 16:08:45 - rasa_sdk.executor - INFO - register_function:204 - Registered function for 'action_fallback'.
2025-07-04 16:08:45 - rasa_sdk.executor - INFO - register_function:204 - Registered function for 'action_init_context'.
2025-07-04 16:08:45 - rasa_sdk.executor - INFO - register_function:204 - Registered function for 'action_format_date'.
2025-07-04 16:08:45 - rasa_sdk.executor - INFO - register_function:204 - Registered function for 'action_cancel_appointment'.
2025-07-04 16:08:45 - rasa_sdk.executor - INFO - register_function:204 - Registered function for 'action_confirm_appointment'.
2025-07-04 16:08:45 - rasa_sdk.executor - INFO - register_function:204 - Registered function for 'action_init_rebooking'.
2025-07-04 16:08:45 - rasa_sdk.endpoint - INFO - run:161 - Starting plugins...
2025-07-04 16:08:45 - rasa_sdk.endpoint - INFO - run:167 - Action endpoint is up and running on http://0.0.0.0:5055
2025-07-04 16:28:23 - root - INFO - setup_logging:89 - Logging configurado - Nivel: INFO, Archivo: bot_confirmaciones.log
2025-07-04 16:28:23 - root - INFO - setup_logging:90 - Bot de confirmaciones iniciando...
2025-07-04 16:28:24 - actions.database - INFO - _initialize_pool:47 - Pool de conexiones PostgreSQL inicializado correctamente
2025-07-04 16:28:24 - actions.actions - INFO - <module>:42 - APIGEE_API_URL: https://redsalud-qa.apigee.net
2025-07-04 16:28:24 - actions.actions - INFO - <module>:43 - APIGEE_USERNAME: 4tu0...
2025-07-04 16:28:24 - actions.actions - INFO - <module>:44 - APIGEE_PASSWORD: Configurado
2025-07-04 16:28:24 - actions - INFO - <module>:32 - Módulo de acciones cargado correctamente
2025-07-04 16:28:24 - rasa_sdk.executor - INFO - register_function:204 - Registered function for 'action_test_connection'.
2025-07-04 16:28:24 - rasa_sdk.executor - INFO - register_function:204 - Registered function for 'action_get_system_status'.
2025-07-04 16:28:24 - rasa_sdk.executor - INFO - register_function:204 - Registered function for 'action_validate_input'.
2025-07-04 16:28:24 - rasa_sdk.executor - INFO - register_function:204 - Registered function for 'action_handle_error'.
2025-07-04 16:28:24 - rasa_sdk.executor - INFO - register_function:204 - Registered function for 'action_fallback'.
2025-07-04 16:28:24 - rasa_sdk.executor - INFO - register_function:204 - Registered function for 'action_init_context'.
2025-07-04 16:28:24 - rasa_sdk.executor - INFO - register_function:204 - Registered function for 'action_format_date'.
2025-07-04 16:28:24 - rasa_sdk.executor - INFO - register_function:204 - Registered function for 'action_cancel_appointment'.
2025-07-04 16:28:24 - rasa_sdk.executor - INFO - register_function:204 - Registered function for 'action_confirm_appointment'.
2025-07-04 16:28:24 - rasa_sdk.executor - INFO - register_function:204 - Registered function for 'action_init_rebooking'.
2025-07-04 16:28:24 - rasa_sdk.endpoint - INFO - run:161 - Starting plugins...
2025-07-04 16:28:24 - rasa_sdk.endpoint - INFO - run:167 - Action endpoint is up and running on http://0.0.0.0:5055
2025-07-04 19:05:35 - root - INFO - setup_logging:89 - Logging configurado - Nivel: INFO, Archivo: bot_confirmaciones.log
2025-07-04 19:05:35 - root - INFO - setup_logging:90 - Bot de confirmaciones iniciando...
2025-07-04 19:05:37 - actions.database - INFO - _initialize_pool:47 - Pool de conexiones PostgreSQL inicializado correctamente
2025-07-04 19:05:37 - actions.actions - INFO - <module>:42 - APIGEE_API_URL: https://redsalud-qa.apigee.net
2025-07-04 19:05:37 - actions.actions - INFO - <module>:43 - APIGEE_USERNAME: 4tu0...
2025-07-04 19:05:37 - actions.actions - INFO - <module>:44 - APIGEE_PASSWORD: Configurado
2025-07-04 19:05:37 - actions - INFO - <module>:32 - Módulo de acciones cargado correctamente
2025-07-04 19:05:37 - rasa_sdk.executor - INFO - register_function:204 - Registered function for 'action_test_connection'.
2025-07-04 19:05:37 - rasa_sdk.executor - INFO - register_function:204 - Registered function for 'action_get_system_status'.
2025-07-04 19:05:37 - rasa_sdk.executor - INFO - register_function:204 - Registered function for 'action_validate_input'.
2025-07-04 19:05:37 - rasa_sdk.executor - INFO - register_function:204 - Registered function for 'action_handle_error'.
2025-07-04 19:05:37 - rasa_sdk.executor - INFO - register_function:204 - Registered function for 'action_fallback'.
2025-07-04 19:05:37 - rasa_sdk.executor - INFO - register_function:204 - Registered function for 'action_init_context'.
2025-07-04 19:05:37 - rasa_sdk.executor - INFO - register_function:204 - Registered function for 'action_format_date'.
2025-07-04 19:05:37 - rasa_sdk.executor - INFO - register_function:204 - Registered function for 'action_cancel_appointment'.
2025-07-04 19:05:37 - rasa_sdk.executor - INFO - register_function:204 - Registered function for 'action_confirm_appointment'.
2025-07-04 19:05:37 - rasa_sdk.executor - INFO - register_function:204 - Registered function for 'action_init_rebooking'.
2025-07-04 19:05:37 - rasa_sdk.endpoint - INFO - run:161 - Starting plugins...
2025-07-04 19:05:37 - rasa_sdk.endpoint - INFO - run:167 - Action endpoint is up and running on http://0.0.0.0:5055
2025-07-04 19:06:38 - actions.utils - INFO - log_request_info:190 - Ejecutando action_init_context para usuario: 2
2025-07-04 19:06:38 - actions.actions - INFO - run:502 - Slot actualizado: nombre_paciente = Manuel Castillo Vicuña
2025-07-04 19:06:38 - actions.actions - INFO - run:502 - Slot actualizado: id_especialidad = d76fee22-6a38-43ef-b824-a60d001fe940
2025-07-04 19:06:38 - actions.actions - INFO - run:502 - Slot actualizado: especialidad = MEDICINA GENERAL ADULTO
2025-07-04 19:06:38 - actions.actions - INFO - run:502 - Slot actualizado: fecha_hora = 2025-07-02T190000-0400
2025-07-04 19:06:38 - actions.actions - INFO - run:502 - Slot actualizado: id_centro_medico = c7e1f17b-45c6-45e0-b981-a5f800212bef
2025-07-04 19:06:38 - actions.actions - INFO - run:502 - Slot actualizado: centro_medico = RedSalud Alameda
2025-07-04 19:06:38 - actions.actions - INFO - run:502 - Slot actualizado: centro_medico_address = San Martin 30 ,Santiago
2025-07-04 19:06:38 - actions.actions - INFO - run:502 - Slot actualizado: centro_medico_google = httpsgoo.glmapsT7iNCdZcQc35gbp58
2025-07-04 19:06:38 - actions.actions - INFO - run:502 - Slot actualizado: centro_medico_comuna = Santiago
2025-07-04 19:06:38 - actions.actions - INFO - run:502 - Slot actualizado: area_medica = Médica
2025-07-04 19:06:38 - actions.actions - INFO - run:502 - Slot actualizado: conversation_id = 70fc2fdd-1721-4439-bf6e-b30e010acec7
2025-07-04 19:06:38 - actions.actions - INFO - run:502 - Slot actualizado: appointment_id = 70fc2fdd-1721-4439-bf6e-b30e010acec7
2025-07-04 19:06:38 - actions.actions - INFO - run:502 - Slot actualizado: bot_name = BOT DEV
2025-07-04 19:06:38 - actions.actions - INFO - run:502 - Slot actualizado: campaign_name = confirmacion
2025-07-04 19:06:38 - actions.actions - INFO - run:502 - Slot actualizado: phone_number = 56964058510
2025-07-04 19:06:38 - actions.actions - INFO - run:502 - Slot actualizado: preparations = True
2025-07-04 19:06:38 - actions.actions - INFO - run:502 - Slot actualizado: tipo_mensaje = Confirmacion
2025-07-04 19:06:38 - actions.actions - INFO - run:502 - Slot actualizado: centro_medico_tipo = Clínica
2025-07-04 19:06:38 - actions.actions - INFO - run:502 - Slot actualizado: preparation_url = httpsdrive.google.comfiled13-7QlkXRg3-lVsDCe0LCdVDhw3FsJfASviewuspdrive_link
2025-07-04 19:06:38 - actions.actions - INFO - run:502 - Slot actualizado: resource_name = Celeste Olivia Borie Polanco
2025-07-04 19:06:38 - actions.actions - INFO - run:502 - Slot actualizado: status = ready to send
2025-07-04 19:06:38 - actions.actions - INFO - run:506 - Contexto configurado como: confirmación
2025-07-04 19:06:38 - actions.actions - INFO - run:517 - Fecha formateada: 02/07/2025 a las 19:00
2025-07-04 19:06:38 - actions.actions - INFO - run:552 - Contexto inicializado exitosamente para usuario: 2
2025-07-04 19:06:59 - actions.utils - INFO - log_request_info:190 - Ejecutando action_cancel_appointment para usuario: 2
2025-07-04 19:06:59 - actions.actions - INFO - obtener_access_token:101 - Solicitando token de acceso a https://redsalud-qa.apigee.net/oauth/token
2025-07-04 19:06:59 - actions.actions - INFO - obtener_access_token:102 - Client ID: 4tu0...
2025-07-04 19:06:59 - actions.actions - INFO - obtener_access_token:120 - Token de acceso obtenido exitosamente, expira en 2025-07-04 19:51:58.081248
2025-07-04 19:06:59 - actions.actions - INFO - cancel_appointment:213 - Solicitando cancelación de cita 70fc2fdd-1721-4439-bf6e-b30e010acec7
2025-07-04 19:07:00 - actions.actions - ERROR - cancel_appointment:226 - Error al cancelar cita: 400 - {
  "error":{
    "code":"","message":"The request is invalid.","innererror":{
      "message":"parameters : An error has occurred.\r\n","type":"","stacktrace":""
    }
  }
}
2025-07-04 19:07:00 - actions.actions - ERROR - run:668 - Error cancelando cita en Apigee: Error 400: {
  "error":{
    "code":"","message":"The request is invalid.","innererror":{
      "message":"parameters : An error has occurred.\r\n","type":"","stacktrace":""
    }
  }
}
2025-07-04 19:07:00 - actions.database - WARNING - update_appointment_status:197 - No se encontró la cita 70fc2fdd-1721-4439-bf6e-b30e010acec7 para actualizar estado
2025-07-04 19:07:00 - actions.actions - INFO - run:676 - Cancelación fallida para usuario: 2
2025-07-04 19:07:11 - actions.utils - INFO - log_request_info:190 - Ejecutando action_init_context para usuario: 2f88922e-da65-4bb7-8ebb-b310014c741a
2025-07-04 19:07:11 - actions.actions - INFO - run:502 - Slot actualizado: nombre_paciente = Carolina Ignacia Contreras Núñez
2025-07-04 19:07:11 - actions.actions - INFO - run:502 - Slot actualizado: id_especialidad = bcf5f290-c88b-4404-8a82-a60d00233014
2025-07-04 19:07:11 - actions.actions - INFO - run:502 - Slot actualizado: especialidad = CARDIOLOGIA ADULTO
2025-07-04 19:07:11 - actions.actions - INFO - run:502 - Slot actualizado: fecha_hora = 2025-07-05T080000-0400
2025-07-04 19:07:11 - actions.actions - INFO - run:502 - Slot actualizado: id_centro_medico = c7e1f17b-45c6-45e0-b981-a5f800212bef
2025-07-04 19:07:11 - actions.actions - INFO - run:502 - Slot actualizado: centro_medico = RedSalud Alameda
2025-07-04 19:07:11 - actions.actions - INFO - run:502 - Slot actualizado: centro_medico_address = San Martin 30 ,Santiago
2025-07-04 19:07:11 - actions.actions - INFO - run:502 - Slot actualizado: centro_medico_google = httpsgoo.glmapsT7iNCdZcQc35gbp58
2025-07-04 19:07:11 - actions.actions - INFO - run:502 - Slot actualizado: centro_medico_comuna = Santiago
2025-07-04 19:07:11 - actions.actions - INFO - run:502 - Slot actualizado: area_medica = Médica
2025-07-04 19:07:11 - actions.actions - INFO - run:502 - Slot actualizado: conversation_id = 2f88922e-da65-4bb7-8ebb-b310014c741a
2025-07-04 19:07:11 - actions.actions - INFO - run:502 - Slot actualizado: bot_name = BOT DEV
2025-07-04 19:07:11 - actions.actions - INFO - run:502 - Slot actualizado: campaign_name = confirmacion
2025-07-04 19:07:11 - actions.actions - INFO - run:502 - Slot actualizado: phone_number = 56958836039
2025-07-04 19:07:11 - actions.actions - INFO - run:502 - Slot actualizado: preparations = False
2025-07-04 19:07:11 - actions.actions - INFO - run:502 - Slot actualizado: tipo_mensaje = Confirmacion
2025-07-04 19:07:11 - actions.actions - INFO - run:502 - Slot actualizado: centro_medico_tipo = Clínica
2025-07-04 19:07:11 - actions.actions - INFO - run:502 - Slot actualizado: resource_name = Juan Carlos Vera Fredes
2025-07-04 19:07:11 - actions.actions - INFO - run:502 - Slot actualizado: status = ready to send
2025-07-04 19:07:11 - actions.actions - INFO - run:506 - Contexto configurado como: confirmación
2025-07-04 19:07:11 - actions.actions - INFO - run:517 - Fecha formateada: 05/07/2025 a las 08:00
2025-07-04 19:07:11 - actions.actions - INFO - run:552 - Contexto inicializado exitosamente para usuario: 2f88922e-da65-4bb7-8ebb-b310014c741a
2025-07-04 19:07:14 - actions.utils - INFO - log_request_info:190 - Ejecutando action_init_context para usuario: 221e05ad-59e9-442c-8c2d-b310014783f8
2025-07-04 19:07:14 - actions.actions - INFO - run:502 - Slot actualizado: nombre_paciente = Bárbara Vega Valdivia
2025-07-04 19:07:14 - actions.actions - INFO - run:502 - Slot actualizado: id_especialidad = bcf5f290-c88b-4404-8a82-a60d00233014
2025-07-04 19:07:14 - actions.actions - INFO - run:502 - Slot actualizado: especialidad = CARDIOLOGIA ADULTO
2025-07-04 19:07:14 - actions.actions - INFO - run:502 - Slot actualizado: fecha_hora = 2025-07-05T084000-0400
2025-07-04 19:07:14 - actions.actions - INFO - run:502 - Slot actualizado: id_centro_medico = c7e1f17b-45c6-45e0-b981-a5f800212bef
2025-07-04 19:07:14 - actions.actions - INFO - run:502 - Slot actualizado: centro_medico = RedSalud Alameda
2025-07-04 19:07:14 - actions.actions - INFO - run:502 - Slot actualizado: centro_medico_address = San Martin 30 ,Santiago
2025-07-04 19:07:14 - actions.actions - INFO - run:502 - Slot actualizado: centro_medico_google = httpsgoo.glmapsT7iNCdZcQc35gbp58
2025-07-04 19:07:14 - actions.actions - INFO - run:502 - Slot actualizado: centro_medico_comuna = Santiago
2025-07-04 19:07:14 - actions.actions - INFO - run:502 - Slot actualizado: area_medica = Médica
2025-07-04 19:07:14 - actions.actions - INFO - run:502 - Slot actualizado: conversation_id = 221e05ad-59e9-442c-8c2d-b310014783f8
2025-07-04 19:07:14 - actions.actions - INFO - run:502 - Slot actualizado: bot_name = BOT DEV
2025-07-04 19:07:14 - actions.actions - INFO - run:502 - Slot actualizado: campaign_name = reconfirmacion
2025-07-04 19:07:14 - actions.actions - INFO - run:502 - Slot actualizado: phone_number = 56988889999
2025-07-04 19:07:14 - actions.actions - INFO - run:502 - Slot actualizado: preparations = False
2025-07-04 19:07:14 - actions.actions - INFO - run:502 - Slot actualizado: tipo_mensaje = Confirmacion
2025-07-04 19:07:14 - actions.actions - INFO - run:502 - Slot actualizado: centro_medico_tipo = Clínica
2025-07-04 19:07:14 - actions.actions - INFO - run:502 - Slot actualizado: resource_name = Juan Carlos Vera Fredes
2025-07-04 19:07:14 - actions.actions - INFO - run:502 - Slot actualizado: status = reconfirmation in progress
2025-07-04 19:07:14 - actions.actions - INFO - run:506 - Contexto configurado como: confirmación
2025-07-04 19:07:14 - actions.actions - INFO - run:517 - Fecha formateada: 05/07/2025 a las 08:40
2025-07-04 19:07:14 - actions.actions - INFO - run:552 - Contexto inicializado exitosamente para usuario: 221e05ad-59e9-442c-8c2d-b310014783f8
2025-07-04 19:07:14 - actions.utils - INFO - log_request_info:190 - Ejecutando action_init_context para usuario: 769fc09c-a87b-4568-862a-b3100158fb12
2025-07-04 19:07:14 - actions.actions - INFO - run:502 - Slot actualizado: nombre_paciente = Javiera Belén Figueroa Cepeda
2025-07-04 19:07:14 - actions.actions - INFO - run:502 - Slot actualizado: id_especialidad = d76fee22-6a38-43ef-b824-a60d001fe940
2025-07-04 19:07:14 - actions.actions - INFO - run:502 - Slot actualizado: especialidad = MEDICINA GENERAL ADULTO
2025-07-04 19:07:14 - actions.actions - INFO - run:502 - Slot actualizado: fecha_hora = 2025-07-04T181500-0400
2025-07-04 19:07:14 - actions.actions - INFO - run:502 - Slot actualizado: id_centro_medico = 7b08daf3-99b2-4790-bc0e-a7c80152443e
2025-07-04 19:07:14 - actions.actions - INFO - run:502 - Slot actualizado: centro_medico = RedSalud Arauco (Parque Arauco)
2025-07-04 19:07:14 - actions.actions - INFO - run:502 - Slot actualizado: centro_medico_address = Mall Parque Arauco 5413B,Las Condes
2025-07-04 19:07:14 - actions.actions - INFO - run:502 - Slot actualizado: centro_medico_google = httpsgoo.glmapsfWJFwiie23QDrEXw7
2025-07-04 19:07:14 - actions.actions - INFO - run:502 - Slot actualizado: centro_medico_comuna = Las Condes
2025-07-04 19:07:14 - actions.actions - INFO - run:502 - Slot actualizado: area_medica = Médica
2025-07-04 19:07:14 - actions.actions - INFO - run:502 - Slot actualizado: conversation_id = 769fc09c-a87b-4568-862a-b3100158fb12
2025-07-04 19:07:14 - actions.actions - INFO - run:502 - Slot actualizado: bot_name = BOT DEV
2025-07-04 19:07:14 - actions.actions - INFO - run:502 - Slot actualizado: campaign_name = confirmacion
2025-07-04 19:07:14 - actions.actions - INFO - run:502 - Slot actualizado: phone_number = 56988889999
2025-07-04 19:07:14 - actions.actions - INFO - run:502 - Slot actualizado: preparations = True
2025-07-04 19:07:14 - actions.actions - INFO - run:502 - Slot actualizado: tipo_mensaje = Confirmacion
2025-07-04 19:07:14 - actions.actions - INFO - run:502 - Slot actualizado: centro_medico_tipo = Clínica
2025-07-04 19:07:14 - actions.actions - INFO - run:502 - Slot actualizado: preparation_url = httpsdrive.google.comfiled13-7QlkXRg3-lVsDCe0LCdVDhw3FsJfASviewuspdrive_link
2025-07-04 19:07:14 - actions.actions - INFO - run:502 - Slot actualizado: resource_name = Gonzalo Enrique Sierra Nieto
2025-07-04 19:07:14 - actions.actions - INFO - run:502 - Slot actualizado: status = ready to send
2025-07-04 19:07:14 - actions.actions - INFO - run:506 - Contexto configurado como: confirmación
2025-07-04 19:07:14 - actions.actions - INFO - run:517 - Fecha formateada: 04/07/2025 a las 18:15
2025-07-04 19:07:14 - actions.actions - INFO - run:552 - Contexto inicializado exitosamente para usuario: 769fc09c-a87b-4568-862a-b3100158fb12
2025-07-04 19:07:14 - actions.utils - INFO - log_request_info:190 - Ejecutando action_init_context para usuario: c56d714e-c7d2-4967-a82a-b310014a2697
2025-07-04 19:07:14 - actions.actions - INFO - run:502 - Slot actualizado: nombre_paciente = Sergio Nicolás Guzmán Leyton
2025-07-04 19:07:14 - actions.actions - INFO - run:502 - Slot actualizado: id_especialidad = bcf5f290-c88b-4404-8a82-a60d00233014
2025-07-04 19:07:14 - actions.actions - INFO - run:502 - Slot actualizado: especialidad = CARDIOLOGIA ADULTO
2025-07-04 19:07:14 - actions.actions - INFO - run:502 - Slot actualizado: fecha_hora = 2025-07-05T085000-0400
2025-07-04 19:07:14 - actions.actions - INFO - run:502 - Slot actualizado: id_centro_medico = c7e1f17b-45c6-45e0-b981-a5f800212bef
2025-07-04 19:07:14 - actions.actions - INFO - run:502 - Slot actualizado: centro_medico = RedSalud Alameda
2025-07-04 19:07:14 - actions.actions - INFO - run:502 - Slot actualizado: centro_medico_address = San Martin 30 ,Santiago
2025-07-04 19:07:14 - actions.actions - INFO - run:502 - Slot actualizado: centro_medico_google = httpsgoo.glmapsT7iNCdZcQc35gbp58
2025-07-04 19:07:14 - actions.actions - INFO - run:502 - Slot actualizado: centro_medico_comuna = Santiago
2025-07-04 19:07:14 - actions.actions - INFO - run:502 - Slot actualizado: area_medica = Médica
2025-07-04 19:07:14 - actions.actions - INFO - run:502 - Slot actualizado: conversation_id = c56d714e-c7d2-4967-a82a-b310014a2697
2025-07-04 19:07:14 - actions.actions - INFO - run:502 - Slot actualizado: bot_name = BOT DEV
2025-07-04 19:07:14 - actions.actions - INFO - run:502 - Slot actualizado: campaign_name = confirmacion
2025-07-04 19:07:14 - actions.actions - INFO - run:502 - Slot actualizado: phone_number = 56958836039
2025-07-04 19:07:14 - actions.actions - INFO - run:502 - Slot actualizado: preparations = False
2025-07-04 19:07:14 - actions.actions - INFO - run:502 - Slot actualizado: tipo_mensaje = Confirmacion
2025-07-04 19:07:14 - actions.actions - INFO - run:502 - Slot actualizado: centro_medico_tipo = Clínica
2025-07-04 19:07:14 - actions.actions - INFO - run:502 - Slot actualizado: resource_name = Juan Carlos Vera Fredes
2025-07-04 19:07:14 - actions.actions - INFO - run:502 - Slot actualizado: status = ready to send
2025-07-04 19:07:14 - actions.actions - INFO - run:506 - Contexto configurado como: confirmación
2025-07-04 19:07:14 - actions.actions - INFO - run:517 - Fecha formateada: 05/07/2025 a las 08:50
2025-07-04 19:07:14 - actions.actions - INFO - run:552 - Contexto inicializado exitosamente para usuario: c56d714e-c7d2-4967-a82a-b310014a2697
2025-07-04 19:08:06 - actions.utils - INFO - log_request_info:190 - Ejecutando action_cancel_appointment para usuario: 769fc09c-a87b-4568-862a-b3100158fb12
2025-07-04 19:08:06 - actions.actions - INFO - obtener_access_token:67 - Usando token de acceso en caché
2025-07-04 19:08:06 - actions.actions - INFO - cancel_appointment:213 - Solicitando cancelación de cita 769fc09c-a87b-4568-862a-b3100158fb12
2025-07-04 19:08:07 - actions.actions - ERROR - cancel_appointment:226 - Error al cancelar cita: 400 - {
  "error":{
    "code":"","message":"The request is invalid.","innererror":{
      "message":"parameters : An error has occurred.\r\n","type":"","stacktrace":""
    }
  }
}
2025-07-04 19:08:07 - actions.actions - ERROR - run:668 - Error cancelando cita en Apigee: Error 400: {
  "error":{
    "code":"","message":"The request is invalid.","innererror":{
      "message":"parameters : An error has occurred.\r\n","type":"","stacktrace":""
    }
  }
}
2025-07-04 19:08:07 - actions.database - INFO - update_appointment_status:194 - Estado de cita 769fc09c-a87b-4568-862a-b3100158fb12 actualizado a 'canceled error' exitosamente
2025-07-04 19:08:07 - actions.actions - INFO - run:676 - Cancelación fallida para usuario: 769fc09c-a87b-4568-862a-b3100158fb12
2025-07-04 19:08:14 - actions.utils - INFO - log_request_info:190 - Ejecutando action_init_context para usuario: 769fc09c-a87b-4568-862a-b3100158fb12
2025-07-04 19:08:14 - actions.actions - INFO - run:502 - Slot actualizado: nombre_paciente = Javiera Belén Figueroa Cepeda
2025-07-04 19:08:14 - actions.actions - INFO - run:502 - Slot actualizado: id_especialidad = d76fee22-6a38-43ef-b824-a60d001fe940
2025-07-04 19:08:14 - actions.actions - INFO - run:502 - Slot actualizado: especialidad = MEDICINA GENERAL ADULTO
2025-07-04 19:08:14 - actions.actions - INFO - run:502 - Slot actualizado: fecha_hora = 2025-07-04T181500-0400
2025-07-04 19:08:14 - actions.actions - INFO - run:502 - Slot actualizado: id_centro_medico = 7b08daf3-99b2-4790-bc0e-a7c80152443e
2025-07-04 19:08:14 - actions.actions - INFO - run:502 - Slot actualizado: centro_medico = RedSalud Arauco (Parque Arauco)
2025-07-04 19:08:14 - actions.actions - INFO - run:502 - Slot actualizado: centro_medico_address = Mall Parque Arauco 5413B,Las Condes
2025-07-04 19:08:14 - actions.actions - INFO - run:502 - Slot actualizado: centro_medico_google = httpsgoo.glmapsfWJFwiie23QDrEXw7
2025-07-04 19:08:14 - actions.actions - INFO - run:502 - Slot actualizado: centro_medico_comuna = Las Condes
2025-07-04 19:08:14 - actions.actions - INFO - run:502 - Slot actualizado: area_medica = Médica
2025-07-04 19:08:14 - actions.actions - INFO - run:502 - Slot actualizado: conversation_id = 769fc09c-a87b-4568-862a-b3100158fb12
2025-07-04 19:08:14 - actions.actions - INFO - run:502 - Slot actualizado: bot_name = BOT DEV
2025-07-04 19:08:14 - actions.actions - INFO - run:502 - Slot actualizado: campaign_name = confirmacion
2025-07-04 19:08:14 - actions.actions - INFO - run:502 - Slot actualizado: phone_number = 56988889999
2025-07-04 19:08:14 - actions.actions - INFO - run:502 - Slot actualizado: preparations = True
2025-07-04 19:08:14 - actions.actions - INFO - run:502 - Slot actualizado: tipo_mensaje = Confirmacion
2025-07-04 19:08:14 - actions.actions - INFO - run:502 - Slot actualizado: centro_medico_tipo = Clínica
2025-07-04 19:08:14 - actions.actions - INFO - run:502 - Slot actualizado: preparation_url = httpsdrive.google.comfiled13-7QlkXRg3-lVsDCe0LCdVDhw3FsJfASviewuspdrive_link
2025-07-04 19:08:14 - actions.actions - INFO - run:502 - Slot actualizado: resource_name = Gonzalo Enrique Sierra Nieto
2025-07-04 19:08:14 - actions.actions - INFO - run:502 - Slot actualizado: status = ready to send
2025-07-04 19:08:14 - actions.actions - INFO - run:506 - Contexto configurado como: confirmación
2025-07-04 19:08:14 - actions.actions - INFO - run:517 - Fecha formateada: 04/07/2025 a las 18:15
2025-07-04 19:08:14 - actions.actions - INFO - run:552 - Contexto inicializado exitosamente para usuario: 769fc09c-a87b-4568-862a-b3100158fb12
2025-07-04 19:08:14 - actions.utils - INFO - log_request_info:190 - Ejecutando action_init_context para usuario: 30763d17-2edc-4989-8f80-b310016e3e6a
2025-07-04 19:08:14 - actions.actions - INFO - run:502 - Slot actualizado: nombre_paciente = CARLOS ANDRES. OPAZO ROSALES
2025-07-04 19:08:14 - actions.actions - INFO - run:502 - Slot actualizado: id_especialidad = d76fee22-6a38-43ef-b824-a60d001fe940
2025-07-04 19:08:14 - actions.actions - INFO - run:502 - Slot actualizado: especialidad = MEDICINA GENERAL ADULTO
2025-07-04 19:08:14 - actions.actions - INFO - run:502 - Slot actualizado: fecha_hora = 2025-07-05T090000-0400
2025-07-04 19:08:14 - actions.actions - INFO - run:502 - Slot actualizado: id_centro_medico = c7e1f17b-45c6-45e0-b981-a5f800212bef
2025-07-04 19:08:14 - actions.actions - INFO - run:502 - Slot actualizado: centro_medico = RedSalud Alameda
2025-07-04 19:08:14 - actions.actions - INFO - run:502 - Slot actualizado: centro_medico_address = San Martin 30 ,Santiago
2025-07-04 19:08:14 - actions.actions - INFO - run:502 - Slot actualizado: centro_medico_google = httpsgoo.glmapsT7iNCdZcQc35gbp58
2025-07-04 19:08:14 - actions.actions - INFO - run:502 - Slot actualizado: centro_medico_comuna = Santiago
2025-07-04 19:08:14 - actions.actions - INFO - run:502 - Slot actualizado: area_medica = Médica
2025-07-04 19:08:14 - actions.actions - INFO - run:502 - Slot actualizado: conversation_id = 30763d17-2edc-4989-8f80-b310016e3e6a
2025-07-04 19:08:14 - actions.actions - INFO - run:502 - Slot actualizado: bot_name = BOT DEV
2025-07-04 19:08:14 - actions.actions - INFO - run:502 - Slot actualizado: campaign_name = confirmacion
2025-07-04 19:08:14 - actions.actions - INFO - run:502 - Slot actualizado: phone_number = 56988889999
2025-07-04 19:08:14 - actions.actions - INFO - run:502 - Slot actualizado: preparations = True
2025-07-04 19:08:14 - actions.actions - INFO - run:502 - Slot actualizado: tipo_mensaje = Confirmacion
2025-07-04 19:08:14 - actions.actions - INFO - run:502 - Slot actualizado: centro_medico_tipo = Clínica
2025-07-04 19:08:14 - actions.actions - INFO - run:502 - Slot actualizado: preparation_url = httpsdrive.google.comfiled13-7QlkXRg3-lVsDCe0LCdVDhw3FsJfASviewuspdrive_link
2025-07-04 19:08:14 - actions.actions - INFO - run:502 - Slot actualizado: resource_name = Susana Yelovitz Rubinsztein
2025-07-04 19:08:14 - actions.actions - INFO - run:502 - Slot actualizado: status = ready to send
2025-07-04 19:08:14 - actions.actions - INFO - run:506 - Contexto configurado como: confirmación
2025-07-04 19:08:14 - actions.actions - INFO - run:517 - Fecha formateada: 05/07/2025 a las 09:00
2025-07-04 19:08:14 - actions.actions - INFO - run:552 - Contexto inicializado exitosamente para usuario: 30763d17-2edc-4989-8f80-b310016e3e6a
2025-07-04 19:09:23 - actions.utils - INFO - log_request_info:190 - Ejecutando action_confirm_appointment para usuario: 769fc09c-a87b-4568-862a-b3100158fb12
2025-07-04 19:09:23 - actions.actions - INFO - obtener_access_token:67 - Usando token de acceso en caché
2025-07-04 19:09:23 - actions.actions - INFO - confirm_appointment:165 - Solicitando confirmación de cita 769fc09c-a87b-4568-862a-b3100158fb12
2025-07-04 19:09:31 - actions.actions - INFO - confirm_appointment:170 - Confirmación de cita exitosa
2025-07-04 19:09:31 - actions.actions - INFO - run:772 - Cita confirmada exitosamente en Apigee: {'@odata.context': 'https://proxy-qa.redsalud.cl/RSPBOTWSCONFIRMACION/$metadata#Appointments/$entity', '@odata.etag': 'W/"J0FBQUFBQy9iM1JRPSc="', 'DateTimeFrom': '2025-07-04T18:15:00-04:00', 'DateTimeTo': '2025-07-04T18:30:00-04:00', 'DateTimeFromUTC': '2025-07-04T22:15:00Z', 'DateTimeToUTC': '2025-07-04T22:30:00Z', 'Status': 'Confirmed', 'Duration': 15, 'ResourceId': 'd3866004-be99-4f48-a696-a680016afbc6', 'ServiceId': '3229b16d-fa44-4a1e-84ea-a60b014e94ed', 'CoveragePlanId': '9803ee87-b3a3-4934-b05a-a5f800ca8c6b', 'PatientId': 'cf3028b8-7371-46bd-928d-ad29000dfcdd', 'CenterId': '7b08daf3-99b2-4790-bc0e-a7c80152443e', 'IsOvercapacity': False, 'InCallBy': None, 'Index': 1, 'Number': 2699, 'NumberOfSlots': 1, 'CommentsCount': 0, 'CreatedByMainAvailabilityId': 'b2e7f49d-e5ad-4ddd-a59b-b1ca013c7f4f', 'BlockedByAvailabilityId': None, 'RescheduleAppointmentId': None, 'OversellingDefinitionId': None, 'Comments': [], 'CreatedByMarketingCampaign': None, 'Archived': False, 'OldPatientId': None, 'SortQueryId': '85dd0802-4580-4cbb-9e24-fffe81469de7', 'DynamicData': [{}, {}, {}], 'AppointmentTypeId': '4139651e-c3c2-4839-97ef-cdd5428b9975', 'CreatedByOriginalAvailabilityId': 'b2e7f49d-e5ad-4ddd-a59b-b1ca013c7f4f', 'BlockedByOriginalAvailabilityId': None, 'TreatmentPlanId': None, 'Cancelled': False, 'Id': '769fc09c-a87b-4568-862a-b3100158fb12', 'ModifiedOn': '2025-07-04T23:09:24.0341287Z', 'CreatedOn': '2025-07-04T20:56:02.1869876Z', 'RowVersion': 'AAAAAC/b3RQ=', 'ModifiedBy': '3eba71b2-d750-4291-932d-b1760170619d', 'CreatedBy': '00000000-0000-0000-0000-000000000000', 'ModifiedByClient': 'Api', 'CreatedByClient': 'PatientPortal'}
2025-07-04 19:09:31 - actions.database - INFO - update_appointment_status:194 - Estado de cita 769fc09c-a87b-4568-862a-b3100158fb12 actualizado a 'confirmed' exitosamente
2025-07-04 19:09:31 - actions.actions - INFO - run:818 - Confirmación exitosa para usuario: 769fc09c-a87b-4568-862a-b3100158fb12
2025-07-04 19:09:52 - actions.utils - INFO - log_request_info:190 - Ejecutando action_init_rebooking para usuario: 2
2025-07-04 19:09:52 - actions.rebooking_actions - INFO - run:58 - Slot actualizado: nombre_paciente = Manuel Castillo Vicuña
2025-07-04 19:09:52 - actions.rebooking_actions - INFO - run:58 - Slot actualizado: id_especialidad = d76fee22-6a38-43ef-b824-a60d001fe940
2025-07-04 19:09:52 - actions.rebooking_actions - INFO - run:58 - Slot actualizado: especialidad = MEDICINA GENERAL ADULTO
2025-07-04 19:09:52 - actions.rebooking_actions - INFO - run:58 - Slot actualizado: fecha_hora = 2025-07-02T190000-0400
2025-07-04 19:09:52 - actions.rebooking_actions - INFO - run:58 - Slot actualizado: id_centro_medico = c7e1f17b-45c6-45e0-b981-a5f800212bef
2025-07-04 19:09:52 - actions.rebooking_actions - INFO - run:58 - Slot actualizado: centro_medico = RedSalud Alameda
2025-07-04 19:09:52 - actions.rebooking_actions - INFO - run:58 - Slot actualizado: centro_medico_address = San Martin 30 ,Santiago
2025-07-04 19:09:52 - actions.rebooking_actions - INFO - run:58 - Slot actualizado: centro_medico_google = httpsgoo.glmapsT7iNCdZcQc35gbp58
2025-07-04 19:09:52 - actions.rebooking_actions - INFO - run:58 - Slot actualizado: centro_medico_comuna = Santiago
2025-07-04 19:09:52 - actions.rebooking_actions - INFO - run:58 - Slot actualizado: area_medica = Médica
2025-07-04 19:09:52 - actions.rebooking_actions - INFO - run:58 - Slot actualizado: conversation_id = 70fc2fdd-1721-4439-bf6e-b30e010acec7
2025-07-04 19:09:52 - actions.rebooking_actions - INFO - run:58 - Slot actualizado: appointment_id = 70fc2fdd-1721-4439-bf6e-b30e010acec7
2025-07-04 19:09:52 - actions.rebooking_actions - INFO - run:58 - Slot actualizado: bot_name = BOT DEV
2025-07-04 19:09:52 - actions.rebooking_actions - INFO - run:58 - Slot actualizado: campaign_name = confirmacion
2025-07-04 19:09:52 - actions.rebooking_actions - INFO - run:58 - Slot actualizado: phone_number = 56964058510
2025-07-04 19:09:52 - actions.rebooking_actions - INFO - run:58 - Slot actualizado: preparations = True
2025-07-04 19:09:52 - actions.rebooking_actions - INFO - run:58 - Slot actualizado: tipo_mensaje = Confirmacion
2025-07-04 19:09:52 - actions.rebooking_actions - INFO - run:58 - Slot actualizado: centro_medico_tipo = Clínica
2025-07-04 19:09:52 - actions.rebooking_actions - INFO - run:58 - Slot actualizado: preparation_url = httpsdrive.google.comfiled13-7QlkXRg3-lVsDCe0LCdVDhw3FsJfASviewuspdrive_link
2025-07-04 19:09:52 - actions.rebooking_actions - INFO - run:58 - Slot actualizado: resource_name = Celeste Olivia Borie Polanco
2025-07-04 19:09:52 - actions.rebooking_actions - INFO - run:58 - Slot actualizado: status = ready to send
2025-07-04 19:09:52 - actions.rebooking_actions - INFO - run:62 - Contexto de rebooking configurado como: rebooking
2025-07-04 19:09:52 - actions.rebooking_actions - INFO - run:72 - Fecha formateada: 02/07/2025 a las 19:00
2025-07-04 19:09:52 - actions.rebooking_actions - INFO - run:107 - Contexto de rebooking inicializado exitosamente para usuario: 2
2025-07-04 19:10:03 - actions.utils - INFO - log_request_info:190 - Ejecutando action_confirm_appointment para usuario: 769fc09c-a87b-4568-862a-b3100158fb12
2025-07-04 19:10:03 - actions.actions - INFO - obtener_access_token:67 - Usando token de acceso en caché
2025-07-04 19:10:03 - actions.actions - INFO - confirm_appointment:165 - Solicitando confirmación de cita 769fc09c-a87b-4568-862a-b3100158fb12
2025-07-04 19:10:04 - actions.actions - ERROR - confirm_appointment:176 - Error al confirmar cita: 400 - {
  "error":{
    "code":"","message":"Status transition not allowed!"
  }
}
2025-07-04 19:10:04 - actions.actions - ERROR - run:761 - Error confirmando cita en Apigee: Error 400: {
  "error":{
    "code":"","message":"Status transition not allowed!"
  }
}
2025-07-04 19:10:04 - actions.database - INFO - update_appointment_status:194 - Estado de cita 769fc09c-a87b-4568-862a-b3100158fb12 actualizado a 'confirmed error' exitosamente
2025-07-04 19:10:04 - actions.actions - INFO - run:769 - Confirmación fallida para usuario: 769fc09c-a87b-4568-862a-b3100158fb12
2025-07-04 19:10:04 - actions.utils - INFO - log_request_info:190 - Ejecutando action_init_context para usuario: 221e05ad-59e9-442c-8c2d-b310014783f8
2025-07-04 19:10:04 - actions.actions - INFO - run:502 - Slot actualizado: nombre_paciente = Bárbara Vega Valdivia
2025-07-04 19:10:04 - actions.actions - INFO - run:502 - Slot actualizado: id_especialidad = bcf5f290-c88b-4404-8a82-a60d00233014
2025-07-04 19:10:04 - actions.actions - INFO - run:502 - Slot actualizado: especialidad = CARDIOLOGIA ADULTO
2025-07-04 19:10:04 - actions.actions - INFO - run:502 - Slot actualizado: fecha_hora = 2025-07-05T084000-0400
2025-07-04 19:10:04 - actions.actions - INFO - run:502 - Slot actualizado: id_centro_medico = c7e1f17b-45c6-45e0-b981-a5f800212bef
2025-07-04 19:10:04 - actions.actions - INFO - run:502 - Slot actualizado: centro_medico = RedSalud Alameda
2025-07-04 19:10:04 - actions.actions - INFO - run:502 - Slot actualizado: centro_medico_address = San Martin 30 ,Santiago
2025-07-04 19:10:04 - actions.actions - INFO - run:502 - Slot actualizado: centro_medico_google = httpsgoo.glmapsT7iNCdZcQc35gbp58
2025-07-04 19:10:04 - actions.actions - INFO - run:502 - Slot actualizado: centro_medico_comuna = Santiago
2025-07-04 19:10:04 - actions.actions - INFO - run:502 - Slot actualizado: area_medica = Médica
2025-07-04 19:10:04 - actions.actions - INFO - run:502 - Slot actualizado: conversation_id = 221e05ad-59e9-442c-8c2d-b310014783f8
2025-07-04 19:10:04 - actions.actions - INFO - run:502 - Slot actualizado: bot_name = BOT DEV
2025-07-04 19:10:04 - actions.actions - INFO - run:502 - Slot actualizado: campaign_name = reconfirmacion
2025-07-04 19:10:04 - actions.actions - INFO - run:502 - Slot actualizado: phone_number = 56988889999
2025-07-04 19:10:04 - actions.actions - INFO - run:502 - Slot actualizado: preparations = False
2025-07-04 19:10:04 - actions.actions - INFO - run:502 - Slot actualizado: tipo_mensaje = Confirmacion
2025-07-04 19:10:04 - actions.actions - INFO - run:502 - Slot actualizado: centro_medico_tipo = Clínica
2025-07-04 19:10:04 - actions.actions - INFO - run:502 - Slot actualizado: resource_name = Juan Carlos Vera Fredes
2025-07-04 19:10:04 - actions.actions - INFO - run:502 - Slot actualizado: status = reconfirmation in progress
2025-07-04 19:10:04 - actions.actions - INFO - run:506 - Contexto configurado como: confirmación
2025-07-04 19:10:04 - actions.actions - INFO - run:517 - Fecha formateada: 05/07/2025 a las 08:40
2025-07-04 19:10:04 - actions.actions - INFO - run:552 - Contexto inicializado exitosamente para usuario: 221e05ad-59e9-442c-8c2d-b310014783f8
2025-07-04 19:10:21 - actions.utils - INFO - log_request_info:190 - Ejecutando action_confirm_appointment para usuario: 221e05ad-59e9-442c-8c2d-b310014783f8
2025-07-04 19:10:21 - actions.actions - INFO - obtener_access_token:67 - Usando token de acceso en caché
2025-07-04 19:10:21 - actions.actions - INFO - confirm_appointment:165 - Solicitando confirmación de cita 221e05ad-59e9-442c-8c2d-b310014783f8
2025-07-04 19:10:28 - actions.actions - INFO - confirm_appointment:170 - Confirmación de cita exitosa
2025-07-04 19:10:28 - actions.actions - INFO - run:772 - Cita confirmada exitosamente en Apigee: {'@odata.context': 'https://proxy-qa.redsalud.cl/RSPBOTWSCONFIRMACION/$metadata#Appointments/$entity', '@odata.etag': 'W/"J0FBQUFBQy9iM1JjPSc="', 'DateTimeFrom': '2025-07-05T08:40:00-04:00', 'DateTimeTo': '2025-07-05T08:50:00-04:00', 'DateTimeFromUTC': '2025-07-05T12:40:00Z', 'DateTimeToUTC': '2025-07-05T12:50:00Z', 'Status': 'Confirmed', 'Duration': 10, 'ResourceId': 'ade355ca-110e-478b-9433-abef001f1120', 'ServiceId': '7c8871ba-36be-47b9-bf9a-a602010902b0', 'CoveragePlanId': 'f2d3cd94-b91c-420e-9ec0-a5f800ca8dbc', 'PatientId': 'aafc4c3e-43b3-4407-98cc-a60d006b39e3', 'CenterId': 'c7e1f17b-45c6-45e0-b981-a5f800212bef', 'IsOvercapacity': False, 'InCallBy': None, 'Index': 1, 'Number': 9134, 'NumberOfSlots': 1, 'CommentsCount': 0, 'CreatedByMainAvailabilityId': '54b6fd9e-7fe3-4384-aae9-b2c900f53a1c', 'BlockedByAvailabilityId': None, 'RescheduleAppointmentId': None, 'OversellingDefinitionId': None, 'Comments': [], 'CreatedByMarketingCampaign': None, 'Archived': False, 'OldPatientId': None, 'SortQueryId': 'f0033715-08e2-4cf1-bbca-b73f7e1a77c8', 'DynamicData': [{}, {}, {}], 'AppointmentTypeId': '4139651e-c3c2-4839-97ef-cdd5428b9975', 'CreatedByOriginalAvailabilityId': '54b6fd9e-7fe3-4384-aae9-b2c900f53a1c', 'BlockedByOriginalAvailabilityId': None, 'TreatmentPlanId': None, 'Cancelled': False, 'Id': '221e05ad-59e9-442c-8c2d-b310014783f8', 'ModifiedOn': '2025-07-04T23:10:22.7842643Z', 'CreatedOn': '2025-07-04T19:52:26.8473342Z', 'RowVersion': 'AAAAAC/b3Rc=', 'ModifiedBy': '3eba71b2-d750-4291-932d-b1760170619d', 'CreatedBy': '00000000-0000-0000-0000-000000000000', 'ModifiedByClient': 'Api', 'CreatedByClient': 'PatientPortal'}
2025-07-04 19:10:29 - actions.database - INFO - update_appointment_status:194 - Estado de cita 221e05ad-59e9-442c-8c2d-b310014783f8 actualizado a 'confirmed' exitosamente
2025-07-04 19:10:29 - actions.actions - INFO - run:818 - Confirmación exitosa para usuario: 221e05ad-59e9-442c-8c2d-b310014783f8
2025-07-04 19:10:44 - actions.utils - INFO - log_request_info:190 - Ejecutando action_init_rebooking para usuario: 221e05ad-59e9-442c-8c2d-b310014783f8
2025-07-04 19:10:44 - actions.rebooking_actions - INFO - run:58 - Slot actualizado: nombre_paciente = Manuel Castillo Vicuña
2025-07-04 19:10:44 - actions.rebooking_actions - INFO - run:58 - Slot actualizado: id_especialidad = d76fee22-6a38-43ef-b824-a60d001fe940
2025-07-04 19:10:44 - actions.rebooking_actions - INFO - run:58 - Slot actualizado: especialidad = MEDICINA GENERAL ADULTO
2025-07-04 19:10:44 - actions.rebooking_actions - INFO - run:58 - Slot actualizado: fecha_hora = 2025-07-02T190000-0400
2025-07-04 19:10:44 - actions.rebooking_actions - INFO - run:58 - Slot actualizado: id_centro_medico = c7e1f17b-45c6-45e0-b981-a5f800212bef
2025-07-04 19:10:44 - actions.rebooking_actions - INFO - run:58 - Slot actualizado: centro_medico = RedSalud Alameda
2025-07-04 19:10:44 - actions.rebooking_actions - INFO - run:58 - Slot actualizado: centro_medico_address = San Martin 30 ,Santiago
2025-07-04 19:10:44 - actions.rebooking_actions - INFO - run:58 - Slot actualizado: centro_medico_google = httpsgoo.glmapsT7iNCdZcQc35gbp58
2025-07-04 19:10:44 - actions.rebooking_actions - INFO - run:58 - Slot actualizado: centro_medico_comuna = Santiago
2025-07-04 19:10:44 - actions.rebooking_actions - INFO - run:58 - Slot actualizado: area_medica = Médica
2025-07-04 19:10:44 - actions.rebooking_actions - INFO - run:58 - Slot actualizado: conversation_id = 221e05ad-59e9-442c-8c2d-b310014783f8
2025-07-04 19:10:44 - actions.rebooking_actions - INFO - run:58 - Slot actualizado: appointment_id = 221e05ad-59e9-442c-8c2d-b310014783f8
2025-07-04 19:10:44 - actions.rebooking_actions - INFO - run:58 - Slot actualizado: bot_name = BOT DEV
2025-07-04 19:10:44 - actions.rebooking_actions - INFO - run:58 - Slot actualizado: campaign_name = confirmacion
2025-07-04 19:10:44 - actions.rebooking_actions - INFO - run:58 - Slot actualizado: phone_number = 56964058510
2025-07-04 19:10:44 - actions.rebooking_actions - INFO - run:58 - Slot actualizado: preparations = True
2025-07-04 19:10:44 - actions.rebooking_actions - INFO - run:58 - Slot actualizado: tipo_mensaje = Confirmacion
2025-07-04 19:10:44 - actions.rebooking_actions - INFO - run:58 - Slot actualizado: centro_medico_tipo = Clínica
2025-07-04 19:10:44 - actions.rebooking_actions - INFO - run:58 - Slot actualizado: preparation_url = httpsdrive.google.comfiled13-7QlkXRg3-lVsDCe0LCdVDhw3FsJfASviewuspdrive_link
2025-07-04 19:10:44 - actions.rebooking_actions - INFO - run:58 - Slot actualizado: resource_name = Celeste Olivia Borie Polanco
2025-07-04 19:10:44 - actions.rebooking_actions - INFO - run:58 - Slot actualizado: status = ready to send
2025-07-04 19:10:44 - actions.rebooking_actions - INFO - run:62 - Contexto de rebooking configurado como: rebooking
2025-07-04 19:10:44 - actions.rebooking_actions - INFO - run:72 - Fecha formateada: 02/07/2025 a las 19:00
2025-07-04 19:10:44 - actions.rebooking_actions - INFO - run:107 - Contexto de rebooking inicializado exitosamente para usuario: 221e05ad-59e9-442c-8c2d-b310014783f8
2025-07-04 19:10:56 - actions.utils - INFO - log_request_info:190 - Ejecutando action_confirm_appointment para usuario: 221e05ad-59e9-442c-8c2d-b310014783f8
2025-07-04 19:10:56 - actions.actions - INFO - obtener_access_token:67 - Usando token de acceso en caché
2025-07-04 19:10:56 - actions.actions - INFO - confirm_appointment:165 - Solicitando confirmación de cita 221e05ad-59e9-442c-8c2d-b310014783f8
2025-07-04 19:10:57 - actions.actions - ERROR - confirm_appointment:176 - Error al confirmar cita: 400 - {
  "error":{
    "code":"","message":"Status transition not allowed!"
  }
}
2025-07-04 19:10:57 - actions.actions - ERROR - run:761 - Error confirmando cita en Apigee: Error 400: {
  "error":{
    "code":"","message":"Status transition not allowed!"
  }
}
2025-07-04 19:10:57 - actions.database - INFO - update_appointment_status:194 - Estado de cita 221e05ad-59e9-442c-8c2d-b310014783f8 actualizado a 'confirmed error' exitosamente
2025-07-04 19:10:57 - actions.actions - INFO - run:769 - Confirmación fallida para usuario: 221e05ad-59e9-442c-8c2d-b310014783f8
2025-07-04 19:11:25 - actions.utils - INFO - log_request_info:190 - Ejecutando action_init_rebooking para usuario: 221e05ad-59e9-442c-8c2d-b310014783f8
2025-07-04 19:11:25 - actions.rebooking_actions - INFO - run:58 - Slot actualizado: nombre_paciente = Manuel Castillo Vicuña
2025-07-04 19:11:25 - actions.rebooking_actions - INFO - run:58 - Slot actualizado: id_especialidad = d76fee22-6a38-43ef-b824-a60d001fe940
2025-07-04 19:11:25 - actions.rebooking_actions - INFO - run:58 - Slot actualizado: especialidad = MEDICINA GENERAL ADULTO
2025-07-04 19:11:25 - actions.rebooking_actions - INFO - run:58 - Slot actualizado: fecha_hora = 2025-07-02T190000-0400
2025-07-04 19:11:25 - actions.rebooking_actions - INFO - run:58 - Slot actualizado: id_centro_medico = c7e1f17b-45c6-45e0-b981-a5f800212bef
2025-07-04 19:11:25 - actions.rebooking_actions - INFO - run:58 - Slot actualizado: centro_medico = RedSalud Alameda
2025-07-04 19:11:25 - actions.rebooking_actions - INFO - run:58 - Slot actualizado: centro_medico_address = San Martin 30 ,Santiago
2025-07-04 19:11:25 - actions.rebooking_actions - INFO - run:58 - Slot actualizado: centro_medico_google = httpsgoo.glmapsT7iNCdZcQc35gbp58
2025-07-04 19:11:25 - actions.rebooking_actions - INFO - run:58 - Slot actualizado: centro_medico_comuna = Santiago
2025-07-04 19:11:25 - actions.rebooking_actions - INFO - run:58 - Slot actualizado: area_medica = Médica
2025-07-04 19:11:25 - actions.rebooking_actions - INFO - run:58 - Slot actualizado: conversation_id = 221e05ad-59e9-442c-8c2d-b310014783f8
2025-07-04 19:11:25 - actions.rebooking_actions - INFO - run:58 - Slot actualizado: appointment_id = 221e05ad-59e9-442c-8c2d-b310014783f8
2025-07-04 19:11:25 - actions.rebooking_actions - INFO - run:58 - Slot actualizado: bot_name = BOT DEV
2025-07-04 19:11:25 - actions.rebooking_actions - INFO - run:58 - Slot actualizado: campaign_name = confirmacion
2025-07-04 19:11:25 - actions.rebooking_actions - INFO - run:58 - Slot actualizado: phone_number = 56964058510
2025-07-04 19:11:25 - actions.rebooking_actions - INFO - run:58 - Slot actualizado: preparations = True
2025-07-04 19:11:25 - actions.rebooking_actions - INFO - run:58 - Slot actualizado: tipo_mensaje = Confirmacion
2025-07-04 19:11:25 - actions.rebooking_actions - INFO - run:58 - Slot actualizado: centro_medico_tipo = Clínica
2025-07-04 19:11:25 - actions.rebooking_actions - INFO - run:58 - Slot actualizado: preparation_url = httpsdrive.google.comfiled13-7QlkXRg3-lVsDCe0LCdVDhw3FsJfASviewuspdrive_link
2025-07-04 19:11:25 - actions.rebooking_actions - INFO - run:58 - Slot actualizado: resource_name = Celeste Olivia Borie Polanco
2025-07-04 19:11:25 - actions.rebooking_actions - INFO - run:58 - Slot actualizado: status = ready to send
2025-07-04 19:11:25 - actions.rebooking_actions - INFO - run:62 - Contexto de rebooking configurado como: rebooking
2025-07-04 19:11:25 - actions.rebooking_actions - INFO - run:72 - Fecha formateada: 02/07/2025 a las 19:00
2025-07-04 19:11:25 - actions.rebooking_actions - INFO - run:107 - Contexto de rebooking inicializado exitosamente para usuario: 221e05ad-59e9-442c-8c2d-b310014783f8
2025-07-04 19:11:38 - actions.utils - INFO - log_request_info:190 - Ejecutando action_fallback para usuario: 221e05ad-59e9-442c-8c2d-b310014783f8
2025-07-04 19:11:45 - actions.utils - INFO - log_request_info:190 - Ejecutando action_confirm_appointment para usuario: 221e05ad-59e9-442c-8c2d-b310014783f8
2025-07-04 19:11:45 - actions.actions - INFO - obtener_access_token:67 - Usando token de acceso en caché
2025-07-04 19:11:45 - actions.actions - INFO - confirm_appointment:165 - Solicitando confirmación de cita 221e05ad-59e9-442c-8c2d-b310014783f8
2025-07-04 19:11:46 - actions.actions - ERROR - confirm_appointment:176 - Error al confirmar cita: 400 - {
  "error":{
    "code":"","message":"Status transition not allowed!"
  }
}
2025-07-04 19:11:46 - actions.actions - ERROR - run:761 - Error confirmando cita en Apigee: Error 400: {
  "error":{
    "code":"","message":"Status transition not allowed!"
  }
}
2025-07-04 19:11:46 - actions.database - INFO - update_appointment_status:194 - Estado de cita 221e05ad-59e9-442c-8c2d-b310014783f8 actualizado a 'confirmed error' exitosamente
2025-07-04 19:11:46 - actions.actions - INFO - run:769 - Confirmación fallida para usuario: 221e05ad-59e9-442c-8c2d-b310014783f8
2025-07-04 19:14:50 - root - INFO - setup_logging:89 - Logging configurado - Nivel: INFO, Archivo: bot_confirmaciones.log
2025-07-04 19:14:50 - root - INFO - setup_logging:90 - Bot de confirmaciones iniciando...
2025-07-04 19:14:51 - actions.database - INFO - _initialize_pool:47 - Pool de conexiones PostgreSQL inicializado correctamente
2025-07-04 19:14:51 - actions.actions - INFO - <module>:42 - APIGEE_API_URL: https://redsalud-qa.apigee.net
2025-07-04 19:14:51 - actions.actions - INFO - <module>:43 - APIGEE_USERNAME: 4tu0...
2025-07-04 19:14:51 - actions.actions - INFO - <module>:44 - APIGEE_PASSWORD: Configurado
2025-07-04 19:14:51 - actions - INFO - <module>:32 - Módulo de acciones cargado correctamente
2025-07-04 19:14:51 - rasa_sdk.executor - INFO - register_function:204 - Registered function for 'action_test_connection'.
2025-07-04 19:14:51 - rasa_sdk.executor - INFO - register_function:204 - Registered function for 'action_get_system_status'.
2025-07-04 19:14:51 - rasa_sdk.executor - INFO - register_function:204 - Registered function for 'action_validate_input'.
2025-07-04 19:14:51 - rasa_sdk.executor - INFO - register_function:204 - Registered function for 'action_handle_error'.
2025-07-04 19:14:51 - rasa_sdk.executor - INFO - register_function:204 - Registered function for 'action_fallback'.
2025-07-04 19:14:51 - rasa_sdk.executor - INFO - register_function:204 - Registered function for 'action_init_context'.
2025-07-04 19:14:51 - rasa_sdk.executor - INFO - register_function:204 - Registered function for 'action_format_date'.
2025-07-04 19:14:51 - rasa_sdk.executor - INFO - register_function:204 - Registered function for 'action_cancel_appointment'.
2025-07-04 19:14:51 - rasa_sdk.executor - INFO - register_function:204 - Registered function for 'action_confirm_appointment'.
2025-07-04 19:14:51 - rasa_sdk.executor - INFO - register_function:204 - Registered function for 'action_init_rebooking'.
2025-07-04 19:14:51 - rasa_sdk.endpoint - INFO - run:161 - Starting plugins...
2025-07-04 19:14:51 - rasa_sdk.endpoint - INFO - run:167 - Action endpoint is up and running on http://0.0.0.0:5055
2025-07-04 19:15:14 - actions.utils - INFO - log_request_info:190 - Ejecutando action_init_rebooking para usuario: 221e05ad-59e9-442c-8c2d-b310014783f8
2025-07-04 19:15:14 - actions.rebooking_actions - INFO - run:58 - Slot actualizado: nombre_paciente = Manuel Castillo Vicuña
2025-07-04 19:15:14 - actions.rebooking_actions - INFO - run:58 - Slot actualizado: id_especialidad = d76fee22-6a38-43ef-b824-a60d001fe940
2025-07-04 19:15:14 - actions.rebooking_actions - INFO - run:58 - Slot actualizado: especialidad = MEDICINA GENERAL ADULTO
2025-07-04 19:15:14 - actions.rebooking_actions - INFO - run:58 - Slot actualizado: fecha_hora = 2025-07-02T190000-0400
2025-07-04 19:15:14 - actions.rebooking_actions - INFO - run:58 - Slot actualizado: id_centro_medico = c7e1f17b-45c6-45e0-b981-a5f800212bef
2025-07-04 19:15:14 - actions.rebooking_actions - INFO - run:58 - Slot actualizado: centro_medico = RedSalud Alameda
2025-07-04 19:15:14 - actions.rebooking_actions - INFO - run:58 - Slot actualizado: centro_medico_address = San Martin 30 ,Santiago
2025-07-04 19:15:14 - actions.rebooking_actions - INFO - run:58 - Slot actualizado: centro_medico_google = httpsgoo.glmapsT7iNCdZcQc35gbp58
2025-07-04 19:15:14 - actions.rebooking_actions - INFO - run:58 - Slot actualizado: centro_medico_comuna = Santiago
2025-07-04 19:15:14 - actions.rebooking_actions - INFO - run:58 - Slot actualizado: area_medica = Médica
2025-07-04 19:15:14 - actions.rebooking_actions - INFO - run:58 - Slot actualizado: conversation_id = 221e05ad-59e9-442c-8c2d-b310014783f8
2025-07-04 19:15:14 - actions.rebooking_actions - INFO - run:58 - Slot actualizado: appointment_id = 221e05ad-59e9-442c-8c2d-b310014783f8
2025-07-04 19:15:14 - actions.rebooking_actions - INFO - run:58 - Slot actualizado: bot_name = BOT DEV
2025-07-04 19:15:14 - actions.rebooking_actions - INFO - run:58 - Slot actualizado: campaign_name = confirmacion
2025-07-04 19:15:14 - actions.rebooking_actions - INFO - run:58 - Slot actualizado: phone_number = 56964058510
2025-07-04 19:15:14 - actions.rebooking_actions - INFO - run:58 - Slot actualizado: preparations = True
2025-07-04 19:15:14 - actions.rebooking_actions - INFO - run:58 - Slot actualizado: tipo_mensaje = Confirmacion
2025-07-04 19:15:14 - actions.rebooking_actions - INFO - run:58 - Slot actualizado: centro_medico_tipo = Clínica
2025-07-04 19:15:14 - actions.rebooking_actions - INFO - run:58 - Slot actualizado: preparation_url = httpsdrive.google.comfiled13-7QlkXRg3-lVsDCe0LCdVDhw3FsJfASviewuspdrive_link
2025-07-04 19:15:14 - actions.rebooking_actions - INFO - run:58 - Slot actualizado: resource_name = Celeste Olivia Borie Polanco
2025-07-04 19:15:14 - actions.rebooking_actions - INFO - run:58 - Slot actualizado: status = ready to send
2025-07-04 19:15:14 - actions.rebooking_actions - INFO - run:62 - Contexto de rebooking configurado como: rebooking
2025-07-04 19:15:14 - actions.rebooking_actions - INFO - run:66 - Contexto general configurado como: None
2025-07-04 19:15:14 - actions.rebooking_actions - INFO - run:76 - Fecha formateada: 02/07/2025 a las 19:00
2025-07-04 19:15:14 - actions.rebooking_actions - INFO - run:111 - Contexto de rebooking inicializado exitosamente para usuario: 221e05ad-59e9-442c-8c2d-b310014783f8
2025-07-04 19:15:59 - actions.utils - INFO - log_request_info:190 - Ejecutando action_fallback para usuario: 221e05ad-59e9-442c-8c2d-b310014783f8
2025-07-04 19:15:59 - actions.utils - INFO - log_request_info:190 - Ejecutando action_fallback para usuario: 221e05ad-59e9-442c-8c2d-b310014783f8
2025-07-04 19:15:59 - actions.utils - INFO - log_request_info:190 - Ejecutando action_fallback para usuario: 221e05ad-59e9-442c-8c2d-b310014783f8
2025-07-04 19:15:59 - actions.utils - INFO - log_request_info:190 - Ejecutando action_fallback para usuario: 221e05ad-59e9-442c-8c2d-b310014783f8
2025-07-04 19:15:59 - actions.utils - INFO - log_request_info:190 - Ejecutando action_fallback para usuario: 221e05ad-59e9-442c-8c2d-b310014783f8
2025-07-04 19:15:59 - actions.utils - INFO - log_request_info:190 - Ejecutando action_fallback para usuario: 221e05ad-59e9-442c-8c2d-b310014783f8
2025-07-04 19:15:59 - actions.utils - INFO - log_request_info:190 - Ejecutando action_fallback para usuario: 221e05ad-59e9-442c-8c2d-b310014783f8
2025-07-04 19:15:59 - actions.utils - INFO - log_request_info:190 - Ejecutando action_fallback para usuario: 221e05ad-59e9-442c-8c2d-b310014783f8
2025-07-04 19:15:59 - actions.utils - INFO - log_request_info:190 - Ejecutando action_fallback para usuario: 221e05ad-59e9-442c-8c2d-b310014783f8
2025-07-04 19:15:59 - actions.utils - INFO - log_request_info:190 - Ejecutando action_fallback para usuario: 221e05ad-59e9-442c-8c2d-b310014783f8
2025-07-04 19:18:43 - actions.utils - INFO - log_request_info:190 - Ejecutando action_init_rebooking para usuario: 221e05ad-59e9-442c-8c2d-b310014783f8
2025-07-04 19:18:43 - actions.rebooking_actions - INFO - run:58 - Slot actualizado: nombre_paciente = Manuel Castillo Vicuña
2025-07-04 19:18:43 - actions.rebooking_actions - INFO - run:58 - Slot actualizado: id_especialidad = d76fee22-6a38-43ef-b824-a60d001fe940
2025-07-04 19:18:43 - actions.rebooking_actions - INFO - run:58 - Slot actualizado: especialidad = MEDICINA GENERAL ADULTO
2025-07-04 19:18:43 - actions.rebooking_actions - INFO - run:58 - Slot actualizado: fecha_hora = 2025-07-02T190000-0400
2025-07-04 19:18:43 - actions.rebooking_actions - INFO - run:58 - Slot actualizado: id_centro_medico = c7e1f17b-45c6-45e0-b981-a5f800212bef
2025-07-04 19:18:43 - actions.rebooking_actions - INFO - run:58 - Slot actualizado: centro_medico = RedSalud Alameda
2025-07-04 19:18:43 - actions.rebooking_actions - INFO - run:58 - Slot actualizado: centro_medico_address = San Martin 30 ,Santiago
2025-07-04 19:18:43 - actions.rebooking_actions - INFO - run:58 - Slot actualizado: centro_medico_google = httpsgoo.glmapsT7iNCdZcQc35gbp58
2025-07-04 19:18:43 - actions.rebooking_actions - INFO - run:58 - Slot actualizado: centro_medico_comuna = Santiago
2025-07-04 19:18:43 - actions.rebooking_actions - INFO - run:58 - Slot actualizado: area_medica = Médica
2025-07-04 19:18:43 - actions.rebooking_actions - INFO - run:58 - Slot actualizado: conversation_id = 221e05ad-59e9-442c-8c2d-b310014783f8
2025-07-04 19:18:43 - actions.rebooking_actions - INFO - run:58 - Slot actualizado: appointment_id = 221e05ad-59e9-442c-8c2d-b310014783f8
2025-07-04 19:18:43 - actions.rebooking_actions - INFO - run:58 - Slot actualizado: bot_name = BOT DEV
2025-07-04 19:18:43 - actions.rebooking_actions - INFO - run:58 - Slot actualizado: campaign_name = confirmacion
2025-07-04 19:18:43 - actions.rebooking_actions - INFO - run:58 - Slot actualizado: phone_number = 56964058510
2025-07-04 19:18:43 - actions.rebooking_actions - INFO - run:58 - Slot actualizado: preparations = True
2025-07-04 19:18:43 - actions.rebooking_actions - INFO - run:58 - Slot actualizado: tipo_mensaje = Confirmacion
2025-07-04 19:18:43 - actions.rebooking_actions - INFO - run:58 - Slot actualizado: centro_medico_tipo = Clínica
2025-07-04 19:18:43 - actions.rebooking_actions - INFO - run:58 - Slot actualizado: preparation_url = httpsdrive.google.comfiled13-7QlkXRg3-lVsDCe0LCdVDhw3FsJfASviewuspdrive_link
2025-07-04 19:18:43 - actions.rebooking_actions - INFO - run:58 - Slot actualizado: resource_name = Celeste Olivia Borie Polanco
2025-07-04 19:18:43 - actions.rebooking_actions - INFO - run:58 - Slot actualizado: status = ready to send
2025-07-04 19:18:43 - actions.rebooking_actions - INFO - run:62 - Contexto de rebooking configurado como: rebooking
2025-07-04 19:18:43 - actions.rebooking_actions - INFO - run:66 - Contexto general configurado como: None
2025-07-04 19:18:43 - actions.rebooking_actions - INFO - run:76 - Fecha formateada: 02/07/2025 a las 19:00
2025-07-04 19:18:43 - actions.rebooking_actions - INFO - run:111 - Contexto de rebooking inicializado exitosamente para usuario: 221e05ad-59e9-442c-8c2d-b310014783f8
2025-07-04 19:19:17 - actions.utils - INFO - log_request_info:190 - Ejecutando action_fallback para usuario: 221e05ad-59e9-442c-8c2d-b310014783f8
2025-07-04 19:19:17 - actions.utils - INFO - log_request_info:190 - Ejecutando action_fallback para usuario: 221e05ad-59e9-442c-8c2d-b310014783f8
2025-07-04 19:19:17 - actions.utils - INFO - log_request_info:190 - Ejecutando action_fallback para usuario: 221e05ad-59e9-442c-8c2d-b310014783f8
2025-07-04 19:19:17 - actions.utils - INFO - log_request_info:190 - Ejecutando action_fallback para usuario: 221e05ad-59e9-442c-8c2d-b310014783f8
2025-07-04 19:19:17 - actions.utils - INFO - log_request_info:190 - Ejecutando action_fallback para usuario: 221e05ad-59e9-442c-8c2d-b310014783f8
2025-07-04 19:19:17 - actions.utils - INFO - log_request_info:190 - Ejecutando action_fallback para usuario: 221e05ad-59e9-442c-8c2d-b310014783f8
2025-07-04 19:19:17 - actions.utils - INFO - log_request_info:190 - Ejecutando action_fallback para usuario: 221e05ad-59e9-442c-8c2d-b310014783f8
2025-07-04 19:19:17 - actions.utils - INFO - log_request_info:190 - Ejecutando action_fallback para usuario: 221e05ad-59e9-442c-8c2d-b310014783f8
2025-07-04 19:19:17 - actions.utils - INFO - log_request_info:190 - Ejecutando action_fallback para usuario: 221e05ad-59e9-442c-8c2d-b310014783f8
2025-07-04 19:19:17 - actions.utils - INFO - log_request_info:190 - Ejecutando action_fallback para usuario: 221e05ad-59e9-442c-8c2d-b310014783f8
2025-07-04 19:21:47 - actions.utils - INFO - log_request_info:190 - Ejecutando action_init_rebooking para usuario: 221e05ad-59e9-442c-8c2d-b310014783f8
2025-07-04 19:21:47 - actions.rebooking_actions - INFO - run:58 - Slot actualizado: nombre_paciente = Manuel Castillo Vicuña
2025-07-04 19:21:47 - actions.rebooking_actions - INFO - run:58 - Slot actualizado: id_especialidad = d76fee22-6a38-43ef-b824-a60d001fe940
2025-07-04 19:21:47 - actions.rebooking_actions - INFO - run:58 - Slot actualizado: especialidad = MEDICINA GENERAL ADULTO
2025-07-04 19:21:47 - actions.rebooking_actions - INFO - run:58 - Slot actualizado: fecha_hora = 2025-07-02T190000-0400
2025-07-04 19:21:47 - actions.rebooking_actions - INFO - run:58 - Slot actualizado: id_centro_medico = c7e1f17b-45c6-45e0-b981-a5f800212bef
2025-07-04 19:21:47 - actions.rebooking_actions - INFO - run:58 - Slot actualizado: centro_medico = RedSalud Alameda
2025-07-04 19:21:47 - actions.rebooking_actions - INFO - run:58 - Slot actualizado: centro_medico_address = San Martin 30 ,Santiago
2025-07-04 19:21:47 - actions.rebooking_actions - INFO - run:58 - Slot actualizado: centro_medico_google = httpsgoo.glmapsT7iNCdZcQc35gbp58
2025-07-04 19:21:47 - actions.rebooking_actions - INFO - run:58 - Slot actualizado: centro_medico_comuna = Santiago
2025-07-04 19:21:47 - actions.rebooking_actions - INFO - run:58 - Slot actualizado: area_medica = Médica
2025-07-04 19:21:47 - actions.rebooking_actions - INFO - run:58 - Slot actualizado: conversation_id = 221e05ad-59e9-442c-8c2d-b310014783f8
2025-07-04 19:21:47 - actions.rebooking_actions - INFO - run:58 - Slot actualizado: appointment_id = 221e05ad-59e9-442c-8c2d-b310014783f8
2025-07-04 19:21:47 - actions.rebooking_actions - INFO - run:58 - Slot actualizado: bot_name = BOT DEV
2025-07-04 19:21:47 - actions.rebooking_actions - INFO - run:58 - Slot actualizado: campaign_name = confirmacion
2025-07-04 19:21:47 - actions.rebooking_actions - INFO - run:58 - Slot actualizado: phone_number = 56964058510
2025-07-04 19:21:47 - actions.rebooking_actions - INFO - run:58 - Slot actualizado: preparations = True
2025-07-04 19:21:47 - actions.rebooking_actions - INFO - run:58 - Slot actualizado: tipo_mensaje = Confirmacion
2025-07-04 19:21:47 - actions.rebooking_actions - INFO - run:58 - Slot actualizado: centro_medico_tipo = Clínica
2025-07-04 19:21:47 - actions.rebooking_actions - INFO - run:58 - Slot actualizado: preparation_url = httpsdrive.google.comfiled13-7QlkXRg3-lVsDCe0LCdVDhw3FsJfASviewuspdrive_link
2025-07-04 19:21:47 - actions.rebooking_actions - INFO - run:58 - Slot actualizado: resource_name = Celeste Olivia Borie Polanco
2025-07-04 19:21:47 - actions.rebooking_actions - INFO - run:58 - Slot actualizado: status = ready to send
2025-07-04 19:21:47 - actions.rebooking_actions - INFO - run:62 - Contexto de rebooking configurado como: rebooking
2025-07-04 19:21:47 - actions.rebooking_actions - INFO - run:66 - Contexto general configurado como: None
2025-07-04 19:21:47 - actions.rebooking_actions - INFO - run:76 - Fecha formateada: 02/07/2025 a las 19:00
2025-07-04 19:21:47 - actions.rebooking_actions - INFO - run:111 - Contexto de rebooking inicializado exitosamente para usuario: 221e05ad-59e9-442c-8c2d-b310014783f8
2025-07-04 19:22:04 - actions.utils - INFO - log_request_info:190 - Ejecutando action_init_context para usuario: c56d714e-c7d2-4967-a82a-b310014a2697
2025-07-04 19:22:04 - actions.actions - INFO - run:502 - Slot actualizado: nombre_paciente = Sergio Nicolás Guzmán Leyton
2025-07-04 19:22:04 - actions.actions - INFO - run:502 - Slot actualizado: id_especialidad = bcf5f290-c88b-4404-8a82-a60d00233014
2025-07-04 19:22:04 - actions.actions - INFO - run:502 - Slot actualizado: especialidad = CARDIOLOGIA ADULTO
2025-07-04 19:22:04 - actions.actions - INFO - run:502 - Slot actualizado: fecha_hora = 2025-07-05T085000-0400
2025-07-04 19:22:04 - actions.actions - INFO - run:502 - Slot actualizado: id_centro_medico = c7e1f17b-45c6-45e0-b981-a5f800212bef
2025-07-04 19:22:04 - actions.actions - INFO - run:502 - Slot actualizado: centro_medico = RedSalud Alameda
2025-07-04 19:22:04 - actions.actions - INFO - run:502 - Slot actualizado: centro_medico_address = San Martin 30 ,Santiago
2025-07-04 19:22:04 - actions.actions - INFO - run:502 - Slot actualizado: centro_medico_google = httpsgoo.glmapsT7iNCdZcQc35gbp58
2025-07-04 19:22:04 - actions.actions - INFO - run:502 - Slot actualizado: centro_medico_comuna = Santiago
2025-07-04 19:22:04 - actions.actions - INFO - run:502 - Slot actualizado: area_medica = Médica
2025-07-04 19:22:04 - actions.actions - INFO - run:502 - Slot actualizado: conversation_id = c56d714e-c7d2-4967-a82a-b310014a2697
2025-07-04 19:22:04 - actions.actions - INFO - run:502 - Slot actualizado: bot_name = BOT DEV
2025-07-04 19:22:04 - actions.actions - INFO - run:502 - Slot actualizado: campaign_name = reconfirmacion
2025-07-04 19:22:04 - actions.actions - INFO - run:502 - Slot actualizado: phone_number = 56958836039
2025-07-04 19:22:04 - actions.actions - INFO - run:502 - Slot actualizado: preparations = False
2025-07-04 19:22:04 - actions.actions - INFO - run:502 - Slot actualizado: tipo_mensaje = Confirmacion
2025-07-04 19:22:04 - actions.actions - INFO - run:502 - Slot actualizado: centro_medico_tipo = Clínica
2025-07-04 19:22:04 - actions.actions - INFO - run:502 - Slot actualizado: resource_name = Juan Carlos Vera Fredes
2025-07-04 19:22:04 - actions.actions - INFO - run:502 - Slot actualizado: status = reconfirmation in progress
2025-07-04 19:22:04 - actions.actions - INFO - run:506 - Contexto configurado como: confirmación
2025-07-04 19:22:04 - actions.actions - INFO - run:517 - Fecha formateada: 05/07/2025 a las 08:50
2025-07-04 19:22:04 - actions.actions - INFO - run:552 - Contexto inicializado exitosamente para usuario: c56d714e-c7d2-4967-a82a-b310014a2697
2025-07-04 19:23:04 - actions.utils - INFO - log_request_info:190 - Ejecutando action_init_context para usuario: 30763d17-2edc-4989-8f80-b310016e3e6a
2025-07-04 19:23:04 - actions.actions - INFO - run:502 - Slot actualizado: nombre_paciente = CARLOS ANDRES. OPAZO ROSALES
2025-07-04 19:23:04 - actions.actions - INFO - run:502 - Slot actualizado: id_especialidad = d76fee22-6a38-43ef-b824-a60d001fe940
2025-07-04 19:23:04 - actions.actions - INFO - run:502 - Slot actualizado: especialidad = MEDICINA GENERAL ADULTO
2025-07-04 19:23:04 - actions.actions - INFO - run:502 - Slot actualizado: fecha_hora = 2025-07-05T090000-0400
2025-07-04 19:23:04 - actions.actions - INFO - run:502 - Slot actualizado: id_centro_medico = c7e1f17b-45c6-45e0-b981-a5f800212bef
2025-07-04 19:23:04 - actions.actions - INFO - run:502 - Slot actualizado: centro_medico = RedSalud Alameda
2025-07-04 19:23:04 - actions.actions - INFO - run:502 - Slot actualizado: centro_medico_address = San Martin 30 ,Santiago
2025-07-04 19:23:04 - actions.actions - INFO - run:502 - Slot actualizado: centro_medico_google = httpsgoo.glmapsT7iNCdZcQc35gbp58
2025-07-04 19:23:04 - actions.actions - INFO - run:502 - Slot actualizado: centro_medico_comuna = Santiago
2025-07-04 19:23:04 - actions.actions - INFO - run:502 - Slot actualizado: area_medica = Médica
2025-07-04 19:23:04 - actions.actions - INFO - run:502 - Slot actualizado: conversation_id = 30763d17-2edc-4989-8f80-b310016e3e6a
2025-07-04 19:23:04 - actions.actions - INFO - run:502 - Slot actualizado: bot_name = BOT DEV
2025-07-04 19:23:04 - actions.actions - INFO - run:502 - Slot actualizado: campaign_name = reconfirmacion
2025-07-04 19:23:04 - actions.actions - INFO - run:502 - Slot actualizado: phone_number = 56988889999
2025-07-04 19:23:04 - actions.actions - INFO - run:502 - Slot actualizado: preparations = True
2025-07-04 19:23:04 - actions.actions - INFO - run:502 - Slot actualizado: tipo_mensaje = Confirmacion
2025-07-04 19:23:04 - actions.actions - INFO - run:502 - Slot actualizado: centro_medico_tipo = Clínica
2025-07-04 19:23:04 - actions.actions - INFO - run:502 - Slot actualizado: preparation_url = httpsdrive.google.comfiled13-7QlkXRg3-lVsDCe0LCdVDhw3FsJfASviewuspdrive_link
2025-07-04 19:23:04 - actions.actions - INFO - run:502 - Slot actualizado: resource_name = Susana Yelovitz Rubinsztein
2025-07-04 19:23:04 - actions.actions - INFO - run:502 - Slot actualizado: status = reconfirmation in progress
2025-07-04 19:23:04 - actions.actions - INFO - run:506 - Contexto configurado como: confirmación
2025-07-04 19:23:04 - actions.actions - INFO - run:517 - Fecha formateada: 05/07/2025 a las 09:00
2025-07-04 19:23:04 - actions.actions - INFO - run:552 - Contexto inicializado exitosamente para usuario: 30763d17-2edc-4989-8f80-b310016e3e6a
2025-07-04 19:23:04 - actions.utils - INFO - log_request_info:190 - Ejecutando action_init_context para usuario: 2f88922e-da65-4bb7-8ebb-b310014c741a
2025-07-04 19:23:04 - actions.actions - INFO - run:502 - Slot actualizado: nombre_paciente = Carolina Ignacia Contreras Núñez
2025-07-04 19:23:04 - actions.actions - INFO - run:502 - Slot actualizado: id_especialidad = bcf5f290-c88b-4404-8a82-a60d00233014
2025-07-04 19:23:04 - actions.actions - INFO - run:502 - Slot actualizado: especialidad = CARDIOLOGIA ADULTO
2025-07-04 19:23:04 - actions.actions - INFO - run:502 - Slot actualizado: fecha_hora = 2025-07-05T080000-0400
2025-07-04 19:23:04 - actions.actions - INFO - run:502 - Slot actualizado: id_centro_medico = c7e1f17b-45c6-45e0-b981-a5f800212bef
2025-07-04 19:23:04 - actions.actions - INFO - run:502 - Slot actualizado: centro_medico = RedSalud Alameda
2025-07-04 19:23:04 - actions.actions - INFO - run:502 - Slot actualizado: centro_medico_address = San Martin 30 ,Santiago
2025-07-04 19:23:04 - actions.actions - INFO - run:502 - Slot actualizado: centro_medico_google = httpsgoo.glmapsT7iNCdZcQc35gbp58
2025-07-04 19:23:04 - actions.actions - INFO - run:502 - Slot actualizado: centro_medico_comuna = Santiago
2025-07-04 19:23:04 - actions.actions - INFO - run:502 - Slot actualizado: area_medica = Médica
2025-07-04 19:23:04 - actions.actions - INFO - run:502 - Slot actualizado: conversation_id = 2f88922e-da65-4bb7-8ebb-b310014c741a
2025-07-04 19:23:04 - actions.actions - INFO - run:502 - Slot actualizado: bot_name = BOT DEV
2025-07-04 19:23:04 - actions.actions - INFO - run:502 - Slot actualizado: campaign_name = reconfirmacion
2025-07-04 19:23:04 - actions.actions - INFO - run:502 - Slot actualizado: phone_number = 56958836039
2025-07-04 19:23:04 - actions.actions - INFO - run:502 - Slot actualizado: preparations = False
2025-07-04 19:23:04 - actions.actions - INFO - run:502 - Slot actualizado: tipo_mensaje = Confirmacion
2025-07-04 19:23:04 - actions.actions - INFO - run:502 - Slot actualizado: centro_medico_tipo = Clínica
2025-07-04 19:23:04 - actions.actions - INFO - run:502 - Slot actualizado: resource_name = Juan Carlos Vera Fredes
2025-07-04 19:23:04 - actions.actions - INFO - run:502 - Slot actualizado: status = reconfirmation in progress
2025-07-04 19:23:04 - actions.actions - INFO - run:506 - Contexto configurado como: confirmación
2025-07-04 19:23:04 - actions.actions - INFO - run:517 - Fecha formateada: 05/07/2025 a las 08:00
2025-07-04 19:23:04 - actions.actions - INFO - run:552 - Contexto inicializado exitosamente para usuario: 2f88922e-da65-4bb7-8ebb-b310014c741a
2025-07-04 19:24:04 - actions.utils - INFO - log_request_info:190 - Ejecutando action_init_context para usuario: 30763d17-2edc-4989-8f80-b310016e3e6a
2025-07-04 19:24:04 - actions.actions - INFO - run:502 - Slot actualizado: nombre_paciente = CARLOS ANDRES. OPAZO ROSALES
2025-07-04 19:24:04 - actions.actions - INFO - run:502 - Slot actualizado: id_especialidad = d76fee22-6a38-43ef-b824-a60d001fe940
2025-07-04 19:24:04 - actions.actions - INFO - run:502 - Slot actualizado: especialidad = MEDICINA GENERAL ADULTO
2025-07-04 19:24:04 - actions.actions - INFO - run:502 - Slot actualizado: fecha_hora = 2025-07-05T090000-0400
2025-07-04 19:24:04 - actions.actions - INFO - run:502 - Slot actualizado: id_centro_medico = c7e1f17b-45c6-45e0-b981-a5f800212bef
2025-07-04 19:24:04 - actions.actions - INFO - run:502 - Slot actualizado: centro_medico = RedSalud Alameda
2025-07-04 19:24:04 - actions.actions - INFO - run:502 - Slot actualizado: centro_medico_address = San Martin 30 ,Santiago
2025-07-04 19:24:04 - actions.actions - INFO - run:502 - Slot actualizado: centro_medico_google = httpsgoo.glmapsT7iNCdZcQc35gbp58
2025-07-04 19:24:04 - actions.actions - INFO - run:502 - Slot actualizado: centro_medico_comuna = Santiago
2025-07-04 19:24:04 - actions.actions - INFO - run:502 - Slot actualizado: area_medica = Médica
2025-07-04 19:24:04 - actions.actions - INFO - run:502 - Slot actualizado: conversation_id = 30763d17-2edc-4989-8f80-b310016e3e6a
2025-07-04 19:24:04 - actions.actions - INFO - run:502 - Slot actualizado: bot_name = BOT DEV
2025-07-04 19:24:04 - actions.actions - INFO - run:502 - Slot actualizado: campaign_name = reconfirmacion
2025-07-04 19:24:04 - actions.actions - INFO - run:502 - Slot actualizado: phone_number = 56988889999
2025-07-04 19:24:04 - actions.actions - INFO - run:502 - Slot actualizado: preparations = True
2025-07-04 19:24:04 - actions.actions - INFO - run:502 - Slot actualizado: tipo_mensaje = Confirmacion
2025-07-04 19:24:04 - actions.actions - INFO - run:502 - Slot actualizado: centro_medico_tipo = Clínica
2025-07-04 19:24:04 - actions.actions - INFO - run:502 - Slot actualizado: preparation_url = httpsdrive.google.comfiled13-7QlkXRg3-lVsDCe0LCdVDhw3FsJfASviewuspdrive_link
2025-07-04 19:24:04 - actions.actions - INFO - run:502 - Slot actualizado: resource_name = Susana Yelovitz Rubinsztein
2025-07-04 19:24:04 - actions.actions - INFO - run:502 - Slot actualizado: status = reconfirmation in progress
2025-07-04 19:24:04 - actions.actions - INFO - run:506 - Contexto configurado como: confirmación
2025-07-04 19:24:04 - actions.actions - INFO - run:517 - Fecha formateada: 05/07/2025 a las 09:00
2025-07-04 19:24:04 - actions.actions - INFO - run:552 - Contexto inicializado exitosamente para usuario: 30763d17-2edc-4989-8f80-b310016e3e6a
2025-07-04 19:29:26 - root - INFO - setup_logging:89 - Logging configurado - Nivel: INFO, Archivo: bot_confirmaciones.log
2025-07-04 19:29:26 - root - INFO - setup_logging:90 - Bot de confirmaciones iniciando...
2025-07-04 19:29:27 - actions.database - INFO - _initialize_pool:47 - Pool de conexiones PostgreSQL inicializado correctamente
2025-07-04 19:29:27 - actions.actions - INFO - <module>:42 - APIGEE_API_URL: https://redsalud-qa.apigee.net
2025-07-04 19:29:27 - actions.actions - INFO - <module>:43 - APIGEE_USERNAME: 4tu0...
2025-07-04 19:29:27 - actions.actions - INFO - <module>:44 - APIGEE_PASSWORD: Configurado
2025-07-04 19:29:27 - actions - INFO - <module>:32 - Módulo de acciones cargado correctamente
2025-07-04 19:29:27 - rasa_sdk.executor - INFO - register_function:204 - Registered function for 'action_test_connection'.
2025-07-04 19:29:27 - rasa_sdk.executor - INFO - register_function:204 - Registered function for 'action_get_system_status'.
2025-07-04 19:29:27 - rasa_sdk.executor - INFO - register_function:204 - Registered function for 'action_validate_input'.
2025-07-04 19:29:27 - rasa_sdk.executor - INFO - register_function:204 - Registered function for 'action_handle_error'.
2025-07-04 19:29:27 - rasa_sdk.executor - INFO - register_function:204 - Registered function for 'action_fallback'.
2025-07-04 19:29:27 - rasa_sdk.executor - INFO - register_function:204 - Registered function for 'action_init_context'.
2025-07-04 19:29:27 - rasa_sdk.executor - INFO - register_function:204 - Registered function for 'action_format_date'.
2025-07-04 19:29:27 - rasa_sdk.executor - INFO - register_function:204 - Registered function for 'action_cancel_appointment'.
2025-07-04 19:29:27 - rasa_sdk.executor - INFO - register_function:204 - Registered function for 'action_confirm_appointment'.
2025-07-04 19:29:27 - rasa_sdk.executor - INFO - register_function:204 - Registered function for 'action_init_rebooking'.
2025-07-04 19:29:27 - rasa_sdk.endpoint - INFO - run:161 - Starting plugins...
2025-07-04 19:29:27 - rasa_sdk.endpoint - INFO - run:167 - Action endpoint is up and running on http://0.0.0.0:5055
2025-07-04 19:30:22 - actions.utils - INFO - log_request_info:190 - Ejecutando action_init_rebooking para usuario: 221e05ad-59e9-442c-8c2d-b310014783f8
2025-07-04 19:30:22 - actions.rebooking_actions - INFO - run:58 - Slot actualizado: nombre_paciente = Manuel Castillo Vicuña
2025-07-04 19:30:22 - actions.rebooking_actions - INFO - run:58 - Slot actualizado: id_especialidad = d76fee22-6a38-43ef-b824-a60d001fe940
2025-07-04 19:30:22 - actions.rebooking_actions - INFO - run:58 - Slot actualizado: especialidad = MEDICINA GENERAL ADULTO
2025-07-04 19:30:22 - actions.rebooking_actions - INFO - run:58 - Slot actualizado: fecha_hora = 2025-07-02T190000-0400
2025-07-04 19:30:22 - actions.rebooking_actions - INFO - run:58 - Slot actualizado: id_centro_medico = c7e1f17b-45c6-45e0-b981-a5f800212bef
2025-07-04 19:30:22 - actions.rebooking_actions - INFO - run:58 - Slot actualizado: centro_medico = RedSalud Alameda
2025-07-04 19:30:22 - actions.rebooking_actions - INFO - run:58 - Slot actualizado: centro_medico_address = San Martin 30 ,Santiago
2025-07-04 19:30:22 - actions.rebooking_actions - INFO - run:58 - Slot actualizado: centro_medico_google = httpsgoo.glmapsT7iNCdZcQc35gbp58
2025-07-04 19:30:22 - actions.rebooking_actions - INFO - run:58 - Slot actualizado: centro_medico_comuna = Santiago
2025-07-04 19:30:22 - actions.rebooking_actions - INFO - run:58 - Slot actualizado: area_medica = Médica
2025-07-04 19:30:22 - actions.rebooking_actions - INFO - run:58 - Slot actualizado: conversation_id = 221e05ad-59e9-442c-8c2d-b310014783f8
2025-07-04 19:30:22 - actions.rebooking_actions - INFO - run:58 - Slot actualizado: appointment_id = 221e05ad-59e9-442c-8c2d-b310014783f8
2025-07-04 19:30:22 - actions.rebooking_actions - INFO - run:58 - Slot actualizado: bot_name = BOT DEV
2025-07-04 19:30:22 - actions.rebooking_actions - INFO - run:58 - Slot actualizado: campaign_name = confirmacion
2025-07-04 19:30:22 - actions.rebooking_actions - INFO - run:58 - Slot actualizado: phone_number = 56964058510
2025-07-04 19:30:22 - actions.rebooking_actions - INFO - run:58 - Slot actualizado: preparations = True
2025-07-04 19:30:22 - actions.rebooking_actions - INFO - run:58 - Slot actualizado: tipo_mensaje = Confirmacion
2025-07-04 19:30:22 - actions.rebooking_actions - INFO - run:58 - Slot actualizado: centro_medico_tipo = Clínica
2025-07-04 19:30:22 - actions.rebooking_actions - INFO - run:58 - Slot actualizado: preparation_url = httpsdrive.google.comfiled13-7QlkXRg3-lVsDCe0LCdVDhw3FsJfASviewuspdrive_link
2025-07-04 19:30:22 - actions.rebooking_actions - INFO - run:58 - Slot actualizado: resource_name = Celeste Olivia Borie Polanco
2025-07-04 19:30:22 - actions.rebooking_actions - INFO - run:58 - Slot actualizado: status = ready to send
2025-07-04 19:30:22 - actions.rebooking_actions - INFO - run:62 - Contexto de rebooking configurado como: rebooking
2025-07-04 19:30:22 - actions.rebooking_actions - INFO - run:66 - Contexto general configurado como: None
2025-07-04 19:30:22 - actions.rebooking_actions - INFO - run:76 - Fecha formateada: 02/07/2025 a las 19:00
2025-07-04 19:30:22 - actions.rebooking_actions - INFO - run:111 - Contexto de rebooking inicializado exitosamente para usuario: 221e05ad-59e9-442c-8c2d-b310014783f8
2025-07-04 19:37:43 - root - INFO - setup_logging:89 - Logging configurado - Nivel: INFO, Archivo: bot_confirmaciones.log
2025-07-04 19:37:43 - root - INFO - setup_logging:90 - Bot de confirmaciones iniciando...
2025-07-04 19:37:44 - actions.database - INFO - _initialize_pool:47 - Pool de conexiones PostgreSQL inicializado correctamente
2025-07-04 19:37:44 - actions.actions - INFO - <module>:42 - APIGEE_API_URL: https://redsalud-qa.apigee.net
2025-07-04 19:37:44 - actions.actions - INFO - <module>:43 - APIGEE_USERNAME: 4tu0...
2025-07-04 19:37:44 - actions.actions - INFO - <module>:44 - APIGEE_PASSWORD: Configurado
2025-07-04 19:37:44 - actions - INFO - <module>:32 - Módulo de acciones cargado correctamente
2025-07-04 19:37:44 - rasa_sdk.executor - INFO - register_function:204 - Registered function for 'action_test_connection'.
2025-07-04 19:37:44 - rasa_sdk.executor - INFO - register_function:204 - Registered function for 'action_get_system_status'.
2025-07-04 19:37:44 - rasa_sdk.executor - INFO - register_function:204 - Registered function for 'action_validate_input'.
2025-07-04 19:37:44 - rasa_sdk.executor - INFO - register_function:204 - Registered function for 'action_handle_error'.
2025-07-04 19:37:44 - rasa_sdk.executor - INFO - register_function:204 - Registered function for 'action_fallback'.
2025-07-04 19:37:44 - rasa_sdk.executor - INFO - register_function:204 - Registered function for 'action_init_context'.
2025-07-04 19:37:44 - rasa_sdk.executor - INFO - register_function:204 - Registered function for 'action_format_date'.
2025-07-04 19:37:44 - rasa_sdk.executor - INFO - register_function:204 - Registered function for 'action_cancel_appointment'.
2025-07-04 19:37:44 - rasa_sdk.executor - INFO - register_function:204 - Registered function for 'action_confirm_appointment'.
2025-07-04 19:37:44 - rasa_sdk.executor - INFO - register_function:204 - Registered function for 'action_init_rebooking'.
2025-07-04 19:37:44 - rasa_sdk.endpoint - INFO - run:161 - Starting plugins...
2025-07-04 19:37:44 - rasa_sdk.endpoint - INFO - run:167 - Action endpoint is up and running on http://0.0.0.0:5055
2025-07-04 19:38:00 - actions.utils - INFO - log_request_info:190 - Ejecutando action_init_rebooking para usuario: 221e05ad-59e9-442c-8c2d-b310014783f8
2025-07-04 19:38:00 - actions.rebooking_actions - INFO - run:58 - Slot actualizado: nombre_paciente = Manuel Castillo Vicuña
2025-07-04 19:38:00 - actions.rebooking_actions - INFO - run:58 - Slot actualizado: id_especialidad = d76fee22-6a38-43ef-b824-a60d001fe940
2025-07-04 19:38:00 - actions.rebooking_actions - INFO - run:58 - Slot actualizado: especialidad = MEDICINA GENERAL ADULTO
2025-07-04 19:38:00 - actions.rebooking_actions - INFO - run:58 - Slot actualizado: fecha_hora = 2025-07-02T190000-0400
2025-07-04 19:38:00 - actions.rebooking_actions - INFO - run:58 - Slot actualizado: id_centro_medico = c7e1f17b-45c6-45e0-b981-a5f800212bef
2025-07-04 19:38:00 - actions.rebooking_actions - INFO - run:58 - Slot actualizado: centro_medico = RedSalud Alameda
2025-07-04 19:38:00 - actions.rebooking_actions - INFO - run:58 - Slot actualizado: centro_medico_address = San Martin 30 ,Santiago
2025-07-04 19:38:00 - actions.rebooking_actions - INFO - run:58 - Slot actualizado: centro_medico_google = httpsgoo.glmapsT7iNCdZcQc35gbp58
2025-07-04 19:38:00 - actions.rebooking_actions - INFO - run:58 - Slot actualizado: centro_medico_comuna = Santiago
2025-07-04 19:38:00 - actions.rebooking_actions - INFO - run:58 - Slot actualizado: area_medica = Médica
2025-07-04 19:38:00 - actions.rebooking_actions - INFO - run:58 - Slot actualizado: conversation_id = 221e05ad-59e9-442c-8c2d-b310014783f8
2025-07-04 19:38:00 - actions.rebooking_actions - INFO - run:58 - Slot actualizado: appointment_id = 221e05ad-59e9-442c-8c2d-b310014783f8
2025-07-04 19:38:00 - actions.rebooking_actions - INFO - run:58 - Slot actualizado: bot_name = BOT DEV
2025-07-04 19:38:00 - actions.rebooking_actions - INFO - run:58 - Slot actualizado: campaign_name = confirmacion
2025-07-04 19:38:00 - actions.rebooking_actions - INFO - run:58 - Slot actualizado: phone_number = 56964058510
2025-07-04 19:38:00 - actions.rebooking_actions - INFO - run:58 - Slot actualizado: preparations = True
2025-07-04 19:38:00 - actions.rebooking_actions - INFO - run:58 - Slot actualizado: tipo_mensaje = Confirmacion
2025-07-04 19:38:00 - actions.rebooking_actions - INFO - run:58 - Slot actualizado: centro_medico_tipo = Clínica
2025-07-04 19:38:00 - actions.rebooking_actions - INFO - run:58 - Slot actualizado: preparation_url = httpsdrive.google.comfiled13-7QlkXRg3-lVsDCe0LCdVDhw3FsJfASviewuspdrive_link
2025-07-04 19:38:00 - actions.rebooking_actions - INFO - run:58 - Slot actualizado: resource_name = Celeste Olivia Borie Polanco
2025-07-04 19:38:00 - actions.rebooking_actions - INFO - run:58 - Slot actualizado: status = ready to send
2025-07-04 19:38:00 - actions.rebooking_actions - INFO - run:62 - Contexto de rebooking configurado como: rebooking
2025-07-04 19:38:00 - actions.rebooking_actions - INFO - run:66 - Contexto general configurado como: None
2025-07-04 19:38:00 - actions.rebooking_actions - INFO - run:76 - Fecha formateada: 02/07/2025 a las 19:00
2025-07-04 19:38:00 - actions.rebooking_actions - INFO - run:111 - Contexto de rebooking inicializado exitosamente para usuario: 221e05ad-59e9-442c-8c2d-b310014783f8
2025-07-04 19:38:35 - actions.utils - INFO - log_request_info:190 - Ejecutando action_fallback para usuario: 221e05ad-59e9-442c-8c2d-b310014783f8
2025-07-04 19:41:35 - root - INFO - setup_logging:89 - Logging configurado - Nivel: INFO, Archivo: bot_confirmaciones.log
2025-07-04 19:41:35 - root - INFO - setup_logging:90 - Bot de confirmaciones iniciando...
2025-07-04 19:41:36 - actions.database - INFO - _initialize_pool:47 - Pool de conexiones PostgreSQL inicializado correctamente
2025-07-04 19:41:36 - actions.actions - INFO - <module>:42 - APIGEE_API_URL: https://redsalud-qa.apigee.net
2025-07-04 19:41:36 - actions.actions - INFO - <module>:43 - APIGEE_USERNAME: 4tu0...
2025-07-04 19:41:36 - actions.actions - INFO - <module>:44 - APIGEE_PASSWORD: Configurado
2025-07-04 19:41:36 - actions - INFO - <module>:32 - Módulo de acciones cargado correctamente
2025-07-04 19:41:36 - rasa_sdk.executor - INFO - register_function:204 - Registered function for 'action_test_connection'.
2025-07-04 19:41:36 - rasa_sdk.executor - INFO - register_function:204 - Registered function for 'action_get_system_status'.
2025-07-04 19:41:36 - rasa_sdk.executor - INFO - register_function:204 - Registered function for 'action_validate_input'.
2025-07-04 19:41:36 - rasa_sdk.executor - INFO - register_function:204 - Registered function for 'action_handle_error'.
2025-07-04 19:41:36 - rasa_sdk.executor - INFO - register_function:204 - Registered function for 'action_fallback'.
2025-07-04 19:41:36 - rasa_sdk.executor - INFO - register_function:204 - Registered function for 'action_init_context'.
2025-07-04 19:41:36 - rasa_sdk.executor - INFO - register_function:204 - Registered function for 'action_format_date'.
2025-07-04 19:41:36 - rasa_sdk.executor - INFO - register_function:204 - Registered function for 'action_cancel_appointment'.
2025-07-04 19:41:36 - rasa_sdk.executor - INFO - register_function:204 - Registered function for 'action_confirm_appointment'.
2025-07-04 19:41:36 - rasa_sdk.executor - INFO - register_function:204 - Registered function for 'action_init_rebooking'.
2025-07-04 19:41:36 - rasa_sdk.endpoint - INFO - run:161 - Starting plugins...
2025-07-04 19:41:36 - rasa_sdk.endpoint - INFO - run:167 - Action endpoint is up and running on http://0.0.0.0:5055
2025-07-04 19:41:41 - actions.utils - INFO - log_request_info:190 - Ejecutando action_init_rebooking para usuario: 221e05ad-59e9-442c-8c2d-b310014783f8
2025-07-04 19:41:41 - actions.rebooking_actions - INFO - run:58 - Slot actualizado: nombre_paciente = Manuel Castillo Vicuña
2025-07-04 19:41:41 - actions.rebooking_actions - INFO - run:58 - Slot actualizado: id_especialidad = d76fee22-6a38-43ef-b824-a60d001fe940
2025-07-04 19:41:41 - actions.rebooking_actions - INFO - run:58 - Slot actualizado: especialidad = MEDICINA GENERAL ADULTO
2025-07-04 19:41:41 - actions.rebooking_actions - INFO - run:58 - Slot actualizado: fecha_hora = 2025-07-02T190000-0400
2025-07-04 19:41:41 - actions.rebooking_actions - INFO - run:58 - Slot actualizado: id_centro_medico = c7e1f17b-45c6-45e0-b981-a5f800212bef
2025-07-04 19:41:41 - actions.rebooking_actions - INFO - run:58 - Slot actualizado: centro_medico = RedSalud Alameda
2025-07-04 19:41:41 - actions.rebooking_actions - INFO - run:58 - Slot actualizado: centro_medico_address = San Martin 30 ,Santiago
2025-07-04 19:41:41 - actions.rebooking_actions - INFO - run:58 - Slot actualizado: centro_medico_google = httpsgoo.glmapsT7iNCdZcQc35gbp58
2025-07-04 19:41:41 - actions.rebooking_actions - INFO - run:58 - Slot actualizado: centro_medico_comuna = Santiago
2025-07-04 19:41:41 - actions.rebooking_actions - INFO - run:58 - Slot actualizado: area_medica = Médica
2025-07-04 19:41:41 - actions.rebooking_actions - INFO - run:58 - Slot actualizado: conversation_id = 221e05ad-59e9-442c-8c2d-b310014783f8
2025-07-04 19:41:41 - actions.rebooking_actions - INFO - run:58 - Slot actualizado: appointment_id = 221e05ad-59e9-442c-8c2d-b310014783f8
2025-07-04 19:41:41 - actions.rebooking_actions - INFO - run:58 - Slot actualizado: bot_name = BOT DEV
2025-07-04 19:41:41 - actions.rebooking_actions - INFO - run:58 - Slot actualizado: campaign_name = confirmacion
2025-07-04 19:41:41 - actions.rebooking_actions - INFO - run:58 - Slot actualizado: phone_number = 56964058510
2025-07-04 19:41:41 - actions.rebooking_actions - INFO - run:58 - Slot actualizado: preparations = True
2025-07-04 19:41:41 - actions.rebooking_actions - INFO - run:58 - Slot actualizado: tipo_mensaje = Confirmacion
2025-07-04 19:41:41 - actions.rebooking_actions - INFO - run:58 - Slot actualizado: centro_medico_tipo = Clínica
2025-07-04 19:41:41 - actions.rebooking_actions - INFO - run:58 - Slot actualizado: preparation_url = httpsdrive.google.comfiled13-7QlkXRg3-lVsDCe0LCdVDhw3FsJfASviewuspdrive_link
2025-07-04 19:41:41 - actions.rebooking_actions - INFO - run:58 - Slot actualizado: resource_name = Celeste Olivia Borie Polanco
2025-07-04 19:41:41 - actions.rebooking_actions - INFO - run:58 - Slot actualizado: status = ready to send
2025-07-04 19:41:41 - actions.rebooking_actions - INFO - run:62 - Contexto de rebooking configurado como: rebooking
2025-07-04 19:41:41 - actions.rebooking_actions - INFO - run:66 - Contexto general configurado como: None
2025-07-04 19:41:41 - actions.rebooking_actions - INFO - run:76 - Fecha formateada: 02/07/2025 a las 19:00
2025-07-04 19:41:41 - actions.rebooking_actions - INFO - run:111 - Contexto de rebooking inicializado exitosamente para usuario: 221e05ad-59e9-442c-8c2d-b310014783f8
2025-07-04 19:42:40 - actions.utils - INFO - log_request_info:190 - Ejecutando action_init_context para usuario: 221e05ad-59e9-442c-8c2d-b310014783f8
2025-07-04 19:42:40 - actions.actions - INFO - run:502 - Slot actualizado: nombre_paciente = Manuel Castillo Vicuña
2025-07-04 19:42:40 - actions.actions - INFO - run:502 - Slot actualizado: id_especialidad = d76fee22-6a38-43ef-b824-a60d001fe940
2025-07-04 19:42:40 - actions.actions - INFO - run:502 - Slot actualizado: especialidad = MEDICINA GENERAL ADULTO
2025-07-04 19:42:40 - actions.actions - INFO - run:502 - Slot actualizado: fecha_hora = 2025-07-02T190000-0400
2025-07-04 19:42:40 - actions.actions - INFO - run:502 - Slot actualizado: id_centro_medico = c7e1f17b-45c6-45e0-b981-a5f800212bef
2025-07-04 19:42:40 - actions.actions - INFO - run:502 - Slot actualizado: centro_medico = RedSalud Alameda
2025-07-04 19:42:40 - actions.actions - INFO - run:502 - Slot actualizado: centro_medico_address = San Martin 30 ,Santiago
2025-07-04 19:42:40 - actions.actions - INFO - run:502 - Slot actualizado: centro_medico_google = httpsgoo.glmapsT7iNCdZcQc35gbp58
2025-07-04 19:42:40 - actions.actions - INFO - run:502 - Slot actualizado: centro_medico_comuna = Santiago
2025-07-04 19:42:40 - actions.actions - INFO - run:502 - Slot actualizado: area_medica = Médica
2025-07-04 19:42:40 - actions.actions - INFO - run:502 - Slot actualizado: conversation_id = 221e05ad-59e9-442c-8c2d-b310014783f8
2025-07-04 19:42:40 - actions.actions - INFO - run:502 - Slot actualizado: appointment_id = 221e05ad-59e9-442c-8c2d-b310014783f8
2025-07-04 19:42:40 - actions.actions - INFO - run:502 - Slot actualizado: bot_name = BOT DEV
2025-07-04 19:42:40 - actions.actions - INFO - run:502 - Slot actualizado: campaign_name = confirmacion
2025-07-04 19:42:40 - actions.actions - INFO - run:502 - Slot actualizado: phone_number = 56964058510
2025-07-04 19:42:40 - actions.actions - INFO - run:502 - Slot actualizado: preparations = True
2025-07-04 19:42:40 - actions.actions - INFO - run:502 - Slot actualizado: tipo_mensaje = Confirmacion
2025-07-04 19:42:40 - actions.actions - INFO - run:502 - Slot actualizado: centro_medico_tipo = Clínica
2025-07-04 19:42:40 - actions.actions - INFO - run:502 - Slot actualizado: preparation_url = httpsdrive.google.comfiled13-7QlkXRg3-lVsDCe0LCdVDhw3FsJfASviewuspdrive_link
2025-07-04 19:42:40 - actions.actions - INFO - run:502 - Slot actualizado: resource_name = Celeste Olivia Borie Polanco
2025-07-04 19:42:40 - actions.actions - INFO - run:502 - Slot actualizado: status = ready to send
2025-07-04 19:42:40 - actions.actions - INFO - run:506 - Contexto configurado como: confirmación
2025-07-04 19:42:40 - actions.actions - INFO - run:517 - Fecha formateada: 02/07/2025 a las 19:00
2025-07-04 19:42:40 - actions.actions - INFO - run:552 - Contexto inicializado exitosamente para usuario: 221e05ad-59e9-442c-8c2d-b310014783f8
2025-07-04 19:51:29 - actions.utils - INFO - log_request_info:190 - Ejecutando action_init_context para usuario: 221e05ad-59e9-442c-8c2d-b310014783f8
2025-07-04 19:51:29 - actions.actions - INFO - run:502 - Slot actualizado: nombre_paciente = Manuel Castillo Vicuña
2025-07-04 19:51:29 - actions.actions - INFO - run:502 - Slot actualizado: id_especialidad = d76fee22-6a38-43ef-b824-a60d001fe940
2025-07-04 19:51:29 - actions.actions - INFO - run:502 - Slot actualizado: especialidad = MEDICINA GENERAL ADULTO
2025-07-04 19:51:29 - actions.actions - INFO - run:502 - Slot actualizado: fecha_hora = 2025-07-02T190000-0400
2025-07-04 19:51:29 - actions.actions - INFO - run:502 - Slot actualizado: id_centro_medico = c7e1f17b-45c6-45e0-b981-a5f800212bef
2025-07-04 19:51:29 - actions.actions - INFO - run:502 - Slot actualizado: centro_medico = RedSalud Alameda
2025-07-04 19:51:29 - actions.actions - INFO - run:502 - Slot actualizado: centro_medico_address = San Martin 30 ,Santiago
2025-07-04 19:51:29 - actions.actions - INFO - run:502 - Slot actualizado: centro_medico_google = httpsgoo.glmapsT7iNCdZcQc35gbp58
2025-07-04 19:51:29 - actions.actions - INFO - run:502 - Slot actualizado: centro_medico_comuna = Santiago
2025-07-04 19:51:29 - actions.actions - INFO - run:502 - Slot actualizado: area_medica = Médica
2025-07-04 19:51:29 - actions.actions - INFO - run:502 - Slot actualizado: conversation_id = 221e05ad-59e9-442c-8c2d-b310014783f8
2025-07-04 19:51:29 - actions.actions - INFO - run:502 - Slot actualizado: appointment_id = 221e05ad-59e9-442c-8c2d-b310014783f8
2025-07-04 19:51:29 - actions.actions - INFO - run:502 - Slot actualizado: bot_name = BOT DEV
2025-07-04 19:51:29 - actions.actions - INFO - run:502 - Slot actualizado: campaign_name = confirmacion
2025-07-04 19:51:29 - actions.actions - INFO - run:502 - Slot actualizado: phone_number = 56964058510
2025-07-04 19:51:29 - actions.actions - INFO - run:502 - Slot actualizado: preparations = True
2025-07-04 19:51:29 - actions.actions - INFO - run:502 - Slot actualizado: tipo_mensaje = Confirmacion
2025-07-04 19:51:29 - actions.actions - INFO - run:502 - Slot actualizado: centro_medico_tipo = Clínica
2025-07-04 19:51:29 - actions.actions - INFO - run:502 - Slot actualizado: preparation_url = httpsdrive.google.comfiled13-7QlkXRg3-lVsDCe0LCdVDhw3FsJfASviewuspdrive_link
2025-07-04 19:51:29 - actions.actions - INFO - run:502 - Slot actualizado: resource_name = Celeste Olivia Borie Polanco
2025-07-04 19:51:29 - actions.actions - INFO - run:502 - Slot actualizado: status = ready to send
2025-07-04 19:51:29 - actions.actions - INFO - run:506 - Contexto configurado como: confirmación
2025-07-04 19:51:29 - actions.actions - INFO - run:517 - Fecha formateada: 02/07/2025 a las 19:00
2025-07-04 19:51:29 - actions.actions - INFO - run:552 - Contexto inicializado exitosamente para usuario: 221e05ad-59e9-442c-8c2d-b310014783f8
2025-07-04 19:51:39 - actions.utils - INFO - log_request_info:190 - Ejecutando action_cancel_appointment para usuario: 221e05ad-59e9-442c-8c2d-b310014783f8
2025-07-04 19:51:39 - actions.actions - INFO - obtener_access_token:101 - Solicitando token de acceso a https://redsalud-qa.apigee.net/oauth/token
2025-07-04 19:51:39 - actions.actions - INFO - obtener_access_token:102 - Client ID: 4tu0...
2025-07-04 19:51:39 - actions.actions - INFO - obtener_access_token:120 - Token de acceso obtenido exitosamente, expira en 2025-07-04 20:36:38.503784
2025-07-04 19:51:39 - actions.actions - INFO - cancel_appointment:213 - Solicitando cancelación de cita 221e05ad-59e9-442c-8c2d-b310014783f8
2025-07-04 19:51:40 - actions.actions - ERROR - cancel_appointment:226 - Error al cancelar cita: 400 - {
  "error":{
    "code":"","message":"The request is invalid.","innererror":{
      "message":"parameters : An error has occurred.\r\n","type":"","stacktrace":""
    }
  }
}
2025-07-04 19:51:40 - actions.actions - ERROR - run:668 - Error cancelando cita en Apigee: Error 400: {
  "error":{
    "code":"","message":"The request is invalid.","innererror":{
      "message":"parameters : An error has occurred.\r\n","type":"","stacktrace":""
    }
  }
}
2025-07-04 19:51:41 - actions.database - INFO - update_appointment_status:194 - Estado de cita 221e05ad-59e9-442c-8c2d-b310014783f8 actualizado a 'canceled error' exitosamente
2025-07-04 19:51:41 - actions.actions - INFO - run:676 - Cancelación fallida para usuario: 221e05ad-59e9-442c-8c2d-b310014783f8
2025-07-04 19:51:54 - actions.utils - INFO - log_request_info:190 - Ejecutando action_init_rebooking para usuario: 221e05ad-59e9-442c-8c2d-b310014783f8
2025-07-04 19:51:54 - actions.rebooking_actions - INFO - run:58 - Slot actualizado: nombre_paciente = Manuel Castillo Vicuña
2025-07-04 19:51:54 - actions.rebooking_actions - INFO - run:58 - Slot actualizado: id_especialidad = d76fee22-6a38-43ef-b824-a60d001fe940
2025-07-04 19:51:54 - actions.rebooking_actions - INFO - run:58 - Slot actualizado: especialidad = MEDICINA GENERAL ADULTO
2025-07-04 19:51:54 - actions.rebooking_actions - INFO - run:58 - Slot actualizado: fecha_hora = 2025-07-02T190000-0400
2025-07-04 19:51:54 - actions.rebooking_actions - INFO - run:58 - Slot actualizado: id_centro_medico = c7e1f17b-45c6-45e0-b981-a5f800212bef
2025-07-04 19:51:54 - actions.rebooking_actions - INFO - run:58 - Slot actualizado: centro_medico = RedSalud Alameda
2025-07-04 19:51:54 - actions.rebooking_actions - INFO - run:58 - Slot actualizado: centro_medico_address = San Martin 30 ,Santiago
2025-07-04 19:51:54 - actions.rebooking_actions - INFO - run:58 - Slot actualizado: centro_medico_google = httpsgoo.glmapsT7iNCdZcQc35gbp58
2025-07-04 19:51:54 - actions.rebooking_actions - INFO - run:58 - Slot actualizado: centro_medico_comuna = Santiago
2025-07-04 19:51:54 - actions.rebooking_actions - INFO - run:58 - Slot actualizado: area_medica = Médica
2025-07-04 19:51:54 - actions.rebooking_actions - INFO - run:58 - Slot actualizado: conversation_id = 221e05ad-59e9-442c-8c2d-b310014783f8
2025-07-04 19:51:54 - actions.rebooking_actions - INFO - run:58 - Slot actualizado: appointment_id = 221e05ad-59e9-442c-8c2d-b310014783f8
2025-07-04 19:51:54 - actions.rebooking_actions - INFO - run:58 - Slot actualizado: bot_name = BOT DEV
2025-07-04 19:51:54 - actions.rebooking_actions - INFO - run:58 - Slot actualizado: campaign_name = confirmacion
2025-07-04 19:51:54 - actions.rebooking_actions - INFO - run:58 - Slot actualizado: phone_number = 56964058510
2025-07-04 19:51:54 - actions.rebooking_actions - INFO - run:58 - Slot actualizado: preparations = True
2025-07-04 19:51:54 - actions.rebooking_actions - INFO - run:58 - Slot actualizado: tipo_mensaje = Confirmacion
2025-07-04 19:51:54 - actions.rebooking_actions - INFO - run:58 - Slot actualizado: centro_medico_tipo = Clínica
2025-07-04 19:51:54 - actions.rebooking_actions - INFO - run:58 - Slot actualizado: preparation_url = httpsdrive.google.comfiled13-7QlkXRg3-lVsDCe0LCdVDhw3FsJfASviewuspdrive_link
2025-07-04 19:51:54 - actions.rebooking_actions - INFO - run:58 - Slot actualizado: resource_name = Celeste Olivia Borie Polanco
2025-07-04 19:51:54 - actions.rebooking_actions - INFO - run:58 - Slot actualizado: status = ready to send
2025-07-04 19:51:54 - actions.rebooking_actions - INFO - run:62 - Contexto de rebooking configurado como: rebooking
2025-07-04 19:51:54 - actions.rebooking_actions - INFO - run:66 - Contexto general configurado como: None
2025-07-04 19:51:54 - actions.rebooking_actions - INFO - run:76 - Fecha formateada: 02/07/2025 a las 19:00
2025-07-04 19:51:54 - actions.rebooking_actions - INFO - run:111 - Contexto de rebooking inicializado exitosamente para usuario: 221e05ad-59e9-442c-8c2d-b310014783f8
2025-07-04 20:19:58 - actions.utils - INFO - log_request_info:190 - Ejecutando action_init_rebooking para usuario: 221e05ad-59e9-442c-8c2d-b310014783f8
2025-07-04 20:19:58 - actions.rebooking_actions - INFO - run:58 - Slot actualizado: nombre_paciente = Manuel Castillo Vicuña
2025-07-04 20:19:58 - actions.rebooking_actions - INFO - run:58 - Slot actualizado: id_especialidad = d76fee22-6a38-43ef-b824-a60d001fe940
2025-07-04 20:19:58 - actions.rebooking_actions - INFO - run:58 - Slot actualizado: especialidad = MEDICINA GENERAL ADULTO
2025-07-04 20:19:58 - actions.rebooking_actions - INFO - run:58 - Slot actualizado: fecha_hora = 2025-07-02T190000-0400
2025-07-04 20:19:58 - actions.rebooking_actions - INFO - run:58 - Slot actualizado: id_centro_medico = c7e1f17b-45c6-45e0-b981-a5f800212bef
2025-07-04 20:19:58 - actions.rebooking_actions - INFO - run:58 - Slot actualizado: centro_medico = RedSalud Alameda
2025-07-04 20:19:58 - actions.rebooking_actions - INFO - run:58 - Slot actualizado: centro_medico_address = San Martin 30 ,Santiago
2025-07-04 20:19:58 - actions.rebooking_actions - INFO - run:58 - Slot actualizado: centro_medico_google = httpsgoo.glmapsT7iNCdZcQc35gbp58
2025-07-04 20:19:58 - actions.rebooking_actions - INFO - run:58 - Slot actualizado: centro_medico_comuna = Santiago
2025-07-04 20:19:58 - actions.rebooking_actions - INFO - run:58 - Slot actualizado: area_medica = Médica
2025-07-04 20:19:58 - actions.rebooking_actions - INFO - run:58 - Slot actualizado: conversation_id = 221e05ad-59e9-442c-8c2d-b310014783f8
2025-07-04 20:19:58 - actions.rebooking_actions - INFO - run:58 - Slot actualizado: appointment_id = 221e05ad-59e9-442c-8c2d-b310014783f8
2025-07-04 20:19:58 - actions.rebooking_actions - INFO - run:58 - Slot actualizado: bot_name = BOT DEV
2025-07-04 20:19:58 - actions.rebooking_actions - INFO - run:58 - Slot actualizado: campaign_name = confirmacion
2025-07-04 20:19:58 - actions.rebooking_actions - INFO - run:58 - Slot actualizado: phone_number = 56964058510
2025-07-04 20:19:58 - actions.rebooking_actions - INFO - run:58 - Slot actualizado: preparations = True
2025-07-04 20:19:58 - actions.rebooking_actions - INFO - run:58 - Slot actualizado: tipo_mensaje = Confirmacion
2025-07-04 20:19:58 - actions.rebooking_actions - INFO - run:58 - Slot actualizado: centro_medico_tipo = Clínica
2025-07-04 20:19:58 - actions.rebooking_actions - INFO - run:58 - Slot actualizado: preparation_url = httpsdrive.google.comfiled13-7QlkXRg3-lVsDCe0LCdVDhw3FsJfASviewuspdrive_link
2025-07-04 20:19:58 - actions.rebooking_actions - INFO - run:58 - Slot actualizado: resource_name = Celeste Olivia Borie Polanco
2025-07-04 20:19:58 - actions.rebooking_actions - INFO - run:58 - Slot actualizado: status = ready to send
2025-07-04 20:19:58 - actions.rebooking_actions - INFO - run:62 - Contexto de rebooking configurado como: rebooking
2025-07-04 20:19:58 - actions.rebooking_actions - INFO - run:66 - Contexto general configurado como: None
2025-07-04 20:19:58 - actions.rebooking_actions - INFO - run:76 - Fecha formateada: 02/07/2025 a las 19:00
2025-07-04 20:19:58 - actions.rebooking_actions - INFO - run:111 - Contexto de rebooking inicializado exitosamente para usuario: 221e05ad-59e9-442c-8c2d-b310014783f8
2025-07-04 20:20:24 - rasa_sdk.endpoint - ERROR - webhook:119 - No registered action found for name 'action_process_date_request'.
2025-07-04 20:20:33 - root - INFO - setup_logging:89 - Logging configurado - Nivel: INFO, Archivo: bot_confirmaciones.log
2025-07-04 20:20:33 - root - INFO - setup_logging:90 - Bot de confirmaciones iniciando...
2025-07-04 20:20:34 - actions.database - INFO - _initialize_pool:47 - Pool de conexiones PostgreSQL inicializado correctamente
2025-07-04 20:20:34 - actions.actions - INFO - <module>:42 - APIGEE_API_URL: https://redsalud-qa.apigee.net
2025-07-04 20:20:34 - actions.actions - INFO - <module>:43 - APIGEE_USERNAME: 4tu0...
2025-07-04 20:20:34 - actions.actions - INFO - <module>:44 - APIGEE_PASSWORD: Configurado
2025-07-04 20:20:34 - actions - INFO - <module>:32 - Módulo de acciones cargado correctamente
2025-07-04 20:20:34 - rasa_sdk.executor - INFO - register_function:204 - Registered function for 'action_test_connection'.
2025-07-04 20:20:34 - rasa_sdk.executor - INFO - register_function:204 - Registered function for 'action_get_system_status'.
2025-07-04 20:20:34 - rasa_sdk.executor - INFO - register_function:204 - Registered function for 'action_validate_input'.
2025-07-04 20:20:34 - rasa_sdk.executor - INFO - register_function:204 - Registered function for 'action_handle_error'.
2025-07-04 20:20:34 - rasa_sdk.executor - INFO - register_function:204 - Registered function for 'action_fallback'.
2025-07-04 20:20:34 - rasa_sdk.executor - INFO - register_function:204 - Registered function for 'action_init_context'.
2025-07-04 20:20:34 - rasa_sdk.executor - INFO - register_function:204 - Registered function for 'action_format_date'.
2025-07-04 20:20:34 - rasa_sdk.executor - INFO - register_function:204 - Registered function for 'action_cancel_appointment'.
2025-07-04 20:20:34 - rasa_sdk.executor - INFO - register_function:204 - Registered function for 'action_confirm_appointment'.
2025-07-04 20:20:34 - rasa_sdk.executor - INFO - register_function:204 - Registered function for 'action_process_date_request'.
2025-07-04 20:20:34 - rasa_sdk.executor - INFO - register_function:204 - Registered function for 'action_init_rebooking'.
2025-07-04 20:20:34 - rasa_sdk.endpoint - INFO - run:161 - Starting plugins...
2025-07-04 20:20:34 - rasa_sdk.endpoint - INFO - run:167 - Action endpoint is up and running on http://0.0.0.0:5055
2025-07-04 20:20:44 - actions.utils - INFO - log_request_info:190 - Ejecutando action_fallback para usuario: 221e05ad-59e9-442c-8c2d-b310014783f8
2025-07-04 20:21:08 - actions.utils - INFO - log_request_info:190 - Ejecutando action_init_rebooking para usuario: 1
2025-07-04 20:21:08 - actions.rebooking_actions - INFO - run:58 - Slot actualizado: nombre_paciente = Manuel Castillo Vicuña
2025-07-04 20:21:08 - actions.rebooking_actions - INFO - run:58 - Slot actualizado: id_especialidad = d76fee22-6a38-43ef-b824-a60d001fe940
2025-07-04 20:21:08 - actions.rebooking_actions - INFO - run:58 - Slot actualizado: especialidad = MEDICINA GENERAL ADULTO
2025-07-04 20:21:08 - actions.rebooking_actions - INFO - run:58 - Slot actualizado: fecha_hora = 2025-07-02T190000-0400
2025-07-04 20:21:08 - actions.rebooking_actions - INFO - run:58 - Slot actualizado: id_centro_medico = c7e1f17b-45c6-45e0-b981-a5f800212bef
2025-07-04 20:21:08 - actions.rebooking_actions - INFO - run:58 - Slot actualizado: centro_medico = RedSalud Alameda
2025-07-04 20:21:08 - actions.rebooking_actions - INFO - run:58 - Slot actualizado: centro_medico_address = San Martin 30 ,Santiago
2025-07-04 20:21:08 - actions.rebooking_actions - INFO - run:58 - Slot actualizado: centro_medico_google = httpsgoo.glmapsT7iNCdZcQc35gbp58
2025-07-04 20:21:08 - actions.rebooking_actions - INFO - run:58 - Slot actualizado: centro_medico_comuna = Santiago
2025-07-04 20:21:08 - actions.rebooking_actions - INFO - run:58 - Slot actualizado: area_medica = Médica
2025-07-04 20:21:08 - actions.rebooking_actions - INFO - run:58 - Slot actualizado: conversation_id = 221e05ad-59e9-442c-8c2d-b310014783f8
2025-07-04 20:21:08 - actions.rebooking_actions - INFO - run:58 - Slot actualizado: appointment_id = 221e05ad-59e9-442c-8c2d-b310014783f8
2025-07-04 20:21:08 - actions.rebooking_actions - INFO - run:58 - Slot actualizado: bot_name = BOT DEV
2025-07-04 20:21:08 - actions.rebooking_actions - INFO - run:58 - Slot actualizado: campaign_name = confirmacion
2025-07-04 20:21:08 - actions.rebooking_actions - INFO - run:58 - Slot actualizado: phone_number = 56964058510
2025-07-04 20:21:08 - actions.rebooking_actions - INFO - run:58 - Slot actualizado: preparations = True
2025-07-04 20:21:08 - actions.rebooking_actions - INFO - run:58 - Slot actualizado: tipo_mensaje = Confirmacion
2025-07-04 20:21:08 - actions.rebooking_actions - INFO - run:58 - Slot actualizado: centro_medico_tipo = Clínica
2025-07-04 20:21:08 - actions.rebooking_actions - INFO - run:58 - Slot actualizado: preparation_url = httpsdrive.google.comfiled13-7QlkXRg3-lVsDCe0LCdVDhw3FsJfASviewuspdrive_link
2025-07-04 20:21:08 - actions.rebooking_actions - INFO - run:58 - Slot actualizado: resource_name = Celeste Olivia Borie Polanco
2025-07-04 20:21:08 - actions.rebooking_actions - INFO - run:58 - Slot actualizado: status = ready to send
2025-07-04 20:21:08 - actions.rebooking_actions - INFO - run:62 - Contexto de rebooking configurado como: rebooking
2025-07-04 20:21:08 - actions.rebooking_actions - INFO - run:66 - Contexto general configurado como: None
2025-07-04 20:21:08 - actions.rebooking_actions - INFO - run:76 - Fecha formateada: 02/07/2025 a las 19:00
2025-07-04 20:21:08 - actions.rebooking_actions - INFO - run:111 - Contexto de rebooking inicializado exitosamente para usuario: 1
2025-07-04 20:21:39 - actions.utils - INFO - log_request_info:190 - Ejecutando action_process_date_request para usuario: 1
2025-07-04 20:21:39 - actions.actions - INFO - run:863 - Procesando mensaje: mañana a las 10
2025-07-04 20:21:39 - actions.actions - INFO - run:875 - Fecha y hora extraídas: 05/07/2025 a las 10:00
2025-07-04 20:29:34 - root - INFO - setup_logging:89 - Logging configurado - Nivel: INFO, Archivo: bot_confirmaciones.log
2025-07-04 20:29:34 - root - INFO - setup_logging:90 - Bot de confirmaciones iniciando...
2025-07-04 20:29:35 - actions.database - INFO - _initialize_pool:47 - Pool de conexiones PostgreSQL inicializado correctamente
2025-07-04 20:29:35 - actions.actions - INFO - <module>:42 - APIGEE_API_URL: https://redsalud-qa.apigee.net
2025-07-04 20:29:35 - actions.actions - INFO - <module>:43 - APIGEE_USERNAME: 4tu0...
2025-07-04 20:29:35 - actions.actions - INFO - <module>:44 - APIGEE_PASSWORD: Configurado
2025-07-04 20:29:35 - actions - INFO - <module>:32 - Módulo de acciones cargado correctamente
2025-07-04 20:29:35 - rasa_sdk.executor - INFO - register_function:204 - Registered function for 'action_test_connection'.
2025-07-04 20:29:35 - rasa_sdk.executor - INFO - register_function:204 - Registered function for 'action_get_system_status'.
2025-07-04 20:29:35 - rasa_sdk.executor - INFO - register_function:204 - Registered function for 'action_validate_input'.
2025-07-04 20:29:35 - rasa_sdk.executor - INFO - register_function:204 - Registered function for 'action_handle_error'.
2025-07-04 20:29:35 - rasa_sdk.executor - INFO - register_function:204 - Registered function for 'action_fallback'.
2025-07-04 20:29:35 - rasa_sdk.executor - INFO - register_function:204 - Registered function for 'action_init_context'.
2025-07-04 20:29:35 - rasa_sdk.executor - INFO - register_function:204 - Registered function for 'action_format_date'.
2025-07-04 20:29:35 - rasa_sdk.executor - INFO - register_function:204 - Registered function for 'action_cancel_appointment'.
2025-07-04 20:29:35 - rasa_sdk.executor - INFO - register_function:204 - Registered function for 'action_confirm_appointment'.
2025-07-04 20:29:35 - rasa_sdk.executor - INFO - register_function:204 - Registered function for 'action_process_date_request'.
2025-07-04 20:29:35 - rasa_sdk.executor - INFO - register_function:204 - Registered function for 'action_init_rebooking'.
2025-07-04 20:29:35 - rasa_sdk.endpoint - INFO - run:161 - Starting plugins...
2025-07-04 20:29:35 - rasa_sdk.endpoint - INFO - run:167 - Action endpoint is up and running on http://0.0.0.0:5055
2025-07-04 20:30:08 - actions.utils - INFO - log_request_info:190 - Ejecutando action_init_rebooking para usuario: 1
2025-07-04 20:30:08 - actions.rebooking_actions - INFO - run:58 - Slot actualizado: nombre_paciente = Manuel Castillo Vicuña
2025-07-04 20:30:08 - actions.rebooking_actions - INFO - run:58 - Slot actualizado: id_especialidad = d76fee22-6a38-43ef-b824-a60d001fe940
2025-07-04 20:30:08 - actions.rebooking_actions - INFO - run:58 - Slot actualizado: especialidad = MEDICINA GENERAL ADULTO
2025-07-04 20:30:08 - actions.rebooking_actions - INFO - run:58 - Slot actualizado: fecha_hora = 2025-07-02T190000-0400
2025-07-04 20:30:08 - actions.rebooking_actions - INFO - run:58 - Slot actualizado: id_centro_medico = c7e1f17b-45c6-45e0-b981-a5f800212bef
2025-07-04 20:30:08 - actions.rebooking_actions - INFO - run:58 - Slot actualizado: centro_medico = RedSalud Alameda
2025-07-04 20:30:08 - actions.rebooking_actions - INFO - run:58 - Slot actualizado: centro_medico_address = San Martin 30 ,Santiago
2025-07-04 20:30:08 - actions.rebooking_actions - INFO - run:58 - Slot actualizado: centro_medico_google = httpsgoo.glmapsT7iNCdZcQc35gbp58
2025-07-04 20:30:08 - actions.rebooking_actions - INFO - run:58 - Slot actualizado: centro_medico_comuna = Santiago
2025-07-04 20:30:08 - actions.rebooking_actions - INFO - run:58 - Slot actualizado: area_medica = Médica
2025-07-04 20:30:08 - actions.rebooking_actions - INFO - run:58 - Slot actualizado: conversation_id = 221e05ad-59e9-442c-8c2d-b310014783f8
2025-07-04 20:30:08 - actions.rebooking_actions - INFO - run:58 - Slot actualizado: appointment_id = 221e05ad-59e9-442c-8c2d-b310014783f8
2025-07-04 20:30:08 - actions.rebooking_actions - INFO - run:58 - Slot actualizado: bot_name = BOT DEV
2025-07-04 20:30:08 - actions.rebooking_actions - INFO - run:58 - Slot actualizado: campaign_name = confirmacion
2025-07-04 20:30:08 - actions.rebooking_actions - INFO - run:58 - Slot actualizado: phone_number = 56964058510
2025-07-04 20:30:08 - actions.rebooking_actions - INFO - run:58 - Slot actualizado: preparations = True
2025-07-04 20:30:08 - actions.rebooking_actions - INFO - run:58 - Slot actualizado: tipo_mensaje = Confirmacion
2025-07-04 20:30:08 - actions.rebooking_actions - INFO - run:58 - Slot actualizado: centro_medico_tipo = Clínica
2025-07-04 20:30:08 - actions.rebooking_actions - INFO - run:58 - Slot actualizado: preparation_url = httpsdrive.google.comfiled13-7QlkXRg3-lVsDCe0LCdVDhw3FsJfASviewuspdrive_link
2025-07-04 20:30:08 - actions.rebooking_actions - INFO - run:58 - Slot actualizado: resource_name = Celeste Olivia Borie Polanco
2025-07-04 20:30:08 - actions.rebooking_actions - INFO - run:58 - Slot actualizado: status = ready to send
2025-07-04 20:30:08 - actions.rebooking_actions - INFO - run:62 - Contexto de rebooking configurado como: rebooking
2025-07-04 20:30:08 - actions.rebooking_actions - INFO - run:66 - Contexto general configurado como: None
2025-07-04 20:30:08 - actions.rebooking_actions - INFO - run:76 - Fecha formateada: 02/07/2025 a las 19:00
2025-07-04 20:30:08 - actions.rebooking_actions - INFO - run:111 - Contexto de rebooking inicializado exitosamente para usuario: 1
2025-07-04 20:30:46 - actions.utils - INFO - log_request_info:190 - Ejecutando action_process_date_request para usuario: 1
2025-07-04 20:30:46 - actions.actions - INFO - run:863 - Procesando mensaje: el lunes a las 10
2025-07-04 20:30:46 - actions.actions - INFO - run:875 - Fecha y hora extraídas: 7 de julio a las 10:00
2025-07-04 20:31:08 - actions.utils - INFO - log_request_info:190 - Ejecutando action_fallback para usuario: 1
2025-07-04 20:31:44 - actions.utils - INFO - log_request_info:190 - Ejecutando action_init_context para usuario: 1
2025-07-04 20:31:44 - actions.actions - INFO - run:502 - Slot actualizado: nombre_paciente = Manuel Castillo Vicuña
2025-07-04 20:31:44 - actions.actions - INFO - run:502 - Slot actualizado: id_especialidad = d76fee22-6a38-43ef-b824-a60d001fe940
2025-07-04 20:31:44 - actions.actions - INFO - run:502 - Slot actualizado: especialidad = MEDICINA GENERAL ADULTO
2025-07-04 20:31:44 - actions.actions - INFO - run:502 - Slot actualizado: fecha_hora = 2025-07-02T190000-0400
2025-07-04 20:31:44 - actions.actions - INFO - run:502 - Slot actualizado: id_centro_medico = c7e1f17b-45c6-45e0-b981-a5f800212bef
2025-07-04 20:31:44 - actions.actions - INFO - run:502 - Slot actualizado: centro_medico = RedSalud Alameda
2025-07-04 20:31:44 - actions.actions - INFO - run:502 - Slot actualizado: centro_medico_address = San Martin 30 ,Santiago
2025-07-04 20:31:44 - actions.actions - INFO - run:502 - Slot actualizado: centro_medico_google = httpsgoo.glmapsT7iNCdZcQc35gbp58
2025-07-04 20:31:44 - actions.actions - INFO - run:502 - Slot actualizado: centro_medico_comuna = Santiago
2025-07-04 20:31:44 - actions.actions - INFO - run:502 - Slot actualizado: area_medica = Médica
2025-07-04 20:31:44 - actions.actions - INFO - run:502 - Slot actualizado: conversation_id = 221e05ad-59e9-442c-8c2d-b310014783f8
2025-07-04 20:31:44 - actions.actions - INFO - run:502 - Slot actualizado: appointment_id = 221e05ad-59e9-442c-8c2d-b310014783f8
2025-07-04 20:31:44 - actions.actions - INFO - run:502 - Slot actualizado: bot_name = BOT DEV
2025-07-04 20:31:44 - actions.actions - INFO - run:502 - Slot actualizado: campaign_name = confirmacion
2025-07-04 20:31:44 - actions.actions - INFO - run:502 - Slot actualizado: phone_number = 56964058510
2025-07-04 20:31:44 - actions.actions - INFO - run:502 - Slot actualizado: preparations = True
2025-07-04 20:31:44 - actions.actions - INFO - run:502 - Slot actualizado: tipo_mensaje = Confirmacion
2025-07-04 20:31:44 - actions.actions - INFO - run:502 - Slot actualizado: centro_medico_tipo = Clínica
2025-07-04 20:31:44 - actions.actions - INFO - run:502 - Slot actualizado: preparation_url = httpsdrive.google.comfiled13-7QlkXRg3-lVsDCe0LCdVDhw3FsJfASviewuspdrive_link
2025-07-04 20:31:44 - actions.actions - INFO - run:502 - Slot actualizado: resource_name = Celeste Olivia Borie Polanco
2025-07-04 20:31:44 - actions.actions - INFO - run:502 - Slot actualizado: status = ready to send
2025-07-04 20:31:44 - actions.actions - INFO - run:506 - Contexto configurado como: confirmación
2025-07-04 20:31:44 - actions.actions - INFO - run:510 - Contexto de rebooking limpiado
2025-07-04 20:31:44 - actions.actions - INFO - run:521 - Fecha formateada: 02/07/2025 a las 19:00
2025-07-04 20:31:44 - actions.actions - INFO - run:556 - Contexto inicializado exitosamente para usuario: 1
2025-07-04 20:32:03 - actions.utils - INFO - log_request_info:190 - Ejecutando action_cancel_appointment para usuario: 1
2025-07-04 20:32:03 - actions.actions - INFO - obtener_access_token:101 - Solicitando token de acceso a https://redsalud-qa.apigee.net/oauth/token
2025-07-04 20:32:03 - actions.actions - INFO - obtener_access_token:102 - Client ID: 4tu0...
2025-07-04 20:32:04 - actions.actions - INFO - obtener_access_token:120 - Token de acceso obtenido exitosamente, expira en 2025-07-04 21:17:02.703590
2025-07-04 20:32:04 - actions.actions - INFO - cancel_appointment:213 - Solicitando cancelación de cita 221e05ad-59e9-442c-8c2d-b310014783f8
2025-07-04 20:32:05 - actions.actions - ERROR - cancel_appointment:226 - Error al cancelar cita: 400 - {
  "error":{
    "code":"","message":"The request is invalid.","innererror":{
      "message":"parameters : An error has occurred.\r\n","type":"","stacktrace":""
    }
  }
}
2025-07-04 20:32:05 - actions.actions - ERROR - run:669 - Error cancelando cita en Apigee: Error 400: {
  "error":{
    "code":"","message":"The request is invalid.","innererror":{
      "message":"parameters : An error has occurred.\r\n","type":"","stacktrace":""
    }
  }
}
2025-07-04 20:32:05 - actions.database - INFO - update_appointment_status:194 - Estado de cita 221e05ad-59e9-442c-8c2d-b310014783f8 actualizado a 'canceled error' exitosamente
2025-07-04 20:32:05 - actions.actions - INFO - run:677 - Cancelación fallida para usuario: 1
2025-07-04 21:05:32 - root - INFO - setup_logging:89 - Logging configurado - Nivel: INFO, Archivo: bot_confirmaciones.log
2025-07-04 21:05:32 - root - INFO - setup_logging:90 - Bot de confirmaciones iniciando...
2025-07-04 21:05:33 - actions.database - INFO - _initialize_pool:47 - Pool de conexiones PostgreSQL inicializado correctamente
2025-07-04 21:05:33 - actions.actions - INFO - <module>:42 - APIGEE_API_URL: https://redsalud-qa.apigee.net
2025-07-04 21:05:33 - actions.actions - INFO - <module>:43 - APIGEE_USERNAME: 4tu0...
2025-07-04 21:05:33 - actions.actions - INFO - <module>:44 - APIGEE_PASSWORD: Configurado
2025-07-04 21:05:33 - actions - INFO - <module>:37 - Módulo de acciones cargado correctamente
2025-07-04 21:05:33 - rasa_sdk.executor - INFO - register_function:204 - Registered function for 'action_test_connection'.
2025-07-04 21:05:33 - rasa_sdk.executor - INFO - register_function:204 - Registered function for 'action_get_system_status'.
2025-07-04 21:05:33 - rasa_sdk.executor - INFO - register_function:204 - Registered function for 'action_validate_input'.
2025-07-04 21:05:33 - rasa_sdk.executor - INFO - register_function:204 - Registered function for 'action_handle_error'.
2025-07-04 21:05:33 - rasa_sdk.executor - INFO - register_function:204 - Registered function for 'action_fallback'.
2025-07-04 21:05:33 - rasa_sdk.executor - INFO - register_function:204 - Registered function for 'action_init_context'.
2025-07-04 21:05:33 - rasa_sdk.executor - INFO - register_function:204 - Registered function for 'action_format_date'.
2025-07-04 21:05:33 - rasa_sdk.executor - INFO - register_function:204 - Registered function for 'action_cancel_appointment'.
2025-07-04 21:05:33 - rasa_sdk.executor - INFO - register_function:204 - Registered function for 'action_confirm_appointment'.
2025-07-04 21:05:33 - rasa_sdk.executor - INFO - register_function:204 - Registered function for 'action_process_date_request'.
2025-07-04 21:05:33 - rasa_sdk.executor - INFO - register_function:204 - Registered function for 'action_init_rebooking'.
2025-07-04 21:05:33 - rasa_sdk.executor - INFO - register_function:202 - Re-registered function for 'action_process_date_request'.
2025-07-04 21:05:33 - rasa_sdk.executor - INFO - register_function:204 - Registered function for 'action_show_available_slots'.
2025-07-04 21:05:33 - rasa_sdk.executor - INFO - register_function:204 - Registered function for 'action_process_slot_selection'.
2025-07-04 21:05:33 - rasa_sdk.executor - INFO - register_function:204 - Registered function for 'action_confirm_rebooking'.
2025-07-04 21:05:33 - rasa_sdk.executor - INFO - register_function:204 - Registered function for 'action_cancel_rebooking'.
2025-07-04 21:05:33 - rasa_sdk.endpoint - INFO - run:161 - Starting plugins...
2025-07-04 21:05:33 - rasa_sdk.endpoint - INFO - run:167 - Action endpoint is up and running on http://0.0.0.0:5055
2025-07-04 21:06:27 - actions.utils - INFO - log_request_info:190 - Ejecutando action_init_rebooking para usuario: 1
2025-07-04 21:06:27 - actions.rebooking_actions - INFO - run:202 - Slot actualizado: nombre_paciente = Manuel Castillo Vicuña
2025-07-04 21:06:27 - actions.rebooking_actions - INFO - run:202 - Slot actualizado: id_especialidad = d76fee22-6a38-43ef-b824-a60d001fe940
2025-07-04 21:06:27 - actions.rebooking_actions - INFO - run:202 - Slot actualizado: especialidad = MEDICINA GENERAL ADULTO
2025-07-04 21:06:27 - actions.rebooking_actions - INFO - run:202 - Slot actualizado: fecha_hora = 2025-07-02T190000-0400
2025-07-04 21:06:27 - actions.rebooking_actions - INFO - run:202 - Slot actualizado: id_centro_medico = c7e1f17b-45c6-45e0-b981-a5f800212bef
2025-07-04 21:06:27 - actions.rebooking_actions - INFO - run:202 - Slot actualizado: centro_medico = RedSalud Alameda
2025-07-04 21:06:27 - actions.rebooking_actions - INFO - run:202 - Slot actualizado: centro_medico_address = San Martin 30 ,Santiago
2025-07-04 21:06:27 - actions.rebooking_actions - INFO - run:202 - Slot actualizado: centro_medico_google = httpsgoo.glmapsT7iNCdZcQc35gbp58
2025-07-04 21:06:27 - actions.rebooking_actions - INFO - run:202 - Slot actualizado: centro_medico_comuna = Santiago
2025-07-04 21:06:27 - actions.rebooking_actions - INFO - run:202 - Slot actualizado: area_medica = Médica
2025-07-04 21:06:27 - actions.rebooking_actions - INFO - run:202 - Slot actualizado: conversation_id = 221e05ad-59e9-442c-8c2d-b310014783f8
2025-07-04 21:06:27 - actions.rebooking_actions - INFO - run:202 - Slot actualizado: appointment_id = 221e05ad-59e9-442c-8c2d-b310014783f8
2025-07-04 21:06:27 - actions.rebooking_actions - INFO - run:202 - Slot actualizado: bot_name = BOT DEV
2025-07-04 21:06:27 - actions.rebooking_actions - INFO - run:202 - Slot actualizado: campaign_name = confirmacion
2025-07-04 21:06:27 - actions.rebooking_actions - INFO - run:202 - Slot actualizado: phone_number = 56964058510
2025-07-04 21:06:27 - actions.rebooking_actions - INFO - run:202 - Slot actualizado: preparations = True
2025-07-04 21:06:27 - actions.rebooking_actions - INFO - run:202 - Slot actualizado: tipo_mensaje = Confirmacion
2025-07-04 21:06:27 - actions.rebooking_actions - INFO - run:202 - Slot actualizado: centro_medico_tipo = Clínica
2025-07-04 21:06:27 - actions.rebooking_actions - INFO - run:202 - Slot actualizado: preparation_url = httpsdrive.google.comfiled13-7QlkXRg3-lVsDCe0LCdVDhw3FsJfASviewuspdrive_link
2025-07-04 21:06:27 - actions.rebooking_actions - INFO - run:202 - Slot actualizado: resource_name = Celeste Olivia Borie Polanco
2025-07-04 21:06:27 - actions.rebooking_actions - INFO - run:202 - Slot actualizado: status = ready to send
2025-07-04 21:06:27 - actions.rebooking_actions - INFO - run:206 - Contexto de rebooking configurado como: rebooking
2025-07-04 21:06:27 - actions.rebooking_actions - INFO - run:210 - Contexto general configurado como: None
2025-07-04 21:06:27 - actions.rebooking_actions - INFO - run:220 - Fecha formateada: 02/07/2025 a las 19:00
2025-07-04 21:06:27 - actions.rebooking_actions - INFO - run:255 - Contexto de rebooking inicializado exitosamente para usuario: 1
2025-07-04 21:06:49 - actions.utils - INFO - log_request_info:190 - Ejecutando action_process_date_request para usuario: 1
2025-07-04 21:06:49 - actions.rebooking_actions - INFO - run:289 - Procesando mensaje: mañana a las 10
2025-07-04 21:06:49 - actions.rebooking_actions - INFO - run:307 - Fecha y hora extraídas: 5 de julio a las 10:00
2025-07-04 21:06:49 - actions.rebooking_actions - INFO - run:308 - Start time: 2025-07-05T10:00:00-04:00
2025-07-04 21:06:49 - actions.rebooking_actions - INFO - run:309 - End time: 2025-07-05T18:00:00-04:00
2025-07-04 21:06:49 - actions.rebooking_actions - ERROR - _call_get_slots_optimized:587 - Parámetros faltantes para get_slots_optimized: ['Celeste Olivia Borie Polanco', 'd76fee22-6a38-43ef-b824-a60d001fe940', None, None, '56964058510']
2025-07-04 21:14:37 - root - INFO - setup_logging:89 - Logging configurado - Nivel: INFO, Archivo: bot_confirmaciones.log
2025-07-04 21:14:37 - root - INFO - setup_logging:90 - Bot de confirmaciones iniciando...
2025-07-04 21:14:38 - actions.database - INFO - _initialize_pool:47 - Pool de conexiones PostgreSQL inicializado correctamente
2025-07-04 21:14:38 - actions.actions - INFO - <module>:42 - APIGEE_API_URL: https://redsalud-qa.apigee.net
2025-07-04 21:14:38 - actions.actions - INFO - <module>:43 - APIGEE_USERNAME: 4tu0...
2025-07-04 21:14:38 - actions.actions - INFO - <module>:44 - APIGEE_PASSWORD: Configurado
2025-07-04 21:14:38 - actions - INFO - <module>:37 - Módulo de acciones cargado correctamente
2025-07-04 21:14:38 - rasa_sdk.executor - INFO - register_function:204 - Registered function for 'action_test_connection'.
2025-07-04 21:14:38 - rasa_sdk.executor - INFO - register_function:204 - Registered function for 'action_get_system_status'.
2025-07-04 21:14:38 - rasa_sdk.executor - INFO - register_function:204 - Registered function for 'action_validate_input'.
2025-07-04 21:14:38 - rasa_sdk.executor - INFO - register_function:204 - Registered function for 'action_handle_error'.
2025-07-04 21:14:38 - rasa_sdk.executor - INFO - register_function:204 - Registered function for 'action_fallback'.
2025-07-04 21:14:38 - rasa_sdk.executor - INFO - register_function:204 - Registered function for 'action_init_context'.
2025-07-04 21:14:38 - rasa_sdk.executor - INFO - register_function:204 - Registered function for 'action_format_date'.
2025-07-04 21:14:38 - rasa_sdk.executor - INFO - register_function:204 - Registered function for 'action_cancel_appointment'.
2025-07-04 21:14:38 - rasa_sdk.executor - INFO - register_function:204 - Registered function for 'action_confirm_appointment'.
2025-07-04 21:14:38 - rasa_sdk.executor - INFO - register_function:204 - Registered function for 'action_process_date_request'.
2025-07-04 21:14:38 - rasa_sdk.executor - INFO - register_function:204 - Registered function for 'action_init_rebooking'.
2025-07-04 21:14:38 - rasa_sdk.executor - INFO - register_function:202 - Re-registered function for 'action_process_date_request'.
2025-07-04 21:14:38 - rasa_sdk.executor - INFO - register_function:204 - Registered function for 'action_show_available_slots'.
2025-07-04 21:14:38 - rasa_sdk.executor - INFO - register_function:204 - Registered function for 'action_process_slot_selection'.
2025-07-04 21:14:38 - rasa_sdk.executor - INFO - register_function:204 - Registered function for 'action_confirm_rebooking'.
2025-07-04 21:14:38 - rasa_sdk.executor - INFO - register_function:204 - Registered function for 'action_cancel_rebooking'.
2025-07-04 21:14:38 - rasa_sdk.endpoint - INFO - run:161 - Starting plugins...
2025-07-04 21:14:38 - rasa_sdk.endpoint - INFO - run:167 - Action endpoint is up and running on http://0.0.0.0:5055
2025-07-04 21:16:48 - actions.utils - INFO - log_request_info:190 - Ejecutando action_init_rebooking para usuario: 1
2025-07-04 21:16:48 - actions.rebooking_actions - INFO - run:247 - Slot actualizado: nombre_paciente = Manuel Castillo Vicuña
2025-07-04 21:16:48 - actions.rebooking_actions - INFO - run:247 - Slot actualizado: id_especialidad = d76fee22-6a38-43ef-b824-a60d001fe940
2025-07-04 21:16:48 - actions.rebooking_actions - INFO - run:247 - Slot actualizado: especialidad = MEDICINA GENERAL ADULTO
2025-07-04 21:16:48 - actions.rebooking_actions - INFO - run:247 - Slot actualizado: fecha_hora = 2025-07-02T190000-0400
2025-07-04 21:16:48 - actions.rebooking_actions - INFO - run:247 - Slot actualizado: id_centro_medico = c7e1f17b-45c6-45e0-b981-a5f800212bef
2025-07-04 21:16:48 - actions.rebooking_actions - INFO - run:247 - Slot actualizado: centro_medico = RedSalud Alameda
2025-07-04 21:16:48 - actions.rebooking_actions - INFO - run:247 - Slot actualizado: centro_medico_address = San Martin 30 ,Santiago
2025-07-04 21:16:48 - actions.rebooking_actions - INFO - run:247 - Slot actualizado: centro_medico_google = httpsgoo.glmapsT7iNCdZcQc35gbp58
2025-07-04 21:16:48 - actions.rebooking_actions - INFO - run:247 - Slot actualizado: centro_medico_comuna = Santiago
2025-07-04 21:16:48 - actions.rebooking_actions - INFO - run:247 - Slot actualizado: area_medica = Médica
2025-07-04 21:16:48 - actions.rebooking_actions - INFO - run:247 - Slot actualizado: conversation_id = 221e05ad-59e9-442c-8c2d-b310014783f8
2025-07-04 21:16:48 - actions.rebooking_actions - INFO - run:247 - Slot actualizado: appointment_id = 221e05ad-59e9-442c-8c2d-b310014783f8
2025-07-04 21:16:48 - actions.rebooking_actions - INFO - run:247 - Slot actualizado: bot_name = BOT DEV
2025-07-04 21:16:48 - actions.rebooking_actions - INFO - run:247 - Slot actualizado: campaign_name = confirmacion
2025-07-04 21:16:48 - actions.rebooking_actions - INFO - run:247 - Slot actualizado: phone_number = 56964058510
2025-07-04 21:16:48 - actions.rebooking_actions - INFO - run:247 - Slot actualizado: preparations = True
2025-07-04 21:16:48 - actions.rebooking_actions - INFO - run:247 - Slot actualizado: tipo_mensaje = Confirmacion
2025-07-04 21:16:48 - actions.rebooking_actions - INFO - run:247 - Slot actualizado: centro_medico_tipo = Clínica
2025-07-04 21:16:48 - actions.rebooking_actions - INFO - run:247 - Slot actualizado: preparation_url = httpsdrive.google.comfiled13-7QlkXRg3-lVsDCe0LCdVDhw3FsJfASviewuspdrive_link
2025-07-04 21:16:48 - actions.rebooking_actions - INFO - run:247 - Slot actualizado: resource_name = Celeste Olivia Borie Polanco
2025-07-04 21:16:48 - actions.rebooking_actions - INFO - run:247 - Slot actualizado: status = ready to send
2025-07-04 21:16:48 - actions.rebooking_actions - INFO - run:251 - Contexto de rebooking configurado como: rebooking
2025-07-04 21:16:48 - actions.rebooking_actions - INFO - run:255 - Contexto general configurado como: None
2025-07-04 21:16:48 - actions.rebooking_actions - INFO - run:265 - Fecha formateada: 02/07/2025 a las 19:00
2025-07-04 21:16:48 - actions.rebooking_actions - INFO - run:300 - Contexto de rebooking inicializado exitosamente para usuario: 1
2025-07-04 21:17:22 - actions.utils - INFO - log_request_info:190 - Ejecutando action_process_date_request para usuario: 1
2025-07-04 21:17:22 - actions.rebooking_actions - INFO - run:334 - Procesando mensaje: mañana a las 10
2025-07-04 21:17:22 - actions.rebooking_actions - INFO - run:352 - Fecha y hora extraídas: 5 de julio a las 10:00
2025-07-04 21:17:22 - actions.rebooking_actions - INFO - run:353 - Start time: 2025-07-05T10:00:00-04:00
2025-07-04 21:17:22 - actions.rebooking_actions - INFO - run:354 - End time: 2025-07-05T18:00:00-04:00
2025-07-04 21:17:22 - actions.rebooking_actions - ERROR - _call_get_slots_optimized:632 - Parámetros faltantes para get_slots_optimized: ['Celeste Olivia Borie Polanco', 'd76fee22-6a38-43ef-b824-a60d001fe940', None, None, '56964058510']
2025-07-04 21:23:07 - actions.utils - INFO - log_request_info:190 - Ejecutando action_init_context para usuario: d20affb5-2a07-4af3-b7e6-b31100159436
2025-07-04 21:23:07 - actions.actions - INFO - run:502 - Slot actualizado: nombre_paciente = Cristian Cid Paredes
2025-07-04 21:23:07 - actions.actions - INFO - run:502 - Slot actualizado: id_especialidad = d76fee22-6a38-43ef-b824-a60d001fe940
2025-07-04 21:23:07 - actions.actions - INFO - run:502 - Slot actualizado: especialidad = MEDICINA GENERAL ADULTO
2025-07-04 21:23:07 - actions.actions - INFO - run:502 - Slot actualizado: fecha_hora = 2025-07-05T100000-0400
2025-07-04 21:23:07 - actions.actions - INFO - run:502 - Slot actualizado: id_centro_medico = 245fe6d5-3de4-40e2-aac5-ae01011e1a50
2025-07-04 21:23:07 - actions.actions - INFO - run:502 - Slot actualizado: centro_medico = RedSalud Mall Barrio Independencia
2025-07-04 21:23:07 - actions.actions - INFO - run:502 - Slot actualizado: centro_medico_address = Av.Independencia 565 (En Mall) T301,Independencia
2025-07-04 21:23:07 - actions.actions - INFO - run:502 - Slot actualizado: centro_medico_google = httpsgoo.glmapsPta8khHWgvp5ck6r5
2025-07-04 21:23:07 - actions.actions - INFO - run:502 - Slot actualizado: centro_medico_comuna = Independencia
2025-07-04 21:23:07 - actions.actions - INFO - run:502 - Slot actualizado: area_medica = Médica
2025-07-04 21:23:07 - actions.actions - INFO - run:502 - Slot actualizado: conversation_id = d20affb5-2a07-4af3-b7e6-b31100159436
2025-07-04 21:23:07 - actions.actions - INFO - run:502 - Slot actualizado: bot_name = BOT DEV
2025-07-04 21:23:07 - actions.actions - INFO - run:502 - Slot actualizado: campaign_name = confirmacion
2025-07-04 21:23:07 - actions.actions - INFO - run:502 - Slot actualizado: phone_number = 56999999999
2025-07-04 21:23:07 - actions.actions - INFO - run:502 - Slot actualizado: preparations = True
2025-07-04 21:23:07 - actions.actions - INFO - run:502 - Slot actualizado: tipo_mensaje = Confirmacion
2025-07-04 21:23:07 - actions.actions - INFO - run:502 - Slot actualizado: centro_medico_tipo = Clínica
2025-07-04 21:23:07 - actions.actions - INFO - run:502 - Slot actualizado: preparation_url = httpsdrive.google.comfiled13-7QlkXRg3-lVsDCe0LCdVDhw3FsJfASviewuspdrive_link
2025-07-04 21:23:07 - actions.actions - INFO - run:502 - Slot actualizado: resource_name = Miguel Andres Leal Morgado
2025-07-04 21:23:07 - actions.actions - INFO - run:502 - Slot actualizado: status = ready to send
2025-07-04 21:23:07 - actions.actions - INFO - run:506 - Contexto configurado como: confirmación
2025-07-04 21:23:07 - actions.actions - INFO - run:510 - Contexto de rebooking limpiado
2025-07-04 21:23:07 - actions.actions - INFO - run:521 - Fecha formateada: 05/07/2025 a las 10:00
2025-07-04 21:23:07 - actions.actions - INFO - run:556 - Contexto inicializado exitosamente para usuario: d20affb5-2a07-4af3-b7e6-b31100159436
2025-07-04 21:25:21 - root - INFO - setup_logging:89 - Logging configurado - Nivel: INFO, Archivo: bot_confirmaciones.log
2025-07-04 21:25:21 - root - INFO - setup_logging:90 - Bot de confirmaciones iniciando...
2025-07-04 21:25:22 - actions.database - INFO - _initialize_pool:47 - Pool de conexiones PostgreSQL inicializado correctamente
2025-07-04 21:25:22 - actions.actions - INFO - <module>:42 - APIGEE_API_URL: https://redsalud-qa.apigee.net
2025-07-04 21:25:22 - actions.actions - INFO - <module>:43 - APIGEE_USERNAME: 4tu0...
2025-07-04 21:25:22 - actions.actions - INFO - <module>:44 - APIGEE_PASSWORD: Configurado
2025-07-04 21:25:22 - actions - INFO - <module>:37 - Módulo de acciones cargado correctamente
2025-07-04 21:25:22 - rasa_sdk.executor - INFO - register_function:204 - Registered function for 'action_test_connection'.
2025-07-04 21:25:22 - rasa_sdk.executor - INFO - register_function:204 - Registered function for 'action_get_system_status'.
2025-07-04 21:25:22 - rasa_sdk.executor - INFO - register_function:204 - Registered function for 'action_validate_input'.
2025-07-04 21:25:22 - rasa_sdk.executor - INFO - register_function:204 - Registered function for 'action_handle_error'.
2025-07-04 21:25:22 - rasa_sdk.executor - INFO - register_function:204 - Registered function for 'action_fallback'.
2025-07-04 21:25:22 - rasa_sdk.executor - INFO - register_function:204 - Registered function for 'action_init_context'.
2025-07-04 21:25:22 - rasa_sdk.executor - INFO - register_function:204 - Registered function for 'action_format_date'.
2025-07-04 21:25:22 - rasa_sdk.executor - INFO - register_function:204 - Registered function for 'action_cancel_appointment'.
2025-07-04 21:25:22 - rasa_sdk.executor - INFO - register_function:204 - Registered function for 'action_confirm_appointment'.
2025-07-04 21:25:22 - rasa_sdk.executor - INFO - register_function:204 - Registered function for 'action_process_date_request'.
2025-07-04 21:25:22 - rasa_sdk.executor - INFO - register_function:204 - Registered function for 'action_init_rebooking'.
2025-07-04 21:25:22 - rasa_sdk.executor - INFO - register_function:202 - Re-registered function for 'action_process_date_request'.
2025-07-04 21:25:22 - rasa_sdk.executor - INFO - register_function:204 - Registered function for 'action_show_available_slots'.
2025-07-04 21:25:22 - rasa_sdk.executor - INFO - register_function:204 - Registered function for 'action_process_slot_selection'.
2025-07-04 21:25:22 - rasa_sdk.executor - INFO - register_function:204 - Registered function for 'action_confirm_rebooking'.
2025-07-04 21:25:22 - rasa_sdk.executor - INFO - register_function:204 - Registered function for 'action_cancel_rebooking'.
2025-07-04 21:25:22 - rasa_sdk.endpoint - INFO - run:161 - Starting plugins...
2025-07-04 21:25:22 - rasa_sdk.endpoint - INFO - run:167 - Action endpoint is up and running on http://0.0.0.0:5055
2025-07-04 21:26:56 - actions.utils - INFO - log_request_info:190 - Ejecutando action_init_rebooking para usuario: 1
2025-07-04 21:26:56 - actions.rebooking_actions - INFO - run:247 - Slot actualizado: nombre_paciente = Manuel Castillo Vicuña
2025-07-04 21:26:56 - actions.rebooking_actions - INFO - run:247 - Slot actualizado: id_especialidad = d76fee22-6a38-43ef-b824-a60d001fe940
2025-07-04 21:26:56 - actions.rebooking_actions - INFO - run:247 - Slot actualizado: especialidad = MEDICINA GENERAL ADULTO
2025-07-04 21:26:56 - actions.rebooking_actions - INFO - run:247 - Slot actualizado: fecha_hora = 2025-07-02T190000-0400
2025-07-04 21:26:56 - actions.rebooking_actions - INFO - run:247 - Slot actualizado: id_centro_medico = c7e1f17b-45c6-45e0-b981-a5f800212bef
2025-07-04 21:26:56 - actions.rebooking_actions - INFO - run:247 - Slot actualizado: centro_medico = RedSalud Alameda
2025-07-04 21:26:56 - actions.rebooking_actions - INFO - run:247 - Slot actualizado: centro_medico_address = San Martin 30 ,Santiago
2025-07-04 21:26:56 - actions.rebooking_actions - INFO - run:247 - Slot actualizado: centro_medico_google = httpsgoo.glmapsT7iNCdZcQc35gbp58
2025-07-04 21:26:56 - actions.rebooking_actions - INFO - run:247 - Slot actualizado: centro_medico_comuna = Santiago
2025-07-04 21:26:56 - actions.rebooking_actions - INFO - run:247 - Slot actualizado: area_medica = Médica
2025-07-04 21:26:56 - actions.rebooking_actions - INFO - run:247 - Slot actualizado: conversation_id = 221e05ad-59e9-442c-8c2d-b310014783f8
2025-07-04 21:26:56 - actions.rebooking_actions - INFO - run:247 - Slot actualizado: appointment_id = 221e05ad-59e9-442c-8c2d-b310014783f8
2025-07-04 21:26:56 - actions.rebooking_actions - INFO - run:247 - Slot actualizado: bot_name = BOT DEV
2025-07-04 21:26:56 - actions.rebooking_actions - INFO - run:247 - Slot actualizado: campaign_name = confirmacion
2025-07-04 21:26:56 - actions.rebooking_actions - INFO - run:247 - Slot actualizado: phone_number = 56964058510
2025-07-04 21:26:56 - actions.rebooking_actions - INFO - run:247 - Slot actualizado: preparations = True
2025-07-04 21:26:56 - actions.rebooking_actions - INFO - run:247 - Slot actualizado: tipo_mensaje = Confirmacion
2025-07-04 21:26:56 - actions.rebooking_actions - INFO - run:247 - Slot actualizado: centro_medico_tipo = Clínica
2025-07-04 21:26:56 - actions.rebooking_actions - INFO - run:247 - Slot actualizado: preparation_url = httpsdrive.google.comfiled13-7QlkXRg3-lVsDCe0LCdVDhw3FsJfASviewuspdrive_link
2025-07-04 21:26:56 - actions.rebooking_actions - INFO - run:247 - Slot actualizado: resource_name = Celeste Olivia Borie Polanco
2025-07-04 21:26:56 - actions.rebooking_actions - INFO - run:247 - Slot actualizado: status = ready to send
2025-07-04 21:26:56 - actions.rebooking_actions - INFO - run:251 - Contexto de rebooking configurado como: rebooking
2025-07-04 21:26:56 - actions.rebooking_actions - INFO - run:255 - Contexto general configurado como: None
2025-07-04 21:26:56 - actions.rebooking_actions - INFO - run:265 - Fecha formateada: 02/07/2025 a las 19:00
2025-07-04 21:26:56 - actions.rebooking_actions - INFO - run:300 - Contexto de rebooking inicializado exitosamente para usuario: 1
2025-07-04 21:27:08 - actions.utils - INFO - log_request_info:190 - Ejecutando action_fallback para usuario: 1
2025-07-04 21:27:20 - actions.utils - INFO - log_request_info:190 - Ejecutando action_process_date_request para usuario: 1
2025-07-04 21:27:20 - actions.rebooking_actions - INFO - run:334 - Procesando mensaje: mañana a las 11
2025-07-04 21:27:20 - actions.rebooking_actions - INFO - run:352 - Fecha y hora extraídas: 5 de julio a las 11:00
2025-07-04 21:27:20 - actions.rebooking_actions - INFO - run:353 - Start time: 2025-07-05T11:00:00-04:00
2025-07-04 21:27:20 - actions.rebooking_actions - INFO - run:354 - End time: 2025-07-05T19:00:00-04:00
2025-07-04 21:27:20 - actions.rebooking_actions - ERROR - _call_get_slots_optimized:632 - Parámetros faltantes para get_slots_optimized: ['Celeste Olivia Borie Polanco', 'd76fee22-6a38-43ef-b824-a60d001fe940', None, None, '56964058510']
2025-07-04 21:32:07 - actions.utils - INFO - log_request_info:190 - Ejecutando action_init_context para usuario: e06cad43-4a28-434f-9587-b3110016c559
2025-07-04 21:32:07 - actions.actions - INFO - run:502 - Slot actualizado: nombre_paciente = Javiera Belén Figueroa Cepeda
2025-07-04 21:32:07 - actions.actions - INFO - run:502 - Slot actualizado: id_especialidad = d76fee22-6a38-43ef-b824-a60d001fe940
2025-07-04 21:32:07 - actions.actions - INFO - run:502 - Slot actualizado: especialidad = MEDICINA GENERAL ADULTO
2025-07-04 21:32:07 - actions.actions - INFO - run:502 - Slot actualizado: fecha_hora = 2025-07-05T093000-0400
2025-07-04 21:32:07 - actions.actions - INFO - run:502 - Slot actualizado: id_centro_medico = 786a0d30-99d9-4ac4-b3bd-a5f8002128b5
2025-07-04 21:32:07 - actions.actions - INFO - run:502 - Slot actualizado: centro_medico = RedSalud La Florida
2025-07-04 21:32:07 - actions.actions - INFO - run:502 - Slot actualizado: centro_medico_address = Av. Vicuña Mackenna 7747 ,La Florida
2025-07-04 21:32:07 - actions.actions - INFO - run:502 - Slot actualizado: centro_medico_google = httpsgoo.glmapsLT9YsEqb3Ggptusq5
2025-07-04 21:32:07 - actions.actions - INFO - run:502 - Slot actualizado: centro_medico_comuna = La Florida
2025-07-04 21:32:07 - actions.actions - INFO - run:502 - Slot actualizado: area_medica = Médica
2025-07-04 21:32:07 - actions.actions - INFO - run:502 - Slot actualizado: conversation_id = e06cad43-4a28-434f-9587-b3110016c559
2025-07-04 21:32:07 - actions.actions - INFO - run:502 - Slot actualizado: bot_name = BOT DEV
2025-07-04 21:32:07 - actions.actions - INFO - run:502 - Slot actualizado: campaign_name = confirmacion
2025-07-04 21:32:07 - actions.actions - INFO - run:502 - Slot actualizado: phone_number = 56988889999
2025-07-04 21:32:07 - actions.actions - INFO - run:502 - Slot actualizado: preparations = True
2025-07-04 21:32:07 - actions.actions - INFO - run:502 - Slot actualizado: tipo_mensaje = Confirmacion
2025-07-04 21:32:07 - actions.actions - INFO - run:502 - Slot actualizado: centro_medico_tipo = Clínica
2025-07-04 21:32:07 - actions.actions - INFO - run:502 - Slot actualizado: preparation_url = httpsdrive.google.comfiled13-7QlkXRg3-lVsDCe0LCdVDhw3FsJfASviewuspdrive_link
2025-07-04 21:32:07 - actions.actions - INFO - run:502 - Slot actualizado: resource_name = Macarena Paz Muñoz Aranguiz
2025-07-04 21:32:07 - actions.actions - INFO - run:502 - Slot actualizado: status = ready to send
2025-07-04 21:32:07 - actions.actions - INFO - run:506 - Contexto configurado como: confirmación
2025-07-04 21:32:07 - actions.actions - INFO - run:510 - Contexto de rebooking limpiado
2025-07-04 21:32:07 - actions.actions - INFO - run:521 - Fecha formateada: 05/07/2025 a las 09:30
2025-07-04 21:32:07 - actions.actions - INFO - run:556 - Contexto inicializado exitosamente para usuario: e06cad43-4a28-434f-9587-b3110016c559
2025-07-04 21:36:07 - root - INFO - setup_logging:89 - Logging configurado - Nivel: INFO, Archivo: bot_confirmaciones.log
2025-07-04 21:36:07 - root - INFO - setup_logging:90 - Bot de confirmaciones iniciando...
2025-07-04 21:36:08 - actions.database - INFO - _initialize_pool:47 - Pool de conexiones PostgreSQL inicializado correctamente
2025-07-04 21:36:08 - actions.actions - INFO - <module>:42 - APIGEE_API_URL: https://redsalud-qa.apigee.net
2025-07-04 21:36:08 - actions.actions - INFO - <module>:43 - APIGEE_USERNAME: 4tu0...
2025-07-04 21:36:08 - actions.actions - INFO - <module>:44 - APIGEE_PASSWORD: Configurado
2025-07-04 21:36:08 - actions - INFO - <module>:37 - Módulo de acciones cargado correctamente
2025-07-04 21:36:08 - rasa_sdk.executor - INFO - register_function:204 - Registered function for 'action_test_connection'.
2025-07-04 21:36:08 - rasa_sdk.executor - INFO - register_function:204 - Registered function for 'action_get_system_status'.
2025-07-04 21:36:08 - rasa_sdk.executor - INFO - register_function:204 - Registered function for 'action_validate_input'.
2025-07-04 21:36:08 - rasa_sdk.executor - INFO - register_function:204 - Registered function for 'action_handle_error'.
2025-07-04 21:36:08 - rasa_sdk.executor - INFO - register_function:204 - Registered function for 'action_fallback'.
2025-07-04 21:36:08 - rasa_sdk.executor - INFO - register_function:204 - Registered function for 'action_init_context'.
2025-07-04 21:36:08 - rasa_sdk.executor - INFO - register_function:204 - Registered function for 'action_format_date'.
2025-07-04 21:36:08 - rasa_sdk.executor - INFO - register_function:204 - Registered function for 'action_cancel_appointment'.
2025-07-04 21:36:08 - rasa_sdk.executor - INFO - register_function:204 - Registered function for 'action_confirm_appointment'.
2025-07-04 21:36:08 - rasa_sdk.executor - INFO - register_function:204 - Registered function for 'action_process_date_request'.
2025-07-04 21:36:08 - rasa_sdk.executor - INFO - register_function:204 - Registered function for 'action_init_rebooking'.
2025-07-04 21:36:08 - rasa_sdk.executor - INFO - register_function:202 - Re-registered function for 'action_process_date_request'.
2025-07-04 21:36:08 - rasa_sdk.executor - INFO - register_function:204 - Registered function for 'action_show_available_slots'.
2025-07-04 21:36:08 - rasa_sdk.executor - INFO - register_function:204 - Registered function for 'action_process_slot_selection'.
2025-07-04 21:36:08 - rasa_sdk.executor - INFO - register_function:204 - Registered function for 'action_confirm_rebooking'.
2025-07-04 21:36:08 - rasa_sdk.executor - INFO - register_function:204 - Registered function for 'action_cancel_rebooking'.
2025-07-04 21:36:08 - rasa_sdk.endpoint - INFO - run:161 - Starting plugins...
2025-07-04 21:36:08 - rasa_sdk.endpoint - INFO - run:167 - Action endpoint is up and running on http://0.0.0.0:5055
2025-07-04 21:37:08 - root - INFO - setup_logging:89 - Logging configurado - Nivel: INFO, Archivo: bot_confirmaciones.log
2025-07-04 21:37:08 - root - INFO - setup_logging:90 - Bot de confirmaciones iniciando...
2025-07-04 21:37:09 - actions.database - INFO - _initialize_pool:47 - Pool de conexiones PostgreSQL inicializado correctamente
2025-07-04 21:37:09 - actions.actions - INFO - <module>:42 - APIGEE_API_URL: https://redsalud-qa.apigee.net
2025-07-04 21:37:09 - actions.actions - INFO - <module>:43 - APIGEE_USERNAME: 4tu0...
2025-07-04 21:37:09 - actions.actions - INFO - <module>:44 - APIGEE_PASSWORD: Configurado
2025-07-04 21:37:09 - actions - INFO - <module>:37 - Módulo de acciones cargado correctamente
2025-07-04 21:37:09 - rasa_sdk.executor - INFO - register_function:204 - Registered function for 'action_test_connection'.
2025-07-04 21:37:09 - rasa_sdk.executor - INFO - register_function:204 - Registered function for 'action_get_system_status'.
2025-07-04 21:37:09 - rasa_sdk.executor - INFO - register_function:204 - Registered function for 'action_validate_input'.
2025-07-04 21:37:09 - rasa_sdk.executor - INFO - register_function:204 - Registered function for 'action_handle_error'.
2025-07-04 21:37:09 - rasa_sdk.executor - INFO - register_function:204 - Registered function for 'action_fallback'.
2025-07-04 21:37:09 - rasa_sdk.executor - INFO - register_function:204 - Registered function for 'action_init_context'.
2025-07-04 21:37:09 - rasa_sdk.executor - INFO - register_function:204 - Registered function for 'action_format_date'.
2025-07-04 21:37:09 - rasa_sdk.executor - INFO - register_function:204 - Registered function for 'action_cancel_appointment'.
2025-07-04 21:37:09 - rasa_sdk.executor - INFO - register_function:204 - Registered function for 'action_confirm_appointment'.
2025-07-04 21:37:09 - rasa_sdk.executor - INFO - register_function:204 - Registered function for 'action_process_date_request'.
2025-07-04 21:37:09 - rasa_sdk.executor - INFO - register_function:204 - Registered function for 'action_init_rebooking'.
2025-07-04 21:37:09 - rasa_sdk.executor - INFO - register_function:202 - Re-registered function for 'action_process_date_request'.
2025-07-04 21:37:09 - rasa_sdk.executor - INFO - register_function:204 - Registered function for 'action_show_available_slots'.
2025-07-04 21:37:09 - rasa_sdk.executor - INFO - register_function:204 - Registered function for 'action_process_slot_selection'.
2025-07-04 21:37:09 - rasa_sdk.executor - INFO - register_function:204 - Registered function for 'action_confirm_rebooking'.
2025-07-04 21:37:09 - rasa_sdk.executor - INFO - register_function:204 - Registered function for 'action_cancel_rebooking'.
2025-07-04 21:37:09 - rasa_sdk.endpoint - INFO - run:161 - Starting plugins...
2025-07-04 21:37:09 - rasa_sdk.endpoint - INFO - run:167 - Action endpoint is up and running on http://0.0.0.0:5055
2025-07-04 21:37:39 - actions.utils - INFO - log_request_info:190 - Ejecutando action_init_rebooking para usuario: 1
2025-07-04 21:37:39 - actions.rebooking_actions - INFO - run:247 - Slot actualizado: nombre_paciente = Manuel Castillo Vicuña
2025-07-04 21:37:39 - actions.rebooking_actions - INFO - run:247 - Slot actualizado: id_especialidad = d76fee22-6a38-43ef-b824-a60d001fe940
2025-07-04 21:37:39 - actions.rebooking_actions - INFO - run:247 - Slot actualizado: especialidad = MEDICINA GENERAL ADULTO
2025-07-04 21:37:39 - actions.rebooking_actions - INFO - run:247 - Slot actualizado: fecha_hora = 2025-07-02T190000-0400
2025-07-04 21:37:39 - actions.rebooking_actions - INFO - run:247 - Slot actualizado: id_centro_medico = c7e1f17b-45c6-45e0-b981-a5f800212bef
2025-07-04 21:37:39 - actions.rebooking_actions - INFO - run:247 - Slot actualizado: centro_medico = RedSalud Alameda
2025-07-04 21:37:39 - actions.rebooking_actions - INFO - run:247 - Slot actualizado: centro_medico_address = San Martin 30 ,Santiago
2025-07-04 21:37:39 - actions.rebooking_actions - INFO - run:247 - Slot actualizado: centro_medico_google = httpsgoo.glmapsT7iNCdZcQc35gbp58
2025-07-04 21:37:39 - actions.rebooking_actions - INFO - run:247 - Slot actualizado: centro_medico_comuna = Santiago
2025-07-04 21:37:39 - actions.rebooking_actions - INFO - run:247 - Slot actualizado: area_medica = Médica
2025-07-04 21:37:39 - actions.rebooking_actions - INFO - run:247 - Slot actualizado: conversation_id = 221e05ad-59e9-442c-8c2d-b310014783f8
2025-07-04 21:37:39 - actions.rebooking_actions - INFO - run:247 - Slot actualizado: appointment_id = 221e05ad-59e9-442c-8c2d-b310014783f8
2025-07-04 21:37:39 - actions.rebooking_actions - INFO - run:247 - Slot actualizado: bot_name = BOT DEV
2025-07-04 21:37:39 - actions.rebooking_actions - INFO - run:247 - Slot actualizado: campaign_name = confirmacion
2025-07-04 21:37:39 - actions.rebooking_actions - INFO - run:247 - Slot actualizado: phone_number = 56964058510
2025-07-04 21:37:39 - actions.rebooking_actions - INFO - run:247 - Slot actualizado: preparations = True
2025-07-04 21:37:39 - actions.rebooking_actions - INFO - run:247 - Slot actualizado: tipo_mensaje = Confirmacion
2025-07-04 21:37:39 - actions.rebooking_actions - INFO - run:247 - Slot actualizado: centro_medico_tipo = Clínica
2025-07-04 21:37:39 - actions.rebooking_actions - INFO - run:247 - Slot actualizado: preparation_url = httpsdrive.google.comfiled13-7QlkXRg3-lVsDCe0LCdVDhw3FsJfASviewuspdrive_link
2025-07-04 21:37:39 - actions.rebooking_actions - INFO - run:247 - Slot actualizado: resource_name = Celeste Olivia Borie Polanco
2025-07-04 21:37:39 - actions.rebooking_actions - INFO - run:247 - Slot actualizado: status = ready to send
2025-07-04 21:37:39 - actions.rebooking_actions - INFO - run:251 - Contexto de rebooking configurado como: rebooking
2025-07-04 21:37:39 - actions.rebooking_actions - INFO - run:255 - Contexto general configurado como: None
2025-07-04 21:37:39 - actions.rebooking_actions - INFO - run:265 - Fecha formateada: 02/07/2025 a las 19:00
2025-07-04 21:37:39 - actions.rebooking_actions - INFO - run:300 - Contexto de rebooking inicializado exitosamente para usuario: 1
2025-07-04 21:37:52 - actions.utils - INFO - log_request_info:190 - Ejecutando action_fallback para usuario: 1
2025-07-04 21:38:05 - actions.utils - INFO - log_request_info:190 - Ejecutando action_process_date_request para usuario: 1
2025-07-04 21:38:05 - actions.rebooking_actions - INFO - run:334 - Procesando mensaje: el lunes a las 10
2025-07-04 21:38:05 - actions.rebooking_actions - INFO - run:352 - Fecha y hora extraídas: 7 de julio a las 10:00
2025-07-04 21:38:05 - actions.rebooking_actions - INFO - run:353 - Start time: 2025-07-07T10:00:00-04:00
2025-07-04 21:38:05 - actions.rebooking_actions - INFO - run:354 - End time: 2025-07-07T18:00:00-04:00
2025-07-04 21:38:05 - actions.rebooking_actions - INFO - _call_get_slots_optimized_with_values:630 - 🔍 Debugging slots:
2025-07-04 21:38:05 - actions.rebooking_actions - INFO - _call_get_slots_optimized_with_values:631 -    resource_name: Celeste Olivia Borie Polanco
2025-07-04 21:38:05 - actions.rebooking_actions - INFO - _call_get_slots_optimized_with_values:632 -    id_especialidad: d76fee22-6a38-43ef-b824-a60d001fe940
2025-07-04 21:38:05 - actions.rebooking_actions - INFO - _call_get_slots_optimized_with_values:633 -    autopago: None
2025-07-04 21:38:05 - actions.rebooking_actions - INFO - _call_get_slots_optimized_with_values:634 -    phone_number: 56964058510
2025-07-04 21:38:05 - actions.rebooking_actions - INFO - _call_get_slots_optimized_with_values:635 -    appointment_id: 221e05ad-59e9-442c-8c2d-b310014783f8
2025-07-04 21:38:05 - actions.rebooking_actions - INFO - _call_get_slots_optimized_with_values:636 -    start_time (pasado): 2025-07-07T10:00:00-04:00
2025-07-04 21:38:05 - actions.rebooking_actions - INFO - _call_get_slots_optimized_with_values:637 -    end_time (pasado): 2025-07-07T18:00:00-04:00
2025-07-04 21:38:05 - actions.rebooking_actions - INFO - _call_get_slots_optimized_with_values:654 - 🔧 Llamando get_slots_optimized con parámetros:
2025-07-04 21:38:05 - actions.rebooking_actions - INFO - _call_get_slots_optimized_with_values:655 -    resource_id: Celeste Olivia Borie Polanco
2025-07-04 21:38:05 - actions.rebooking_actions - INFO - _call_get_slots_optimized_with_values:656 -    service_id: d76fee22-6a38-43ef-b824-a60d001fe940
2025-07-04 21:38:05 - actions.rebooking_actions - INFO - _call_get_slots_optimized_with_values:657 -    coverage_plan_id: 1
2025-07-04 21:38:05 - actions.rebooking_actions - INFO - _call_get_slots_optimized_with_values:658 -    start_time: 2025-07-07T10:00:00-04:00
2025-07-04 21:38:05 - actions.rebooking_actions - INFO - _call_get_slots_optimized_with_values:659 -    finish_time: 2025-07-07T18:00:00-04:00
2025-07-04 21:38:05 - actions.rebooking_actions - INFO - _call_get_slots_optimized_with_values:660 -    adjacent_slots: 1
2025-07-04 21:38:05 - actions.rebooking_actions - INFO - _call_get_slots_optimized_with_values:661 -    patient_id: 56964058510
2025-07-04 21:38:05 - actions.rebooking_actions - INFO - _call_get_slots_optimized_with_values:662 -    reschedule_appointment_id: 221e05ad-59e9-442c-8c2d-b310014783f8
2025-07-04 21:38:05 - actions.rebooking_actions - INFO - _call_get_slots_optimized_with_values:665 - 📞 Invocando get_slots_optimized...
2025-07-04 21:38:05 - actions.rebooking_actions - INFO - get_slots_optimized:92 - 🌐 URL generada para get_slots_optimized:
2025-07-04 21:38:05 - actions.rebooking_actions - INFO - get_slots_optimized:93 -    Base URL: https://proxy-qa.redsalud.cl/AWAUsers/Slots/GetSlotsOptimized
2025-07-04 21:38:05 - actions.rebooking_actions - INFO - get_slots_optimized:94 -    Parámetros: {'includeSelfPayer': 'false', 'expertBookingMode': 'false', 'includeNotBookable': 'false', 'rescheduleAppointmentId': '221e05ad-59e9-442c-8c2d-b310014783f8'}
2025-07-04 21:38:05 - actions.rebooking_actions - INFO - get_slots_optimized:95 -    Filtro: ResourceId eq Celeste Olivia Borie Polanco and ServiceId eq d76fee22-6a38-43ef-b824-a60d001fe940 and CoveragePlanId eq 1 and (StartTime ge 2025-07-07T10:00:00-04:00) and (FinishTime le 2025-07-07T18:00:00-04:00) and AdjacentSlots eq 1 and PatientId eq 56964058510
2025-07-04 21:38:05 - actions.rebooking_actions - INFO - get_slots_optimized:96 -    URL completa: https://proxy-qa.redsalud.cl/AWAUsers/Slots/GetSlotsOptimized(includeSelfPayer=false,expertBookingMode=false,includeNotBookable=false,rescheduleAppointmentId=221e05ad-59e9-442c-8c2d-b310014783f8)?$filter=ResourceId%20eq%20Celeste%20Olivia%20Borie%20Polanco%20and%20ServiceId%20eq%20d76fee22-6a38-43ef-b824-a60d001fe940%20and%20CoveragePlanId%20eq%201%20and%20%28StartTime%20ge%202025-07-07T10%3A00%3A00-04%3A00%29%20and%20%28FinishTime%20le%202025-07-07T18%3A00%3A00-04%3A00%29%20and%20AdjacentSlots%20eq%201%20and%20PatientId%20eq%2056964058510&$orderby=StartTime asc&$count=true
2025-07-04 21:38:05 - actions.rebooking_actions - INFO - get_slots_optimized:105 - 📋 Headers de la petición:
2025-07-04 21:38:05 - actions.rebooking_actions - INFO - get_slots_optimized:106 -    X-AppTimezone: -240
2025-07-04 21:38:05 - actions.rebooking_actions - INFO - get_slots_optimized:107 -    Authorization: Bearer [TOKEN_OCULTO]
2025-07-04 21:38:05 - actions.rebooking_actions - INFO - get_slots_optimized:110 - 🚀 Enviando petición GET a la API...
2025-07-04 21:38:06 - actions.rebooking_actions - ERROR - get_slots_optimized:144 - ❌ Error al llamar a la API: 400 Client Error: Bad Request for url: https://proxy-qa.redsalud.cl/AWAUsers/Slots/GetSlotsOptimized(includeSelfPayer=false,expertBookingMode=false,includeNotBookable=false,rescheduleAppointmentId=221e05ad-59e9-442c-8c2d-b310014783f8)?$filter=ResourceId%20eq%20Celeste%20Olivia%20Borie%20Polanco%20and%20ServiceId%20eq%20d76fee22-6a38-43ef-b824-a60d001fe940%20and%20CoveragePlanId%20eq%201%20and%20%28StartTime%20ge%202025-07-07T10%3A00%3A00-04%3A00%29%20and%20%28FinishTime%20le%202025-07-07T18%3A00%3A00-04%3A00%29%20and%20AdjacentSlots%20eq%201%20and%20PatientId%20eq%2056964058510&$orderby=StartTime%20asc&$count=true
2025-07-04 21:38:06 - actions.rebooking_actions - ERROR - get_slots_optimized:146 -    Status Code: 400
2025-07-04 21:38:06 - actions.rebooking_actions - ERROR - get_slots_optimized:147 -    Response Text: {
  "error":{
    "code":"","message":"Syntax error at position 28 in 'ResourceId eq Celeste Olivia Borie Polanco and ServiceId eq d76fee22-6a38-43ef-b824-a60d001fe940 and CoveragePlanId eq 1 and (StartTime ge 2025-07-07T10:00:00-04:00) and (FinishTime le 2025-07-07T18:00:00-04:00) and AdjacentSlots eq 1 and PatientId eq 56964058510'."
  }
}
2025-07-04 21:38:06 - actions.rebooking_actions - WARNING - _call_get_slots_optimized_with_values:680 - ⚠️ get_slots_optimized retornó None
2025-07-04 21:41:21 - actions.utils - INFO - log_request_info:190 - Ejecutando action_init_context para usuario: 1b
2025-07-04 21:41:21 - actions.actions - INFO - run:502 - Slot actualizado: nombre_paciente = Dennis
2025-07-04 21:41:21 - actions.actions - INFO - run:502 - Slot actualizado: id_especialidad = 9da27b49-fe81-4188-ba06-b13100fee18d
2025-07-04 21:41:21 - actions.actions - INFO - run:502 - Slot actualizado: especialidad = 1 CONSULTA BARIÁTRICA
2025-07-04 21:41:21 - actions.actions - INFO - run:502 - Slot actualizado: fecha_hora = 2025-03-18 090000
2025-07-04 21:41:21 - actions.actions - INFO - run:502 - Slot actualizado: id_centro_medico = 223ce757-0a28-471b-a13a-a8ac010e5041
2025-07-04 21:41:21 - actions.actions - INFO - run:502 - Slot actualizado: centro_medico = Clínica RedSalud Santiago
2025-07-04 21:41:21 - actions.actions - INFO - run:502 - Slot actualizado: centro_medico_address = Av Lib Bernardo Ohiggins 4850,Santiago
2025-07-04 21:41:21 - actions.actions - INFO - run:502 - Slot actualizado: centro_medico_google = httpsgoo.glmapsLmkXZn4PYRgkGrYZ9
2025-07-04 21:41:21 - actions.actions - INFO - run:502 - Slot actualizado: centro_medico_comuna = Santiago
2025-07-04 21:41:21 - actions.actions - INFO - run:502 - Slot actualizado: area_medica = Médica
2025-07-04 21:41:21 - actions.actions - INFO - run:502 - Slot actualizado: bot_name = Ricardo
2025-07-04 21:41:21 - actions.actions - INFO - run:502 - Slot actualizado: campaign_name = confirmacion
2025-07-04 21:41:21 - actions.actions - INFO - run:502 - Slot actualizado: phone_number = 56956196028
2025-07-04 21:41:21 - actions.actions - INFO - run:502 - Slot actualizado: preparations = False
2025-07-04 21:41:21 - actions.actions - INFO - run:502 - Slot actualizado: conversation_id = 8fcf10cb-614d-4aa9-8720-b2a300fd978b
2025-07-04 21:41:21 - actions.actions - INFO - run:502 - Slot actualizado: appointment_id = 8fcf10cb-614d-4aa9-8720-b2a300fd978b
2025-07-04 21:41:21 - actions.actions - INFO - run:502 - Slot actualizado: appointment_type_id = 4139651e-c3c2-4839-97ef-cdd5428b9975
2025-07-04 21:41:21 - actions.actions - INFO - run:502 - Slot actualizado: preparations_url = httpswww.google.cl
2025-07-04 21:41:21 - actions.actions - INFO - run:502 - Slot actualizado: preparation_pdf_name = prepararions.pdf
2025-07-04 21:41:21 - actions.actions - INFO - run:502 - Slot actualizado: resource_name = Miguel Angulo
2025-07-04 21:41:21 - actions.actions - INFO - run:502 - Slot actualizado: resource_id = 7dbd3ae4-4ead-4fcf-a131-a5fa005e35a5
2025-07-04 21:41:21 - actions.actions - INFO - run:502 - Slot actualizado: patient_id = 27a1bd0d-2028-4191-887c-acc9014582a9
2025-07-04 21:41:21 - actions.actions - INFO - run:502 - Slot actualizado: service_id = 3229b16d-fa44-4a1e-84ea-a60b014e94ed
2025-07-04 21:41:21 - actions.actions - INFO - run:502 - Slot actualizado: coverage_plan_id = f2d3cd94-b91c-420e-9ec0-a5f800ca8dbc
2025-07-04 21:41:21 - actions.actions - INFO - run:502 - Slot actualizado: starting_location_id = c7e1f17b-45c6-45e0-b981-a5f800212bef
2025-07-04 21:41:21 - actions.actions - INFO - run:502 - Slot actualizado: original_appointment_id = appointment_id_to_cancel
2025-07-04 21:41:21 - actions.actions - INFO - run:502 - Slot actualizado: maximum_distance = 5
2025-07-04 21:41:21 - actions.actions - INFO - run:502 - Slot actualizado: adjacent_slots = 1
2025-07-04 21:41:21 - actions.actions - INFO - run:502 - Slot actualizado: app_timezone = -240
2025-07-04 21:41:21 - actions.actions - INFO - run:502 - Slot actualizado: include_self_payer = False
2025-07-04 21:41:21 - actions.actions - INFO - run:502 - Slot actualizado: expert_booking_mode = False
2025-07-04 21:41:21 - actions.actions - INFO - run:502 - Slot actualizado: include_not_bookable = False
2025-07-04 21:41:21 - actions.actions - INFO - run:502 - Slot actualizado: reschedule_appointment_id = 8fcf10cb-614d-4aa9-8720-b2a300fd978b
2025-07-04 21:41:21 - actions.actions - INFO - run:506 - Contexto configurado como: confirmación
2025-07-04 21:41:21 - actions.actions - INFO - run:510 - Contexto de rebooking limpiado
2025-07-04 21:41:21 - actions.actions - INFO - run:521 - Fecha formateada: 18/03/2025 a las 09:00
2025-07-04 21:41:21 - actions.actions - INFO - run:556 - Contexto inicializado exitosamente para usuario: 1b
2025-07-04 21:41:33 - actions.utils - INFO - log_request_info:190 - Ejecutando action_fallback para usuario: 1b
2025-07-04 21:41:49 - actions.utils - INFO - log_request_info:190 - Ejecutando action_init_rebooking para usuario: 1b
2025-07-04 21:41:49 - actions.rebooking_actions - INFO - run:247 - Slot actualizado: nombre_paciente = Dennis
2025-07-04 21:41:49 - actions.rebooking_actions - INFO - run:247 - Slot actualizado: id_especialidad = 9da27b49-fe81-4188-ba06-b13100fee18d
2025-07-04 21:41:49 - actions.rebooking_actions - INFO - run:247 - Slot actualizado: especialidad = 1 CONSULTA BARIÁTRICA
2025-07-04 21:41:49 - actions.rebooking_actions - INFO - run:247 - Slot actualizado: fecha_hora = 2025-03-18 090000
2025-07-04 21:41:49 - actions.rebooking_actions - INFO - run:247 - Slot actualizado: id_centro_medico = 223ce757-0a28-471b-a13a-a8ac010e5041
2025-07-04 21:41:49 - actions.rebooking_actions - INFO - run:247 - Slot actualizado: centro_medico = Clínica RedSalud Santiago
2025-07-04 21:41:49 - actions.rebooking_actions - INFO - run:247 - Slot actualizado: centro_medico_address = Av Lib Bernardo Ohiggins 4850,Santiago
2025-07-04 21:41:49 - actions.rebooking_actions - INFO - run:247 - Slot actualizado: centro_medico_google = httpsgoo.glmapsLmkXZn4PYRgkGrYZ9
2025-07-04 21:41:49 - actions.rebooking_actions - INFO - run:247 - Slot actualizado: centro_medico_comuna = Santiago
2025-07-04 21:41:49 - actions.rebooking_actions - INFO - run:247 - Slot actualizado: area_medica = Médica
2025-07-04 21:41:49 - actions.rebooking_actions - INFO - run:247 - Slot actualizado: bot_name = Ricardo
2025-07-04 21:41:49 - actions.rebooking_actions - INFO - run:247 - Slot actualizado: campaign_name = confirmacion
2025-07-04 21:41:49 - actions.rebooking_actions - INFO - run:247 - Slot actualizado: phone_number = 56956196028
2025-07-04 21:41:49 - actions.rebooking_actions - INFO - run:247 - Slot actualizado: preparations = False
2025-07-04 21:41:49 - actions.rebooking_actions - INFO - run:247 - Slot actualizado: conversation_id = 8fcf10cb-614d-4aa9-8720-b2a300fd978b
2025-07-04 21:41:49 - actions.rebooking_actions - INFO - run:247 - Slot actualizado: appointment_id = 8fcf10cb-614d-4aa9-8720-b2a300fd978b
2025-07-04 21:41:49 - actions.rebooking_actions - INFO - run:247 - Slot actualizado: appointment_type_id = 4139651e-c3c2-4839-97ef-cdd5428b9975
2025-07-04 21:41:49 - actions.rebooking_actions - INFO - run:247 - Slot actualizado: preparations_url = httpswww.google.cl
2025-07-04 21:41:49 - actions.rebooking_actions - INFO - run:247 - Slot actualizado: preparation_pdf_name = prepararions.pdf
2025-07-04 21:41:49 - actions.rebooking_actions - INFO - run:247 - Slot actualizado: resource_name = Miguel Angulo
2025-07-04 21:41:49 - actions.rebooking_actions - INFO - run:247 - Slot actualizado: resource_id = 7dbd3ae4-4ead-4fcf-a131-a5fa005e35a5
2025-07-04 21:41:49 - actions.rebooking_actions - INFO - run:247 - Slot actualizado: patient_id = 27a1bd0d-2028-4191-887c-acc9014582a9
2025-07-04 21:41:49 - actions.rebooking_actions - INFO - run:247 - Slot actualizado: service_id = 3229b16d-fa44-4a1e-84ea-a60b014e94ed
2025-07-04 21:41:49 - actions.rebooking_actions - INFO - run:247 - Slot actualizado: coverage_plan_id = f2d3cd94-b91c-420e-9ec0-a5f800ca8dbc
2025-07-04 21:41:49 - actions.rebooking_actions - INFO - run:247 - Slot actualizado: starting_location_id = c7e1f17b-45c6-45e0-b981-a5f800212bef
2025-07-04 21:41:49 - actions.rebooking_actions - INFO - run:247 - Slot actualizado: original_appointment_id = appointment_id_to_cancel
2025-07-04 21:41:49 - actions.rebooking_actions - INFO - run:247 - Slot actualizado: maximum_distance = 5
2025-07-04 21:41:49 - actions.rebooking_actions - INFO - run:247 - Slot actualizado: adjacent_slots = 1
2025-07-04 21:41:49 - actions.rebooking_actions - INFO - run:247 - Slot actualizado: app_timezone = -240
2025-07-04 21:41:49 - actions.rebooking_actions - INFO - run:247 - Slot actualizado: include_self_payer = False
2025-07-04 21:41:49 - actions.rebooking_actions - INFO - run:247 - Slot actualizado: expert_booking_mode = False
2025-07-04 21:41:49 - actions.rebooking_actions - INFO - run:247 - Slot actualizado: include_not_bookable = False
2025-07-04 21:41:49 - actions.rebooking_actions - INFO - run:247 - Slot actualizado: reschedule_appointment_id = 8fcf10cb-614d-4aa9-8720-b2a300fd978b
2025-07-04 21:41:49 - actions.rebooking_actions - INFO - run:251 - Contexto de rebooking configurado como: rebooking
2025-07-04 21:41:49 - actions.rebooking_actions - INFO - run:255 - Contexto general configurado como: None
2025-07-04 21:41:49 - actions.rebooking_actions - INFO - run:265 - Fecha formateada: 18/03/2025 a las 09:00
2025-07-04 21:41:49 - actions.rebooking_actions - INFO - run:300 - Contexto de rebooking inicializado exitosamente para usuario: 1b
2025-07-04 21:42:07 - actions.utils - INFO - log_request_info:190 - Ejecutando action_process_date_request para usuario: 1b
2025-07-04 21:42:07 - actions.rebooking_actions - INFO - run:334 - Procesando mensaje: martes a las 10
2025-07-04 21:42:07 - actions.rebooking_actions - INFO - run:352 - Fecha y hora extraídas: 8 de julio a las 10:00
2025-07-04 21:42:07 - actions.rebooking_actions - INFO - run:353 - Start time: 2025-07-08T10:00:00-04:00
2025-07-04 21:42:07 - actions.rebooking_actions - INFO - run:354 - End time: 2025-07-08T18:00:00-04:00
2025-07-04 21:42:07 - actions.rebooking_actions - INFO - _call_get_slots_optimized_with_values:630 - 🔍 Debugging slots:
2025-07-04 21:42:07 - actions.rebooking_actions - INFO - _call_get_slots_optimized_with_values:631 -    resource_name: Miguel Angulo
2025-07-04 21:42:07 - actions.rebooking_actions - INFO - _call_get_slots_optimized_with_values:632 -    id_especialidad: 9da27b49-fe81-4188-ba06-b13100fee18d
2025-07-04 21:42:07 - actions.rebooking_actions - INFO - _call_get_slots_optimized_with_values:633 -    autopago: None
2025-07-04 21:42:07 - actions.rebooking_actions - INFO - _call_get_slots_optimized_with_values:634 -    phone_number: 56956196028
2025-07-04 21:42:07 - actions.rebooking_actions - INFO - _call_get_slots_optimized_with_values:635 -    appointment_id: 8fcf10cb-614d-4aa9-8720-b2a300fd978b
2025-07-04 21:42:07 - actions.rebooking_actions - INFO - _call_get_slots_optimized_with_values:636 -    start_time (pasado): 2025-07-08T10:00:00-04:00
2025-07-04 21:42:07 - actions.rebooking_actions - INFO - _call_get_slots_optimized_with_values:637 -    end_time (pasado): 2025-07-08T18:00:00-04:00
2025-07-04 21:42:07 - actions.rebooking_actions - INFO - _call_get_slots_optimized_with_values:654 - 🔧 Llamando get_slots_optimized con parámetros:
2025-07-04 21:42:07 - actions.rebooking_actions - INFO - _call_get_slots_optimized_with_values:655 -    resource_id: Miguel Angulo
2025-07-04 21:42:07 - actions.rebooking_actions - INFO - _call_get_slots_optimized_with_values:656 -    service_id: 9da27b49-fe81-4188-ba06-b13100fee18d
2025-07-04 21:42:07 - actions.rebooking_actions - INFO - _call_get_slots_optimized_with_values:657 -    coverage_plan_id: 1
2025-07-04 21:42:07 - actions.rebooking_actions - INFO - _call_get_slots_optimized_with_values:658 -    start_time: 2025-07-08T10:00:00-04:00
2025-07-04 21:42:07 - actions.rebooking_actions - INFO - _call_get_slots_optimized_with_values:659 -    finish_time: 2025-07-08T18:00:00-04:00
2025-07-04 21:42:07 - actions.rebooking_actions - INFO - _call_get_slots_optimized_with_values:660 -    adjacent_slots: 1
2025-07-04 21:42:07 - actions.rebooking_actions - INFO - _call_get_slots_optimized_with_values:661 -    patient_id: 56956196028
2025-07-04 21:42:07 - actions.rebooking_actions - INFO - _call_get_slots_optimized_with_values:662 -    reschedule_appointment_id: 8fcf10cb-614d-4aa9-8720-b2a300fd978b
2025-07-04 21:42:07 - actions.rebooking_actions - INFO - _call_get_slots_optimized_with_values:665 - 📞 Invocando get_slots_optimized...
2025-07-04 21:42:07 - actions.rebooking_actions - INFO - get_slots_optimized:92 - 🌐 URL generada para get_slots_optimized:
2025-07-04 21:42:07 - actions.rebooking_actions - INFO - get_slots_optimized:93 -    Base URL: https://proxy-qa.redsalud.cl/AWAUsers/Slots/GetSlotsOptimized
2025-07-04 21:42:07 - actions.rebooking_actions - INFO - get_slots_optimized:94 -    Parámetros: {'includeSelfPayer': 'false', 'expertBookingMode': 'false', 'includeNotBookable': 'false', 'rescheduleAppointmentId': '8fcf10cb-614d-4aa9-8720-b2a300fd978b'}
2025-07-04 21:42:07 - actions.rebooking_actions - INFO - get_slots_optimized:95 -    Filtro: ResourceId eq Miguel Angulo and ServiceId eq 9da27b49-fe81-4188-ba06-b13100fee18d and CoveragePlanId eq 1 and (StartTime ge 2025-07-08T10:00:00-04:00) and (FinishTime le 2025-07-08T18:00:00-04:00) and AdjacentSlots eq 1 and PatientId eq 56956196028
2025-07-04 21:42:07 - actions.rebooking_actions - INFO - get_slots_optimized:96 -    URL completa: https://proxy-qa.redsalud.cl/AWAUsers/Slots/GetSlotsOptimized(includeSelfPayer=false,expertBookingMode=false,includeNotBookable=false,rescheduleAppointmentId=8fcf10cb-614d-4aa9-8720-b2a300fd978b)?$filter=ResourceId%20eq%20Miguel%20Angulo%20and%20ServiceId%20eq%209da27b49-fe81-4188-ba06-b13100fee18d%20and%20CoveragePlanId%20eq%201%20and%20%28StartTime%20ge%202025-07-08T10%3A00%3A00-04%3A00%29%20and%20%28FinishTime%20le%202025-07-08T18%3A00%3A00-04%3A00%29%20and%20AdjacentSlots%20eq%201%20and%20PatientId%20eq%2056956196028&$orderby=StartTime asc&$count=true
2025-07-04 21:42:07 - actions.rebooking_actions - INFO - get_slots_optimized:105 - 📋 Headers de la petición:
2025-07-04 21:42:07 - actions.rebooking_actions - INFO - get_slots_optimized:106 -    X-AppTimezone: -240
2025-07-04 21:42:07 - actions.rebooking_actions - INFO - get_slots_optimized:107 -    Authorization: Bearer [TOKEN_OCULTO]
2025-07-04 21:42:07 - actions.rebooking_actions - INFO - get_slots_optimized:110 - 🚀 Enviando petición GET a la API...
2025-07-04 21:42:08 - actions.rebooking_actions - ERROR - get_slots_optimized:144 - ❌ Error al llamar a la API: 400 Client Error: Bad Request for url: https://proxy-qa.redsalud.cl/AWAUsers/Slots/GetSlotsOptimized(includeSelfPayer=false,expertBookingMode=false,includeNotBookable=false,rescheduleAppointmentId=8fcf10cb-614d-4aa9-8720-b2a300fd978b)?$filter=ResourceId%20eq%20Miguel%20Angulo%20and%20ServiceId%20eq%209da27b49-fe81-4188-ba06-b13100fee18d%20and%20CoveragePlanId%20eq%201%20and%20%28StartTime%20ge%202025-07-08T10%3A00%3A00-04%3A00%29%20and%20%28FinishTime%20le%202025-07-08T18%3A00%3A00-04%3A00%29%20and%20AdjacentSlots%20eq%201%20and%20PatientId%20eq%2056956196028&$orderby=StartTime%20asc&$count=true
2025-07-04 21:42:08 - actions.rebooking_actions - ERROR - get_slots_optimized:146 -    Status Code: 400
2025-07-04 21:42:08 - actions.rebooking_actions - ERROR - get_slots_optimized:147 -    Response Text: {
  "error":{
    "code":"","message":"Syntax error at position 27 in 'ResourceId eq Miguel Angulo and ServiceId eq 9da27b49-fe81-4188-ba06-b13100fee18d and CoveragePlanId eq 1 and (StartTime ge 2025-07-08T10:00:00-04:00) and (FinishTime le 2025-07-08T18:00:00-04:00) and AdjacentSlots eq 1 and PatientId eq 56956196028'."
  }
}
2025-07-04 21:42:08 - actions.rebooking_actions - WARNING - _call_get_slots_optimized_with_values:680 - ⚠️ get_slots_optimized retornó None
2025-07-04 21:43:07 - actions.utils - INFO - log_request_info:190 - Ejecutando action_init_context para usuario: e06cad43-4a28-434f-9587-b3110016c559
2025-07-04 21:43:07 - actions.actions - INFO - run:502 - Slot actualizado: nombre_paciente = Javiera Belén Figueroa Cepeda
2025-07-04 21:43:07 - actions.actions - INFO - run:502 - Slot actualizado: id_especialidad = d76fee22-6a38-43ef-b824-a60d001fe940
2025-07-04 21:43:07 - actions.actions - INFO - run:502 - Slot actualizado: especialidad = MEDICINA GENERAL ADULTO
2025-07-04 21:43:07 - actions.actions - INFO - run:502 - Slot actualizado: fecha_hora = 2025-07-05T093000-0400
2025-07-04 21:43:07 - actions.actions - INFO - run:502 - Slot actualizado: id_centro_medico = 786a0d30-99d9-4ac4-b3bd-a5f8002128b5
2025-07-04 21:43:07 - actions.actions - INFO - run:502 - Slot actualizado: centro_medico = RedSalud La Florida
2025-07-04 21:43:07 - actions.actions - INFO - run:502 - Slot actualizado: centro_medico_address = Av. Vicuña Mackenna 7747 ,La Florida
2025-07-04 21:43:07 - actions.actions - INFO - run:502 - Slot actualizado: centro_medico_google = httpsgoo.glmapsLT9YsEqb3Ggptusq5
2025-07-04 21:43:07 - actions.actions - INFO - run:502 - Slot actualizado: centro_medico_comuna = La Florida
2025-07-04 21:43:07 - actions.actions - INFO - run:502 - Slot actualizado: area_medica = Médica
2025-07-04 21:43:07 - actions.actions - INFO - run:502 - Slot actualizado: conversation_id = e06cad43-4a28-434f-9587-b3110016c559
2025-07-04 21:43:07 - actions.actions - INFO - run:502 - Slot actualizado: bot_name = BOT DEV
2025-07-04 21:43:07 - actions.actions - INFO - run:502 - Slot actualizado: campaign_name = reconfirmacion
2025-07-04 21:43:07 - actions.actions - INFO - run:502 - Slot actualizado: phone_number = 56988889999
2025-07-04 21:43:07 - actions.actions - INFO - run:502 - Slot actualizado: preparations = True
2025-07-04 21:43:07 - actions.actions - INFO - run:502 - Slot actualizado: tipo_mensaje = Confirmacion
2025-07-04 21:43:07 - actions.actions - INFO - run:502 - Slot actualizado: centro_medico_tipo = Clínica
2025-07-04 21:43:07 - actions.actions - INFO - run:502 - Slot actualizado: preparation_url = httpsdrive.google.comfiled13-7QlkXRg3-lVsDCe0LCdVDhw3FsJfASviewuspdrive_link
2025-07-04 21:43:07 - actions.actions - INFO - run:502 - Slot actualizado: resource_name = Macarena Paz Muñoz Aranguiz
2025-07-04 21:43:07 - actions.actions - INFO - run:502 - Slot actualizado: status = reconfirmation in progress
2025-07-04 21:43:07 - actions.actions - INFO - run:506 - Contexto configurado como: confirmación
2025-07-04 21:43:07 - actions.actions - INFO - run:510 - Contexto de rebooking limpiado
2025-07-04 21:43:07 - actions.actions - INFO - run:521 - Fecha formateada: 05/07/2025 a las 09:30
2025-07-04 21:43:07 - actions.actions - INFO - run:556 - Contexto inicializado exitosamente para usuario: e06cad43-4a28-434f-9587-b3110016c559
2025-07-04 21:43:07 - actions.utils - INFO - log_request_info:190 - Ejecutando action_init_context para usuario: d20affb5-2a07-4af3-b7e6-b31100159436
2025-07-04 21:43:07 - actions.actions - INFO - run:502 - Slot actualizado: nombre_paciente = Cristian Cid Paredes
2025-07-04 21:43:07 - actions.actions - INFO - run:502 - Slot actualizado: id_especialidad = d76fee22-6a38-43ef-b824-a60d001fe940
2025-07-04 21:43:07 - actions.actions - INFO - run:502 - Slot actualizado: especialidad = MEDICINA GENERAL ADULTO
2025-07-04 21:43:07 - actions.actions - INFO - run:502 - Slot actualizado: fecha_hora = 2025-07-05T100000-0400
2025-07-04 21:43:07 - actions.actions - INFO - run:502 - Slot actualizado: id_centro_medico = 245fe6d5-3de4-40e2-aac5-ae01011e1a50
2025-07-04 21:43:07 - actions.actions - INFO - run:502 - Slot actualizado: centro_medico = RedSalud Mall Barrio Independencia
2025-07-04 21:43:07 - actions.actions - INFO - run:502 - Slot actualizado: centro_medico_address = Av.Independencia 565 (En Mall) T301,Independencia
2025-07-04 21:43:07 - actions.actions - INFO - run:502 - Slot actualizado: centro_medico_google = httpsgoo.glmapsPta8khHWgvp5ck6r5
2025-07-04 21:43:07 - actions.actions - INFO - run:502 - Slot actualizado: centro_medico_comuna = Independencia
2025-07-04 21:43:07 - actions.actions - INFO - run:502 - Slot actualizado: area_medica = Médica
2025-07-04 21:43:07 - actions.actions - INFO - run:502 - Slot actualizado: conversation_id = d20affb5-2a07-4af3-b7e6-b31100159436
2025-07-04 21:43:07 - actions.actions - INFO - run:502 - Slot actualizado: bot_name = BOT DEV
2025-07-04 21:43:07 - actions.actions - INFO - run:502 - Slot actualizado: campaign_name = reconfirmacion
2025-07-04 21:43:07 - actions.actions - INFO - run:502 - Slot actualizado: phone_number = 56999999999
2025-07-04 21:43:07 - actions.actions - INFO - run:502 - Slot actualizado: preparations = True
2025-07-04 21:43:07 - actions.actions - INFO - run:502 - Slot actualizado: tipo_mensaje = Confirmacion
2025-07-04 21:43:07 - actions.actions - INFO - run:502 - Slot actualizado: centro_medico_tipo = Clínica
2025-07-04 21:43:07 - actions.actions - INFO - run:502 - Slot actualizado: preparation_url = httpsdrive.google.comfiled13-7QlkXRg3-lVsDCe0LCdVDhw3FsJfASviewuspdrive_link
2025-07-04 21:43:07 - actions.actions - INFO - run:502 - Slot actualizado: resource_name = Miguel Andres Leal Morgado
2025-07-04 21:43:07 - actions.actions - INFO - run:502 - Slot actualizado: status = reconfirmation in progress
2025-07-04 21:43:07 - actions.actions - INFO - run:506 - Contexto configurado como: confirmación
2025-07-04 21:43:07 - actions.actions - INFO - run:510 - Contexto de rebooking limpiado
2025-07-04 21:43:07 - actions.actions - INFO - run:521 - Fecha formateada: 05/07/2025 a las 10:00
2025-07-04 21:43:07 - actions.actions - INFO - run:556 - Contexto inicializado exitosamente para usuario: d20affb5-2a07-4af3-b7e6-b31100159436
2025-07-04 21:43:26 - root - INFO - setup_logging:89 - Logging configurado - Nivel: INFO, Archivo: bot_confirmaciones.log
2025-07-04 21:43:26 - root - INFO - setup_logging:90 - Bot de confirmaciones iniciando...
2025-07-04 21:43:27 - actions.database - INFO - _initialize_pool:47 - Pool de conexiones PostgreSQL inicializado correctamente
2025-07-04 21:43:27 - actions.actions - INFO - <module>:42 - APIGEE_API_URL: https://redsalud-qa.apigee.net
2025-07-04 21:43:27 - actions.actions - INFO - <module>:43 - APIGEE_USERNAME: 4tu0...
2025-07-04 21:43:27 - actions.actions - INFO - <module>:44 - APIGEE_PASSWORD: Configurado
2025-07-04 21:43:27 - actions - INFO - <module>:37 - Módulo de acciones cargado correctamente
2025-07-04 21:43:27 - rasa_sdk.executor - INFO - register_function:204 - Registered function for 'action_test_connection'.
2025-07-04 21:43:27 - rasa_sdk.executor - INFO - register_function:204 - Registered function for 'action_get_system_status'.
2025-07-04 21:43:27 - rasa_sdk.executor - INFO - register_function:204 - Registered function for 'action_validate_input'.
2025-07-04 21:43:27 - rasa_sdk.executor - INFO - register_function:204 - Registered function for 'action_handle_error'.
2025-07-04 21:43:27 - rasa_sdk.executor - INFO - register_function:204 - Registered function for 'action_fallback'.
2025-07-04 21:43:27 - rasa_sdk.executor - INFO - register_function:204 - Registered function for 'action_init_context'.
2025-07-04 21:43:27 - rasa_sdk.executor - INFO - register_function:204 - Registered function for 'action_format_date'.
2025-07-04 21:43:27 - rasa_sdk.executor - INFO - register_function:204 - Registered function for 'action_cancel_appointment'.
2025-07-04 21:43:27 - rasa_sdk.executor - INFO - register_function:204 - Registered function for 'action_confirm_appointment'.
2025-07-04 21:43:27 - rasa_sdk.executor - INFO - register_function:204 - Registered function for 'action_process_date_request'.
2025-07-04 21:43:27 - rasa_sdk.executor - INFO - register_function:204 - Registered function for 'action_init_rebooking'.
2025-07-04 21:43:27 - rasa_sdk.executor - INFO - register_function:202 - Re-registered function for 'action_process_date_request'.
2025-07-04 21:43:27 - rasa_sdk.executor - INFO - register_function:204 - Registered function for 'action_show_available_slots'.
2025-07-04 21:43:27 - rasa_sdk.executor - INFO - register_function:204 - Registered function for 'action_process_slot_selection'.
2025-07-04 21:43:27 - rasa_sdk.executor - INFO - register_function:204 - Registered function for 'action_confirm_rebooking'.
2025-07-04 21:43:27 - rasa_sdk.executor - INFO - register_function:204 - Registered function for 'action_cancel_rebooking'.
2025-07-04 21:43:27 - rasa_sdk.endpoint - INFO - run:161 - Starting plugins...
2025-07-04 21:43:27 - rasa_sdk.endpoint - INFO - run:167 - Action endpoint is up and running on http://0.0.0.0:5055
2025-07-04 21:43:54 - actions.utils - INFO - log_request_info:190 - Ejecutando action_init_rebooking para usuario: 1b
2025-07-04 21:43:54 - actions.rebooking_actions - INFO - run:247 - Slot actualizado: nombre_paciente = Dennis
2025-07-04 21:43:54 - actions.rebooking_actions - INFO - run:247 - Slot actualizado: id_especialidad = 9da27b49-fe81-4188-ba06-b13100fee18d
2025-07-04 21:43:54 - actions.rebooking_actions - INFO - run:247 - Slot actualizado: especialidad = 1 CONSULTA BARIÁTRICA
2025-07-04 21:43:54 - actions.rebooking_actions - INFO - run:247 - Slot actualizado: fecha_hora = 2025-03-18 090000
2025-07-04 21:43:54 - actions.rebooking_actions - INFO - run:247 - Slot actualizado: id_centro_medico = 223ce757-0a28-471b-a13a-a8ac010e5041
2025-07-04 21:43:54 - actions.rebooking_actions - INFO - run:247 - Slot actualizado: centro_medico = Clínica RedSalud Santiago
2025-07-04 21:43:54 - actions.rebooking_actions - INFO - run:247 - Slot actualizado: centro_medico_address = Av Lib Bernardo Ohiggins 4850,Santiago
2025-07-04 21:43:54 - actions.rebooking_actions - INFO - run:247 - Slot actualizado: centro_medico_google = httpsgoo.glmapsLmkXZn4PYRgkGrYZ9
2025-07-04 21:43:54 - actions.rebooking_actions - INFO - run:247 - Slot actualizado: centro_medico_comuna = Santiago
2025-07-04 21:43:54 - actions.rebooking_actions - INFO - run:247 - Slot actualizado: area_medica = Médica
2025-07-04 21:43:54 - actions.rebooking_actions - INFO - run:247 - Slot actualizado: bot_name = Ricardo
2025-07-04 21:43:54 - actions.rebooking_actions - INFO - run:247 - Slot actualizado: campaign_name = confirmacion
2025-07-04 21:43:54 - actions.rebooking_actions - INFO - run:247 - Slot actualizado: phone_number = 56956196028
2025-07-04 21:43:54 - actions.rebooking_actions - INFO - run:247 - Slot actualizado: preparations = False
2025-07-04 21:43:54 - actions.rebooking_actions - INFO - run:247 - Slot actualizado: conversation_id = 8fcf10cb-614d-4aa9-8720-b2a300fd978b
2025-07-04 21:43:54 - actions.rebooking_actions - INFO - run:247 - Slot actualizado: appointment_id = 8fcf10cb-614d-4aa9-8720-b2a300fd978b
2025-07-04 21:43:54 - actions.rebooking_actions - INFO - run:247 - Slot actualizado: appointment_type_id = 4139651e-c3c2-4839-97ef-cdd5428b9975
2025-07-04 21:43:54 - actions.rebooking_actions - INFO - run:247 - Slot actualizado: preparations_url = httpswww.google.cl
2025-07-04 21:43:54 - actions.rebooking_actions - INFO - run:247 - Slot actualizado: preparation_pdf_name = prepararions.pdf
2025-07-04 21:43:54 - actions.rebooking_actions - INFO - run:247 - Slot actualizado: resource_name = Miguel Angulo
2025-07-04 21:43:54 - actions.rebooking_actions - INFO - run:247 - Slot actualizado: resource_id = 7dbd3ae4-4ead-4fcf-a131-a5fa005e35a5
2025-07-04 21:43:54 - actions.rebooking_actions - INFO - run:247 - Slot actualizado: patient_id = 27a1bd0d-2028-4191-887c-acc9014582a9
2025-07-04 21:43:54 - actions.rebooking_actions - INFO - run:247 - Slot actualizado: service_id = 3229b16d-fa44-4a1e-84ea-a60b014e94ed
2025-07-04 21:43:54 - actions.rebooking_actions - INFO - run:247 - Slot actualizado: coverage_plan_id = f2d3cd94-b91c-420e-9ec0-a5f800ca8dbc
2025-07-04 21:43:54 - actions.rebooking_actions - INFO - run:247 - Slot actualizado: starting_location_id = c7e1f17b-45c6-45e0-b981-a5f800212bef
2025-07-04 21:43:54 - actions.rebooking_actions - INFO - run:247 - Slot actualizado: original_appointment_id = appointment_id_to_cancel
2025-07-04 21:43:54 - actions.rebooking_actions - INFO - run:247 - Slot actualizado: maximum_distance = 5
2025-07-04 21:43:54 - actions.rebooking_actions - INFO - run:247 - Slot actualizado: adjacent_slots = 1
2025-07-04 21:43:54 - actions.rebooking_actions - INFO - run:247 - Slot actualizado: app_timezone = -240
2025-07-04 21:43:54 - actions.rebooking_actions - INFO - run:247 - Slot actualizado: include_self_payer = False
2025-07-04 21:43:54 - actions.rebooking_actions - INFO - run:247 - Slot actualizado: expert_booking_mode = False
2025-07-04 21:43:54 - actions.rebooking_actions - INFO - run:247 - Slot actualizado: include_not_bookable = False
2025-07-04 21:43:54 - actions.rebooking_actions - INFO - run:247 - Slot actualizado: reschedule_appointment_id = 8fcf10cb-614d-4aa9-8720-b2a300fd978b
2025-07-04 21:43:54 - actions.rebooking_actions - INFO - run:251 - Contexto de rebooking configurado como: rebooking
2025-07-04 21:43:54 - actions.rebooking_actions - INFO - run:255 - Contexto general configurado como: None
2025-07-04 21:43:54 - actions.rebooking_actions - INFO - run:265 - Fecha formateada: 18/03/2025 a las 09:00
2025-07-04 21:43:54 - actions.rebooking_actions - INFO - run:300 - Contexto de rebooking inicializado exitosamente para usuario: 1b
2025-07-04 21:44:07 - actions.utils - INFO - log_request_info:190 - Ejecutando action_init_context para usuario: d20affb5-2a07-4af3-b7e6-b31100159436
2025-07-04 21:44:07 - actions.actions - INFO - run:502 - Slot actualizado: nombre_paciente = Cristian Cid Paredes
2025-07-04 21:44:07 - actions.actions - INFO - run:502 - Slot actualizado: id_especialidad = d76fee22-6a38-43ef-b824-a60d001fe940
2025-07-04 21:44:07 - actions.actions - INFO - run:502 - Slot actualizado: especialidad = MEDICINA GENERAL ADULTO
2025-07-04 21:44:07 - actions.actions - INFO - run:502 - Slot actualizado: fecha_hora = 2025-07-05T100000-0400
2025-07-04 21:44:07 - actions.actions - INFO - run:502 - Slot actualizado: id_centro_medico = 245fe6d5-3de4-40e2-aac5-ae01011e1a50
2025-07-04 21:44:07 - actions.actions - INFO - run:502 - Slot actualizado: centro_medico = RedSalud Mall Barrio Independencia
2025-07-04 21:44:07 - actions.actions - INFO - run:502 - Slot actualizado: centro_medico_address = Av.Independencia 565 (En Mall) T301,Independencia
2025-07-04 21:44:07 - actions.actions - INFO - run:502 - Slot actualizado: centro_medico_google = httpsgoo.glmapsPta8khHWgvp5ck6r5
2025-07-04 21:44:07 - actions.actions - INFO - run:502 - Slot actualizado: centro_medico_comuna = Independencia
2025-07-04 21:44:07 - actions.actions - INFO - run:502 - Slot actualizado: area_medica = Médica
2025-07-04 21:44:07 - actions.actions - INFO - run:502 - Slot actualizado: conversation_id = d20affb5-2a07-4af3-b7e6-b31100159436
2025-07-04 21:44:07 - actions.actions - INFO - run:502 - Slot actualizado: bot_name = BOT DEV
2025-07-04 21:44:07 - actions.actions - INFO - run:502 - Slot actualizado: campaign_name = reconfirmacion
2025-07-04 21:44:07 - actions.actions - INFO - run:502 - Slot actualizado: phone_number = 56999999999
2025-07-04 21:44:07 - actions.actions - INFO - run:502 - Slot actualizado: preparations = True
2025-07-04 21:44:07 - actions.actions - INFO - run:502 - Slot actualizado: tipo_mensaje = Confirmacion
2025-07-04 21:44:07 - actions.actions - INFO - run:502 - Slot actualizado: centro_medico_tipo = Clínica
2025-07-04 21:44:07 - actions.actions - INFO - run:502 - Slot actualizado: preparation_url = httpsdrive.google.comfiled13-7QlkXRg3-lVsDCe0LCdVDhw3FsJfASviewuspdrive_link
2025-07-04 21:44:07 - actions.actions - INFO - run:502 - Slot actualizado: resource_name = Miguel Andres Leal Morgado
2025-07-04 21:44:07 - actions.actions - INFO - run:502 - Slot actualizado: status = reconfirmation in progress
2025-07-04 21:44:07 - actions.actions - INFO - run:506 - Contexto configurado como: confirmación
2025-07-04 21:44:07 - actions.actions - INFO - run:510 - Contexto de rebooking limpiado
2025-07-04 21:44:07 - actions.actions - INFO - run:521 - Fecha formateada: 05/07/2025 a las 10:00
2025-07-04 21:44:07 - actions.actions - INFO - run:556 - Contexto inicializado exitosamente para usuario: d20affb5-2a07-4af3-b7e6-b31100159436
2025-07-04 21:46:03 - actions.utils - INFO - log_request_info:190 - Ejecutando action_init_rebooking para usuario: 1b
2025-07-04 21:46:03 - actions.rebooking_actions - INFO - run:247 - Slot actualizado: nombre_paciente = Dennis
2025-07-04 21:46:03 - actions.rebooking_actions - INFO - run:247 - Slot actualizado: id_especialidad = 9da27b49-fe81-4188-ba06-b13100fee18d
2025-07-04 21:46:03 - actions.rebooking_actions - INFO - run:247 - Slot actualizado: especialidad = 1 CONSULTA BARIÁTRICA
2025-07-04 21:46:03 - actions.rebooking_actions - INFO - run:247 - Slot actualizado: fecha_hora = 2025-03-18 090000
2025-07-04 21:46:03 - actions.rebooking_actions - INFO - run:247 - Slot actualizado: id_centro_medico = 223ce757-0a28-471b-a13a-a8ac010e5041
2025-07-04 21:46:03 - actions.rebooking_actions - INFO - run:247 - Slot actualizado: centro_medico = Clínica RedSalud Santiago
2025-07-04 21:46:03 - actions.rebooking_actions - INFO - run:247 - Slot actualizado: centro_medico_address = Av Lib Bernardo Ohiggins 4850,Santiago
2025-07-04 21:46:03 - actions.rebooking_actions - INFO - run:247 - Slot actualizado: centro_medico_google = httpsgoo.glmapsLmkXZn4PYRgkGrYZ9
2025-07-04 21:46:03 - actions.rebooking_actions - INFO - run:247 - Slot actualizado: centro_medico_comuna = Santiago
2025-07-04 21:46:03 - actions.rebooking_actions - INFO - run:247 - Slot actualizado: area_medica = Médica
2025-07-04 21:46:03 - actions.rebooking_actions - INFO - run:247 - Slot actualizado: bot_name = Ricardo
2025-07-04 21:46:03 - actions.rebooking_actions - INFO - run:247 - Slot actualizado: campaign_name = confirmacion
2025-07-04 21:46:03 - actions.rebooking_actions - INFO - run:247 - Slot actualizado: phone_number = 56956196028
2025-07-04 21:46:03 - actions.rebooking_actions - INFO - run:247 - Slot actualizado: preparations = False
2025-07-04 21:46:03 - actions.rebooking_actions - INFO - run:247 - Slot actualizado: conversation_id = 8fcf10cb-614d-4aa9-8720-b2a300fd978b
2025-07-04 21:46:03 - actions.rebooking_actions - INFO - run:247 - Slot actualizado: appointment_id = 8fcf10cb-614d-4aa9-8720-b2a300fd978b
2025-07-04 21:46:03 - actions.rebooking_actions - INFO - run:247 - Slot actualizado: appointment_type_id = 4139651e-c3c2-4839-97ef-cdd5428b9975
2025-07-04 21:46:03 - actions.rebooking_actions - INFO - run:247 - Slot actualizado: preparations_url = httpswww.google.cl
2025-07-04 21:46:03 - actions.rebooking_actions - INFO - run:247 - Slot actualizado: preparation_pdf_name = prepararions.pdf
2025-07-04 21:46:03 - actions.rebooking_actions - INFO - run:247 - Slot actualizado: resource_name = Miguel Angulo
2025-07-04 21:46:03 - actions.rebooking_actions - INFO - run:247 - Slot actualizado: resource_id = 7dbd3ae4-4ead-4fcf-a131-a5fa005e35a5
2025-07-04 21:46:03 - actions.rebooking_actions - INFO - run:247 - Slot actualizado: patient_id = 27a1bd0d-2028-4191-887c-acc9014582a9
2025-07-04 21:46:03 - actions.rebooking_actions - INFO - run:247 - Slot actualizado: service_id = 3229b16d-fa44-4a1e-84ea-a60b014e94ed
2025-07-04 21:46:03 - actions.rebooking_actions - INFO - run:247 - Slot actualizado: coverage_plan_id = f2d3cd94-b91c-420e-9ec0-a5f800ca8dbc
2025-07-04 21:46:03 - actions.rebooking_actions - INFO - run:247 - Slot actualizado: starting_location_id = c7e1f17b-45c6-45e0-b981-a5f800212bef
2025-07-04 21:46:03 - actions.rebooking_actions - INFO - run:247 - Slot actualizado: original_appointment_id = appointment_id_to_cancel
2025-07-04 21:46:03 - actions.rebooking_actions - INFO - run:247 - Slot actualizado: maximum_distance = 5
2025-07-04 21:46:03 - actions.rebooking_actions - INFO - run:247 - Slot actualizado: adjacent_slots = 1
2025-07-04 21:46:03 - actions.rebooking_actions - INFO - run:247 - Slot actualizado: app_timezone = -240
2025-07-04 21:46:03 - actions.rebooking_actions - INFO - run:247 - Slot actualizado: include_self_payer = False
2025-07-04 21:46:03 - actions.rebooking_actions - INFO - run:247 - Slot actualizado: expert_booking_mode = False
2025-07-04 21:46:03 - actions.rebooking_actions - INFO - run:247 - Slot actualizado: include_not_bookable = False
2025-07-04 21:46:03 - actions.rebooking_actions - INFO - run:247 - Slot actualizado: reschedule_appointment_id = 8fcf10cb-614d-4aa9-8720-b2a300fd978b
2025-07-04 21:46:03 - actions.rebooking_actions - INFO - run:251 - Contexto de rebooking configurado como: rebooking
2025-07-04 21:46:03 - actions.rebooking_actions - INFO - run:255 - Contexto general configurado como: None
2025-07-04 21:46:03 - actions.rebooking_actions - INFO - run:265 - Fecha formateada: 18/03/2025 a las 09:00
2025-07-04 21:46:03 - actions.rebooking_actions - INFO - run:300 - Contexto de rebooking inicializado exitosamente para usuario: 1b
2025-07-04 21:46:11 - actions.utils - INFO - log_request_info:190 - Ejecutando action_init_context para usuario: e06cad43-4a28-434f-9587-b3110016c559
2025-07-04 21:46:11 - actions.actions - INFO - run:502 - Slot actualizado: nombre_paciente = Javiera Belén Figueroa Cepeda
2025-07-04 21:46:11 - actions.actions - INFO - run:502 - Slot actualizado: id_especialidad = d76fee22-6a38-43ef-b824-a60d001fe940
2025-07-04 21:46:11 - actions.actions - INFO - run:502 - Slot actualizado: especialidad = MEDICINA GENERAL ADULTO
2025-07-04 21:46:11 - actions.actions - INFO - run:502 - Slot actualizado: fecha_hora = 2025-07-05T093000-0400
2025-07-04 21:46:11 - actions.actions - INFO - run:502 - Slot actualizado: id_centro_medico = 786a0d30-99d9-4ac4-b3bd-a5f8002128b5
2025-07-04 21:46:11 - actions.actions - INFO - run:502 - Slot actualizado: centro_medico = RedSalud La Florida
2025-07-04 21:46:11 - actions.actions - INFO - run:502 - Slot actualizado: centro_medico_address = Av. Vicuña Mackenna 7747 ,La Florida
2025-07-04 21:46:11 - actions.actions - INFO - run:502 - Slot actualizado: centro_medico_google = httpsgoo.glmapsLT9YsEqb3Ggptusq5
2025-07-04 21:46:11 - actions.actions - INFO - run:502 - Slot actualizado: centro_medico_comuna = La Florida
2025-07-04 21:46:11 - actions.actions - INFO - run:502 - Slot actualizado: area_medica = Médica
2025-07-04 21:46:11 - actions.actions - INFO - run:502 - Slot actualizado: conversation_id = e06cad43-4a28-434f-9587-b3110016c559
2025-07-04 21:46:11 - actions.actions - INFO - run:502 - Slot actualizado: bot_name = BOT DEV
2025-07-04 21:46:11 - actions.actions - INFO - run:502 - Slot actualizado: campaign_name = reconfirmacion
2025-07-04 21:46:11 - actions.actions - INFO - run:502 - Slot actualizado: phone_number = 56988889999
2025-07-04 21:46:11 - actions.actions - INFO - run:502 - Slot actualizado: preparations = True
2025-07-04 21:46:11 - actions.actions - INFO - run:502 - Slot actualizado: tipo_mensaje = Confirmacion
2025-07-04 21:46:11 - actions.actions - INFO - run:502 - Slot actualizado: centro_medico_tipo = Clínica
2025-07-04 21:46:11 - actions.actions - INFO - run:502 - Slot actualizado: preparation_url = httpsdrive.google.comfiled13-7QlkXRg3-lVsDCe0LCdVDhw3FsJfASviewuspdrive_link
2025-07-04 21:46:11 - actions.actions - INFO - run:502 - Slot actualizado: resource_name = Macarena Paz Muñoz Aranguiz
2025-07-04 21:46:11 - actions.actions - INFO - run:502 - Slot actualizado: status = reconfirmation in progress
2025-07-04 21:46:11 - actions.actions - INFO - run:506 - Contexto configurado como: confirmación
2025-07-04 21:46:11 - actions.actions - INFO - run:510 - Contexto de rebooking limpiado
2025-07-04 21:46:11 - actions.actions - INFO - run:521 - Fecha formateada: 05/07/2025 a las 09:30
2025-07-04 21:46:11 - actions.actions - INFO - run:556 - Contexto inicializado exitosamente para usuario: e06cad43-4a28-434f-9587-b3110016c559
2025-07-04 21:46:24 - actions.utils - INFO - log_request_info:190 - Ejecutando action_process_date_request para usuario: 1b
2025-07-04 21:46:24 - actions.rebooking_actions - INFO - run:334 - Procesando mensaje: martes a las 13
2025-07-04 21:46:24 - actions.rebooking_actions - INFO - run:352 - Fecha y hora extraídas: 8 de julio a las 13:00
2025-07-04 21:46:24 - actions.rebooking_actions - INFO - run:353 - Start time: 2025-07-08T13:00:00-04:00
2025-07-04 21:46:24 - actions.rebooking_actions - INFO - run:354 - End time: 2025-07-08T21:00:00-04:00
2025-07-04 21:46:24 - actions.rebooking_actions - INFO - _call_get_slots_optimized_with_values:630 - 🔍 Debugging slots:
2025-07-04 21:46:24 - actions.rebooking_actions - INFO - _call_get_slots_optimized_with_values:631 -    resource_name: Miguel Angulo
2025-07-04 21:46:24 - actions.rebooking_actions - INFO - _call_get_slots_optimized_with_values:632 -    id_especialidad: 9da27b49-fe81-4188-ba06-b13100fee18d
2025-07-04 21:46:24 - actions.rebooking_actions - INFO - _call_get_slots_optimized_with_values:633 -    autopago: None
2025-07-04 21:46:24 - actions.rebooking_actions - INFO - _call_get_slots_optimized_with_values:634 -    phone_number: 56956196028
2025-07-04 21:46:24 - actions.rebooking_actions - INFO - _call_get_slots_optimized_with_values:635 -    appointment_id: 8fcf10cb-614d-4aa9-8720-b2a300fd978b
2025-07-04 21:46:24 - actions.rebooking_actions - INFO - _call_get_slots_optimized_with_values:636 -    start_time (pasado): 2025-07-08T13:00:00-04:00
2025-07-04 21:46:24 - actions.rebooking_actions - INFO - _call_get_slots_optimized_with_values:637 -    end_time (pasado): 2025-07-08T21:00:00-04:00
2025-07-04 21:46:24 - actions.rebooking_actions - INFO - _call_get_slots_optimized_with_values:654 - 🔧 Llamando get_slots_optimized con parámetros:
2025-07-04 21:46:24 - actions.rebooking_actions - INFO - _call_get_slots_optimized_with_values:655 -    resource_id: Miguel Angulo
2025-07-04 21:46:24 - actions.rebooking_actions - INFO - _call_get_slots_optimized_with_values:656 -    service_id: 9da27b49-fe81-4188-ba06-b13100fee18d
2025-07-04 21:46:24 - actions.rebooking_actions - INFO - _call_get_slots_optimized_with_values:657 -    coverage_plan_id: 1
2025-07-04 21:46:24 - actions.rebooking_actions - INFO - _call_get_slots_optimized_with_values:658 -    start_time: 2025-07-08T13:00:00-04:00
2025-07-04 21:46:24 - actions.rebooking_actions - INFO - _call_get_slots_optimized_with_values:659 -    finish_time: 2025-07-08T21:00:00-04:00
2025-07-04 21:46:24 - actions.rebooking_actions - INFO - _call_get_slots_optimized_with_values:660 -    adjacent_slots: 1
2025-07-04 21:46:24 - actions.rebooking_actions - INFO - _call_get_slots_optimized_with_values:661 -    patient_id: 56956196028
2025-07-04 21:46:24 - actions.rebooking_actions - INFO - _call_get_slots_optimized_with_values:662 -    reschedule_appointment_id: 8fcf10cb-614d-4aa9-8720-b2a300fd978b
2025-07-04 21:46:24 - actions.rebooking_actions - INFO - _call_get_slots_optimized_with_values:665 - 📞 Invocando get_slots_optimized...
2025-07-04 21:46:24 - actions.rebooking_actions - INFO - get_slots_optimized:92 - 🌐 URL generada para get_slots_optimized:
2025-07-04 21:46:24 - actions.rebooking_actions - INFO - get_slots_optimized:93 -    Base URL: https://proxy-qa.redsalud.cl/AWAUsers/Slots/GetSlotsOptimized
2025-07-04 21:46:24 - actions.rebooking_actions - INFO - get_slots_optimized:94 -    Parámetros: {'includeSelfPayer': 'false', 'expertBookingMode': 'false', 'includeNotBookable': 'false', 'rescheduleAppointmentId': '8fcf10cb-614d-4aa9-8720-b2a300fd978b'}
2025-07-04 21:46:24 - actions.rebooking_actions - INFO - get_slots_optimized:95 -    Filtro: ResourceId eq Miguel Angulo and ServiceId eq 9da27b49-fe81-4188-ba06-b13100fee18d and CoveragePlanId eq 1 and (StartTime ge 2025-07-08T13:00:00-04:00) and (FinishTime le 2025-07-08T21:00:00-04:00) and AdjacentSlots eq 1 and PatientId eq 56956196028
2025-07-04 21:46:24 - actions.rebooking_actions - INFO - get_slots_optimized:96 -    URL completa: https://proxy-qa.redsalud.cl/AWAUsers/Slots/GetSlotsOptimized(includeSelfPayer=false,expertBookingMode=false,includeNotBookable=false,rescheduleAppointmentId=8fcf10cb-614d-4aa9-8720-b2a300fd978b)?$filter=ResourceId%20eq%20Miguel%20Angulo%20and%20ServiceId%20eq%209da27b49-fe81-4188-ba06-b13100fee18d%20and%20CoveragePlanId%20eq%201%20and%20%28StartTime%20ge%202025-07-08T13%3A00%3A00-04%3A00%29%20and%20%28FinishTime%20le%202025-07-08T21%3A00%3A00-04%3A00%29%20and%20AdjacentSlots%20eq%201%20and%20PatientId%20eq%2056956196028&$orderby=StartTime asc&$count=true
2025-07-04 21:46:24 - actions.rebooking_actions - INFO - get_slots_optimized:105 - 📋 Headers de la petición:
2025-07-04 21:46:24 - actions.rebooking_actions - INFO - get_slots_optimized:106 -    X-AppTimezone: -240
2025-07-04 21:46:24 - actions.rebooking_actions - INFO - get_slots_optimized:107 -    Authorization: Bearer [TOKEN_OCULTO]
2025-07-04 21:46:24 - actions.rebooking_actions - INFO - get_slots_optimized:110 - 🚀 Enviando petición GET a la API...
2025-07-04 21:46:25 - actions.rebooking_actions - ERROR - get_slots_optimized:144 - ❌ Error al llamar a la API: 400 Client Error: Bad Request for url: https://proxy-qa.redsalud.cl/AWAUsers/Slots/GetSlotsOptimized(includeSelfPayer=false,expertBookingMode=false,includeNotBookable=false,rescheduleAppointmentId=8fcf10cb-614d-4aa9-8720-b2a300fd978b)?$filter=ResourceId%20eq%20Miguel%20Angulo%20and%20ServiceId%20eq%209da27b49-fe81-4188-ba06-b13100fee18d%20and%20CoveragePlanId%20eq%201%20and%20%28StartTime%20ge%202025-07-08T13%3A00%3A00-04%3A00%29%20and%20%28FinishTime%20le%202025-07-08T21%3A00%3A00-04%3A00%29%20and%20AdjacentSlots%20eq%201%20and%20PatientId%20eq%2056956196028&$orderby=StartTime%20asc&$count=true
2025-07-04 21:46:25 - actions.rebooking_actions - ERROR - get_slots_optimized:146 -    Status Code: 400
2025-07-04 21:46:25 - actions.rebooking_actions - ERROR - get_slots_optimized:147 -    Response Text: {
  "error":{
    "code":"","message":"Syntax error at position 27 in 'ResourceId eq Miguel Angulo and ServiceId eq 9da27b49-fe81-4188-ba06-b13100fee18d and CoveragePlanId eq 1 and (StartTime ge 2025-07-08T13:00:00-04:00) and (FinishTime le 2025-07-08T21:00:00-04:00) and AdjacentSlots eq 1 and PatientId eq 56956196028'."
  }
}
2025-07-04 21:46:25 - actions.rebooking_actions - WARNING - _call_get_slots_optimized_with_values:680 - ⚠️ get_slots_optimized retornó None
2025-07-04 21:48:19 - root - INFO - setup_logging:89 - Logging configurado - Nivel: INFO, Archivo: bot_confirmaciones.log
2025-07-04 21:48:19 - root - INFO - setup_logging:90 - Bot de confirmaciones iniciando...
2025-07-04 21:48:20 - actions.database - INFO - _initialize_pool:47 - Pool de conexiones PostgreSQL inicializado correctamente
2025-07-04 21:48:20 - actions.actions - INFO - <module>:42 - APIGEE_API_URL: https://redsalud-qa.apigee.net
2025-07-04 21:48:20 - actions.actions - INFO - <module>:43 - APIGEE_USERNAME: 4tu0...
2025-07-04 21:48:20 - actions.actions - INFO - <module>:44 - APIGEE_PASSWORD: Configurado
2025-07-04 21:48:20 - actions - INFO - <module>:37 - Módulo de acciones cargado correctamente
2025-07-04 21:48:20 - rasa_sdk.executor - INFO - register_function:204 - Registered function for 'action_test_connection'.
2025-07-04 21:48:20 - rasa_sdk.executor - INFO - register_function:204 - Registered function for 'action_get_system_status'.
2025-07-04 21:48:20 - rasa_sdk.executor - INFO - register_function:204 - Registered function for 'action_validate_input'.
2025-07-04 21:48:20 - rasa_sdk.executor - INFO - register_function:204 - Registered function for 'action_handle_error'.
2025-07-04 21:48:20 - rasa_sdk.executor - INFO - register_function:204 - Registered function for 'action_fallback'.
2025-07-04 21:48:20 - rasa_sdk.executor - INFO - register_function:204 - Registered function for 'action_init_context'.
2025-07-04 21:48:20 - rasa_sdk.executor - INFO - register_function:204 - Registered function for 'action_format_date'.
2025-07-04 21:48:20 - rasa_sdk.executor - INFO - register_function:204 - Registered function for 'action_cancel_appointment'.
2025-07-04 21:48:20 - rasa_sdk.executor - INFO - register_function:204 - Registered function for 'action_confirm_appointment'.
2025-07-04 21:48:20 - rasa_sdk.executor - INFO - register_function:204 - Registered function for 'action_process_date_request'.
2025-07-04 21:48:20 - rasa_sdk.executor - INFO - register_function:204 - Registered function for 'action_init_rebooking'.
2025-07-04 21:48:20 - rasa_sdk.executor - INFO - register_function:202 - Re-registered function for 'action_process_date_request'.
2025-07-04 21:48:20 - rasa_sdk.executor - INFO - register_function:204 - Registered function for 'action_show_available_slots'.
2025-07-04 21:48:20 - rasa_sdk.executor - INFO - register_function:204 - Registered function for 'action_process_slot_selection'.
2025-07-04 21:48:20 - rasa_sdk.executor - INFO - register_function:204 - Registered function for 'action_confirm_rebooking'.
2025-07-04 21:48:20 - rasa_sdk.executor - INFO - register_function:204 - Registered function for 'action_cancel_rebooking'.
2025-07-04 21:48:20 - rasa_sdk.endpoint - INFO - run:161 - Starting plugins...
2025-07-04 21:48:20 - rasa_sdk.endpoint - INFO - run:167 - Action endpoint is up and running on http://0.0.0.0:5055
2025-07-04 21:49:11 - actions.utils - INFO - log_request_info:190 - Ejecutando action_init_rebooking para usuario: 1b
2025-07-04 21:49:11 - actions.rebooking_actions - INFO - run:247 - Slot actualizado: nombre_paciente = Dennis
2025-07-04 21:49:11 - actions.rebooking_actions - INFO - run:247 - Slot actualizado: id_especialidad = 9da27b49-fe81-4188-ba06-b13100fee18d
2025-07-04 21:49:11 - actions.rebooking_actions - INFO - run:247 - Slot actualizado: especialidad = 1 CONSULTA BARIÁTRICA
2025-07-04 21:49:11 - actions.rebooking_actions - INFO - run:247 - Slot actualizado: fecha_hora = 2025-03-18 090000
2025-07-04 21:49:11 - actions.rebooking_actions - INFO - run:247 - Slot actualizado: id_centro_medico = 223ce757-0a28-471b-a13a-a8ac010e5041
2025-07-04 21:49:11 - actions.rebooking_actions - INFO - run:247 - Slot actualizado: centro_medico = Clínica RedSalud Santiago
2025-07-04 21:49:11 - actions.rebooking_actions - INFO - run:247 - Slot actualizado: centro_medico_address = Av Lib Bernardo Ohiggins 4850,Santiago
2025-07-04 21:49:11 - actions.rebooking_actions - INFO - run:247 - Slot actualizado: centro_medico_google = httpsgoo.glmapsLmkXZn4PYRgkGrYZ9
2025-07-04 21:49:11 - actions.rebooking_actions - INFO - run:247 - Slot actualizado: centro_medico_comuna = Santiago
2025-07-04 21:49:11 - actions.rebooking_actions - INFO - run:247 - Slot actualizado: area_medica = Médica
2025-07-04 21:49:11 - actions.rebooking_actions - INFO - run:247 - Slot actualizado: bot_name = Ricardo
2025-07-04 21:49:11 - actions.rebooking_actions - INFO - run:247 - Slot actualizado: campaign_name = confirmacion
2025-07-04 21:49:11 - actions.rebooking_actions - INFO - run:247 - Slot actualizado: phone_number = 56956196028
2025-07-04 21:49:11 - actions.rebooking_actions - INFO - run:247 - Slot actualizado: preparations = False
2025-07-04 21:49:11 - actions.rebooking_actions - INFO - run:247 - Slot actualizado: conversation_id = 8fcf10cb-614d-4aa9-8720-b2a300fd978b
2025-07-04 21:49:11 - actions.rebooking_actions - INFO - run:247 - Slot actualizado: appointment_id = 8fcf10cb-614d-4aa9-8720-b2a300fd978b
2025-07-04 21:49:11 - actions.rebooking_actions - INFO - run:247 - Slot actualizado: appointment_type_id = 4139651e-c3c2-4839-97ef-cdd5428b9975
2025-07-04 21:49:11 - actions.rebooking_actions - INFO - run:247 - Slot actualizado: preparations_url = httpswww.google.cl
2025-07-04 21:49:11 - actions.rebooking_actions - INFO - run:247 - Slot actualizado: preparation_pdf_name = prepararions.pdf
2025-07-04 21:49:11 - actions.rebooking_actions - INFO - run:247 - Slot actualizado: resource_name = Miguel Angulo
2025-07-04 21:49:11 - actions.rebooking_actions - INFO - run:247 - Slot actualizado: resource_id = 7dbd3ae4-4ead-4fcf-a131-a5fa005e35a5
2025-07-04 21:49:11 - actions.rebooking_actions - INFO - run:247 - Slot actualizado: patient_id = 27a1bd0d-2028-4191-887c-acc9014582a9
2025-07-04 21:49:11 - actions.rebooking_actions - INFO - run:247 - Slot actualizado: service_id = 3229b16d-fa44-4a1e-84ea-a60b014e94ed
2025-07-04 21:49:11 - actions.rebooking_actions - INFO - run:247 - Slot actualizado: coverage_plan_id = f2d3cd94-b91c-420e-9ec0-a5f800ca8dbc
2025-07-04 21:49:11 - actions.rebooking_actions - INFO - run:247 - Slot actualizado: starting_location_id = c7e1f17b-45c6-45e0-b981-a5f800212bef
2025-07-04 21:49:11 - actions.rebooking_actions - INFO - run:247 - Slot actualizado: original_appointment_id = appointment_id_to_cancel
2025-07-04 21:49:11 - actions.rebooking_actions - INFO - run:247 - Slot actualizado: maximum_distance = 5
2025-07-04 21:49:11 - actions.rebooking_actions - INFO - run:247 - Slot actualizado: adjacent_slots = 1
2025-07-04 21:49:11 - actions.rebooking_actions - INFO - run:247 - Slot actualizado: app_timezone = -240
2025-07-04 21:49:11 - actions.rebooking_actions - INFO - run:247 - Slot actualizado: include_self_payer = False
2025-07-04 21:49:11 - actions.rebooking_actions - INFO - run:247 - Slot actualizado: expert_booking_mode = False
2025-07-04 21:49:11 - actions.rebooking_actions - INFO - run:247 - Slot actualizado: include_not_bookable = False
2025-07-04 21:49:11 - actions.rebooking_actions - INFO - run:247 - Slot actualizado: reschedule_appointment_id = 8fcf10cb-614d-4aa9-8720-b2a300fd978b
2025-07-04 21:49:11 - actions.rebooking_actions - INFO - run:251 - Contexto de rebooking configurado como: rebooking
2025-07-04 21:49:11 - actions.rebooking_actions - INFO - run:255 - Contexto general configurado como: None
2025-07-04 21:49:11 - actions.rebooking_actions - INFO - run:265 - Fecha formateada: 18/03/2025 a las 09:00
2025-07-04 21:49:11 - actions.rebooking_actions - INFO - run:300 - Contexto de rebooking inicializado exitosamente para usuario: 1b
2025-07-04 21:49:34 - actions.utils - INFO - log_request_info:190 - Ejecutando action_process_date_request para usuario: 1b
2025-07-04 21:49:34 - actions.rebooking_actions - INFO - run:334 - Procesando mensaje: miercoles a las 19
2025-07-04 21:49:48 - actions.utils - INFO - log_request_info:190 - Ejecutando action_process_date_request para usuario: 1b
2025-07-04 21:49:48 - actions.rebooking_actions - INFO - run:334 - Procesando mensaje: miércoles a las 19
2025-07-04 21:49:48 - actions.rebooking_actions - INFO - run:352 - Fecha y hora extraídas: 9 de julio a las 19:00
2025-07-04 21:49:48 - actions.rebooking_actions - INFO - run:353 - Start time: 2025-07-09T19:00:00-04:00
2025-07-04 21:49:48 - actions.rebooking_actions - INFO - run:354 - End time: 2025-07-10T03:00:00-04:00
2025-07-04 21:49:48 - actions.rebooking_actions - INFO - _call_get_slots_optimized_with_values:630 - 🔍 Debugging slots:
2025-07-04 21:49:48 - actions.rebooking_actions - INFO - _call_get_slots_optimized_with_values:631 -    resource_id: 7dbd3ae4-4ead-4fcf-a131-a5fa005e35a5
2025-07-04 21:49:48 - actions.rebooking_actions - INFO - _call_get_slots_optimized_with_values:632 -    id_especialidad: 9da27b49-fe81-4188-ba06-b13100fee18d
2025-07-04 21:49:48 - actions.rebooking_actions - INFO - _call_get_slots_optimized_with_values:633 -    autopago: None
2025-07-04 21:49:48 - actions.rebooking_actions - INFO - _call_get_slots_optimized_with_values:634 -    phone_number: 56956196028
2025-07-04 21:49:48 - actions.rebooking_actions - INFO - _call_get_slots_optimized_with_values:635 -    appointment_id: 8fcf10cb-614d-4aa9-8720-b2a300fd978b
2025-07-04 21:49:48 - actions.rebooking_actions - INFO - _call_get_slots_optimized_with_values:636 -    start_time (pasado): 2025-07-09T19:00:00-04:00
2025-07-04 21:49:48 - actions.rebooking_actions - INFO - _call_get_slots_optimized_with_values:637 -    end_time (pasado): 2025-07-10T03:00:00-04:00
2025-07-04 21:49:48 - actions.rebooking_actions - INFO - _call_get_slots_optimized_with_values:654 - 🔧 Llamando get_slots_optimized con parámetros:
2025-07-04 21:49:48 - actions.rebooking_actions - INFO - _call_get_slots_optimized_with_values:655 -    resource_id: 7dbd3ae4-4ead-4fcf-a131-a5fa005e35a5
2025-07-04 21:49:48 - actions.rebooking_actions - INFO - _call_get_slots_optimized_with_values:656 -    service_id: 9da27b49-fe81-4188-ba06-b13100fee18d
2025-07-04 21:49:48 - actions.rebooking_actions - INFO - _call_get_slots_optimized_with_values:657 -    coverage_plan_id: 1
2025-07-04 21:49:48 - actions.rebooking_actions - INFO - _call_get_slots_optimized_with_values:658 -    start_time: 2025-07-09T19:00:00-04:00
2025-07-04 21:49:48 - actions.rebooking_actions - INFO - _call_get_slots_optimized_with_values:659 -    finish_time: 2025-07-10T03:00:00-04:00
2025-07-04 21:49:48 - actions.rebooking_actions - INFO - _call_get_slots_optimized_with_values:660 -    adjacent_slots: 1
2025-07-04 21:49:48 - actions.rebooking_actions - INFO - _call_get_slots_optimized_with_values:661 -    patient_id: 56956196028
2025-07-04 21:49:48 - actions.rebooking_actions - INFO - _call_get_slots_optimized_with_values:662 -    reschedule_appointment_id: 8fcf10cb-614d-4aa9-8720-b2a300fd978b
2025-07-04 21:49:48 - actions.rebooking_actions - INFO - _call_get_slots_optimized_with_values:665 - 📞 Invocando get_slots_optimized...
2025-07-04 21:49:48 - actions.rebooking_actions - INFO - get_slots_optimized:92 - 🌐 URL generada para get_slots_optimized:
2025-07-04 21:49:48 - actions.rebooking_actions - INFO - get_slots_optimized:93 -    Base URL: https://proxy-qa.redsalud.cl/AWAUsers/Slots/GetSlotsOptimized
2025-07-04 21:49:48 - actions.rebooking_actions - INFO - get_slots_optimized:94 -    Parámetros: {'includeSelfPayer': 'false', 'expertBookingMode': 'false', 'includeNotBookable': 'false', 'rescheduleAppointmentId': '8fcf10cb-614d-4aa9-8720-b2a300fd978b'}
2025-07-04 21:49:48 - actions.rebooking_actions - INFO - get_slots_optimized:95 -    Filtro: ResourceId eq 7dbd3ae4-4ead-4fcf-a131-a5fa005e35a5 and ServiceId eq 9da27b49-fe81-4188-ba06-b13100fee18d and CoveragePlanId eq 1 and (StartTime ge 2025-07-09T19:00:00-04:00) and (FinishTime le 2025-07-10T03:00:00-04:00) and AdjacentSlots eq 1 and PatientId eq 56956196028
2025-07-04 21:49:48 - actions.rebooking_actions - INFO - get_slots_optimized:96 -    URL completa: https://proxy-qa.redsalud.cl/AWAUsers/Slots/GetSlotsOptimized(includeSelfPayer=false,expertBookingMode=false,includeNotBookable=false,rescheduleAppointmentId=8fcf10cb-614d-4aa9-8720-b2a300fd978b)?$filter=ResourceId%20eq%207dbd3ae4-4ead-4fcf-a131-a5fa005e35a5%20and%20ServiceId%20eq%209da27b49-fe81-4188-ba06-b13100fee18d%20and%20CoveragePlanId%20eq%201%20and%20%28StartTime%20ge%202025-07-09T19%3A00%3A00-04%3A00%29%20and%20%28FinishTime%20le%202025-07-10T03%3A00%3A00-04%3A00%29%20and%20AdjacentSlots%20eq%201%20and%20PatientId%20eq%2056956196028&$orderby=StartTime asc&$count=true
2025-07-04 21:49:48 - actions.rebooking_actions - INFO - get_slots_optimized:105 - 📋 Headers de la petición:
2025-07-04 21:49:48 - actions.rebooking_actions - INFO - get_slots_optimized:106 -    X-AppTimezone: -240
2025-07-04 21:49:48 - actions.rebooking_actions - INFO - get_slots_optimized:107 -    Authorization: Bearer [TOKEN_OCULTO]
2025-07-04 21:49:48 - actions.rebooking_actions - INFO - get_slots_optimized:110 - 🚀 Enviando petición GET a la API...
2025-07-04 21:49:49 - actions.rebooking_actions - ERROR - get_slots_optimized:144 - ❌ Error al llamar a la API: 400 Client Error: Bad Request for url: https://proxy-qa.redsalud.cl/AWAUsers/Slots/GetSlotsOptimized(includeSelfPayer=false,expertBookingMode=false,includeNotBookable=false,rescheduleAppointmentId=8fcf10cb-614d-4aa9-8720-b2a300fd978b)?$filter=ResourceId%20eq%207dbd3ae4-4ead-4fcf-a131-a5fa005e35a5%20and%20ServiceId%20eq%209da27b49-fe81-4188-ba06-b13100fee18d%20and%20CoveragePlanId%20eq%201%20and%20%28StartTime%20ge%202025-07-09T19%3A00%3A00-04%3A00%29%20and%20%28FinishTime%20le%202025-07-10T03%3A00%3A00-04%3A00%29%20and%20AdjacentSlots%20eq%201%20and%20PatientId%20eq%2056956196028&$orderby=StartTime%20asc&$count=true
2025-07-04 21:49:49 - actions.rebooking_actions - ERROR - get_slots_optimized:146 -    Status Code: 400
2025-07-04 21:49:49 - actions.rebooking_actions - ERROR - get_slots_optimized:147 -    Response Text: {
  "error":{
    "code":"","message":"A binary operator with incompatible types was detected. Found operand types 'Edm.Guid' and 'Edm.Int32' for operator kind 'Equal'."
  }
}
2025-07-04 21:49:49 - actions.rebooking_actions - WARNING - _call_get_slots_optimized_with_values:680 - ⚠️ get_slots_optimized retornó None
2025-07-04 21:52:04 - root - INFO - setup_logging:89 - Logging configurado - Nivel: INFO, Archivo: bot_confirmaciones.log
2025-07-04 21:52:04 - root - INFO - setup_logging:90 - Bot de confirmaciones iniciando...
2025-07-04 21:52:05 - actions.database - INFO - _initialize_pool:47 - Pool de conexiones PostgreSQL inicializado correctamente
2025-07-04 21:52:05 - actions.actions - INFO - <module>:42 - APIGEE_API_URL: https://redsalud-qa.apigee.net
2025-07-04 21:52:05 - actions.actions - INFO - <module>:43 - APIGEE_USERNAME: 4tu0...
2025-07-04 21:52:05 - actions.actions - INFO - <module>:44 - APIGEE_PASSWORD: Configurado
2025-07-04 21:52:05 - actions - INFO - <module>:37 - Módulo de acciones cargado correctamente
2025-07-04 21:52:05 - rasa_sdk.executor - INFO - register_function:204 - Registered function for 'action_test_connection'.
2025-07-04 21:52:05 - rasa_sdk.executor - INFO - register_function:204 - Registered function for 'action_get_system_status'.
2025-07-04 21:52:05 - rasa_sdk.executor - INFO - register_function:204 - Registered function for 'action_validate_input'.
2025-07-04 21:52:05 - rasa_sdk.executor - INFO - register_function:204 - Registered function for 'action_handle_error'.
2025-07-04 21:52:05 - rasa_sdk.executor - INFO - register_function:204 - Registered function for 'action_fallback'.
2025-07-04 21:52:05 - rasa_sdk.executor - INFO - register_function:204 - Registered function for 'action_init_context'.
2025-07-04 21:52:05 - rasa_sdk.executor - INFO - register_function:204 - Registered function for 'action_format_date'.
2025-07-04 21:52:05 - rasa_sdk.executor - INFO - register_function:204 - Registered function for 'action_cancel_appointment'.
2025-07-04 21:52:05 - rasa_sdk.executor - INFO - register_function:204 - Registered function for 'action_confirm_appointment'.
2025-07-04 21:52:05 - rasa_sdk.executor - INFO - register_function:204 - Registered function for 'action_process_date_request'.
2025-07-04 21:52:05 - rasa_sdk.executor - INFO - register_function:204 - Registered function for 'action_init_rebooking'.
2025-07-04 21:52:05 - rasa_sdk.executor - INFO - register_function:202 - Re-registered function for 'action_process_date_request'.
2025-07-04 21:52:05 - rasa_sdk.executor - INFO - register_function:204 - Registered function for 'action_show_available_slots'.
2025-07-04 21:52:05 - rasa_sdk.executor - INFO - register_function:204 - Registered function for 'action_process_slot_selection'.
2025-07-04 21:52:05 - rasa_sdk.executor - INFO - register_function:204 - Registered function for 'action_confirm_rebooking'.
2025-07-04 21:52:05 - rasa_sdk.executor - INFO - register_function:204 - Registered function for 'action_cancel_rebooking'.
2025-07-04 21:52:05 - rasa_sdk.endpoint - INFO - run:161 - Starting plugins...
2025-07-04 21:52:05 - rasa_sdk.endpoint - INFO - run:167 - Action endpoint is up and running on http://0.0.0.0:5055
2025-07-04 21:52:28 - actions.utils - INFO - log_request_info:190 - Ejecutando action_init_rebooking para usuario: 1b
2025-07-04 21:52:28 - actions.rebooking_actions - INFO - run:247 - Slot actualizado: nombre_paciente = Dennis
2025-07-04 21:52:28 - actions.rebooking_actions - INFO - run:247 - Slot actualizado: id_especialidad = 9da27b49-fe81-4188-ba06-b13100fee18d
2025-07-04 21:52:28 - actions.rebooking_actions - INFO - run:247 - Slot actualizado: especialidad = 1 CONSULTA BARIÁTRICA
2025-07-04 21:52:28 - actions.rebooking_actions - INFO - run:247 - Slot actualizado: fecha_hora = 2025-03-18 090000
2025-07-04 21:52:28 - actions.rebooking_actions - INFO - run:247 - Slot actualizado: id_centro_medico = 223ce757-0a28-471b-a13a-a8ac010e5041
2025-07-04 21:52:28 - actions.rebooking_actions - INFO - run:247 - Slot actualizado: centro_medico = Clínica RedSalud Santiago
2025-07-04 21:52:28 - actions.rebooking_actions - INFO - run:247 - Slot actualizado: centro_medico_address = Av Lib Bernardo Ohiggins 4850,Santiago
2025-07-04 21:52:28 - actions.rebooking_actions - INFO - run:247 - Slot actualizado: centro_medico_google = httpsgoo.glmapsLmkXZn4PYRgkGrYZ9
2025-07-04 21:52:28 - actions.rebooking_actions - INFO - run:247 - Slot actualizado: centro_medico_comuna = Santiago
2025-07-04 21:52:28 - actions.rebooking_actions - INFO - run:247 - Slot actualizado: area_medica = Médica
2025-07-04 21:52:28 - actions.rebooking_actions - INFO - run:247 - Slot actualizado: bot_name = Ricardo
2025-07-04 21:52:28 - actions.rebooking_actions - INFO - run:247 - Slot actualizado: campaign_name = confirmacion
2025-07-04 21:52:28 - actions.rebooking_actions - INFO - run:247 - Slot actualizado: phone_number = 56956196028
2025-07-04 21:52:28 - actions.rebooking_actions - INFO - run:247 - Slot actualizado: preparations = False
2025-07-04 21:52:28 - actions.rebooking_actions - INFO - run:247 - Slot actualizado: conversation_id = 8fcf10cb-614d-4aa9-8720-b2a300fd978b
2025-07-04 21:52:28 - actions.rebooking_actions - INFO - run:247 - Slot actualizado: appointment_id = 8fcf10cb-614d-4aa9-8720-b2a300fd978b
2025-07-04 21:52:28 - actions.rebooking_actions - INFO - run:247 - Slot actualizado: appointment_type_id = 4139651e-c3c2-4839-97ef-cdd5428b9975
2025-07-04 21:52:28 - actions.rebooking_actions - INFO - run:247 - Slot actualizado: preparations_url = httpswww.google.cl
2025-07-04 21:52:28 - actions.rebooking_actions - INFO - run:247 - Slot actualizado: preparation_pdf_name = prepararions.pdf
2025-07-04 21:52:28 - actions.rebooking_actions - INFO - run:247 - Slot actualizado: resource_name = Miguel Angulo
2025-07-04 21:52:28 - actions.rebooking_actions - INFO - run:247 - Slot actualizado: resource_id = 7dbd3ae4-4ead-4fcf-a131-a5fa005e35a5
2025-07-04 21:52:28 - actions.rebooking_actions - INFO - run:247 - Slot actualizado: patient_id = 27a1bd0d-2028-4191-887c-acc9014582a9
2025-07-04 21:52:28 - actions.rebooking_actions - INFO - run:247 - Slot actualizado: service_id = 3229b16d-fa44-4a1e-84ea-a60b014e94ed
2025-07-04 21:52:28 - actions.rebooking_actions - INFO - run:247 - Slot actualizado: coverage_plan_id = f2d3cd94-b91c-420e-9ec0-a5f800ca8dbc
2025-07-04 21:52:28 - actions.rebooking_actions - INFO - run:247 - Slot actualizado: starting_location_id = c7e1f17b-45c6-45e0-b981-a5f800212bef
2025-07-04 21:52:28 - actions.rebooking_actions - INFO - run:247 - Slot actualizado: original_appointment_id = appointment_id_to_cancel
2025-07-04 21:52:28 - actions.rebooking_actions - INFO - run:247 - Slot actualizado: maximum_distance = 5
2025-07-04 21:52:28 - actions.rebooking_actions - INFO - run:247 - Slot actualizado: adjacent_slots = 1
2025-07-04 21:52:28 - actions.rebooking_actions - INFO - run:247 - Slot actualizado: app_timezone = -240
2025-07-04 21:52:28 - actions.rebooking_actions - INFO - run:247 - Slot actualizado: include_self_payer = False
2025-07-04 21:52:28 - actions.rebooking_actions - INFO - run:247 - Slot actualizado: expert_booking_mode = False
2025-07-04 21:52:28 - actions.rebooking_actions - INFO - run:247 - Slot actualizado: include_not_bookable = False
2025-07-04 21:52:28 - actions.rebooking_actions - INFO - run:247 - Slot actualizado: reschedule_appointment_id = 8fcf10cb-614d-4aa9-8720-b2a300fd978b
2025-07-04 21:52:28 - actions.rebooking_actions - INFO - run:251 - Contexto de rebooking configurado como: rebooking
2025-07-04 21:52:28 - actions.rebooking_actions - INFO - run:255 - Contexto general configurado como: None
2025-07-04 21:52:28 - actions.rebooking_actions - INFO - run:265 - Fecha formateada: 18/03/2025 a las 09:00
2025-07-04 21:52:28 - actions.rebooking_actions - INFO - run:300 - Contexto de rebooking inicializado exitosamente para usuario: 1b
2025-07-04 21:52:47 - actions.utils - INFO - log_request_info:190 - Ejecutando action_process_date_request para usuario: 1b
2025-07-04 21:52:47 - actions.rebooking_actions - INFO - run:334 - Procesando mensaje: mañana a las 19
2025-07-04 21:52:47 - actions.rebooking_actions - INFO - run:352 - Fecha y hora extraídas: 5 de julio a las 19:00
2025-07-04 21:52:47 - actions.rebooking_actions - INFO - run:353 - Start time: 2025-07-05T19:00:00-04:00
2025-07-04 21:52:47 - actions.rebooking_actions - INFO - run:354 - End time: 2025-07-06T03:00:00-04:00
2025-07-04 21:52:47 - actions.rebooking_actions - INFO - _call_get_slots_optimized_with_values:630 - 🔍 Debugging slots:
2025-07-04 21:52:47 - actions.rebooking_actions - INFO - _call_get_slots_optimized_with_values:631 -    resource_id: 7dbd3ae4-4ead-4fcf-a131-a5fa005e35a5
2025-07-04 21:52:47 - actions.rebooking_actions - INFO - _call_get_slots_optimized_with_values:632 -    id_especialidad: 9da27b49-fe81-4188-ba06-b13100fee18d
2025-07-04 21:52:47 - actions.rebooking_actions - INFO - _call_get_slots_optimized_with_values:633 -    autopago: None
2025-07-04 21:52:47 - actions.rebooking_actions - INFO - _call_get_slots_optimized_with_values:634 -    phone_number: 56956196028
2025-07-04 21:52:47 - actions.rebooking_actions - INFO - _call_get_slots_optimized_with_values:635 -    appointment_id: 8fcf10cb-614d-4aa9-8720-b2a300fd978b
2025-07-04 21:52:47 - actions.rebooking_actions - INFO - _call_get_slots_optimized_with_values:636 -    start_time (pasado): 2025-07-05T19:00:00-04:00
2025-07-04 21:52:47 - actions.rebooking_actions - INFO - _call_get_slots_optimized_with_values:637 -    end_time (pasado): 2025-07-06T03:00:00-04:00
2025-07-04 21:52:47 - actions.rebooking_actions - INFO - _call_get_slots_optimized_with_values:654 - 🔧 Llamando get_slots_optimized con parámetros:
2025-07-04 21:52:47 - actions.rebooking_actions - INFO - _call_get_slots_optimized_with_values:655 -    resource_id: 7dbd3ae4-4ead-4fcf-a131-a5fa005e35a5
2025-07-04 21:52:47 - actions.rebooking_actions - INFO - _call_get_slots_optimized_with_values:656 -    service_id: 9da27b49-fe81-4188-ba06-b13100fee18d
2025-07-04 21:52:47 - actions.rebooking_actions - INFO - _call_get_slots_optimized_with_values:657 -    coverage_plan_id: 1
2025-07-04 21:52:47 - actions.rebooking_actions - INFO - _call_get_slots_optimized_with_values:658 -    start_time: 2025-07-05T19:00:00-04:00
2025-07-04 21:52:47 - actions.rebooking_actions - INFO - _call_get_slots_optimized_with_values:659 -    finish_time: 2025-07-06T03:00:00-04:00
2025-07-04 21:52:47 - actions.rebooking_actions - INFO - _call_get_slots_optimized_with_values:660 -    adjacent_slots: 1
2025-07-04 21:52:47 - actions.rebooking_actions - INFO - _call_get_slots_optimized_with_values:661 -    patient_id: 27a1bd0d-2028-4191-887c-acc9014582a9
2025-07-04 21:52:47 - actions.rebooking_actions - INFO - _call_get_slots_optimized_with_values:662 -    reschedule_appointment_id: 8fcf10cb-614d-4aa9-8720-b2a300fd978b
2025-07-04 21:52:47 - actions.rebooking_actions - INFO - _call_get_slots_optimized_with_values:665 - 📞 Invocando get_slots_optimized...
2025-07-04 21:52:47 - actions.rebooking_actions - INFO - get_slots_optimized:92 - 🌐 URL generada para get_slots_optimized:
2025-07-04 21:52:47 - actions.rebooking_actions - INFO - get_slots_optimized:93 -    Base URL: https://proxy-qa.redsalud.cl/AWAUsers/Slots/GetSlotsOptimized
2025-07-04 21:52:47 - actions.rebooking_actions - INFO - get_slots_optimized:94 -    Parámetros: {'includeSelfPayer': 'false', 'expertBookingMode': 'false', 'includeNotBookable': 'false', 'rescheduleAppointmentId': '8fcf10cb-614d-4aa9-8720-b2a300fd978b'}
2025-07-04 21:52:47 - actions.rebooking_actions - INFO - get_slots_optimized:95 -    Filtro: ResourceId eq 7dbd3ae4-4ead-4fcf-a131-a5fa005e35a5 and ServiceId eq 9da27b49-fe81-4188-ba06-b13100fee18d and CoveragePlanId eq 1 and (StartTime ge 2025-07-05T19:00:00-04:00) and (FinishTime le 2025-07-06T03:00:00-04:00) and AdjacentSlots eq 1 and PatientId eq 27a1bd0d-2028-4191-887c-acc9014582a9
2025-07-04 21:52:47 - actions.rebooking_actions - INFO - get_slots_optimized:96 -    URL completa: https://proxy-qa.redsalud.cl/AWAUsers/Slots/GetSlotsOptimized(includeSelfPayer=false,expertBookingMode=false,includeNotBookable=false,rescheduleAppointmentId=8fcf10cb-614d-4aa9-8720-b2a300fd978b)?$filter=ResourceId%20eq%207dbd3ae4-4ead-4fcf-a131-a5fa005e35a5%20and%20ServiceId%20eq%209da27b49-fe81-4188-ba06-b13100fee18d%20and%20CoveragePlanId%20eq%201%20and%20%28StartTime%20ge%202025-07-05T19%3A00%3A00-04%3A00%29%20and%20%28FinishTime%20le%202025-07-06T03%3A00%3A00-04%3A00%29%20and%20AdjacentSlots%20eq%201%20and%20PatientId%20eq%2027a1bd0d-2028-4191-887c-acc9014582a9&$orderby=StartTime asc&$count=true
2025-07-04 21:52:47 - actions.rebooking_actions - INFO - get_slots_optimized:105 - 📋 Headers de la petición:
2025-07-04 21:52:47 - actions.rebooking_actions - INFO - get_slots_optimized:106 -    X-AppTimezone: -240
2025-07-04 21:52:47 - actions.rebooking_actions - INFO - get_slots_optimized:107 -    Authorization: Bearer [TOKEN_OCULTO]
2025-07-04 21:52:47 - actions.rebooking_actions - INFO - get_slots_optimized:110 - 🚀 Enviando petición GET a la API...
2025-07-04 21:52:48 - actions.rebooking_actions - ERROR - get_slots_optimized:144 - ❌ Error al llamar a la API: 400 Client Error: Bad Request for url: https://proxy-qa.redsalud.cl/AWAUsers/Slots/GetSlotsOptimized(includeSelfPayer=false,expertBookingMode=false,includeNotBookable=false,rescheduleAppointmentId=8fcf10cb-614d-4aa9-8720-b2a300fd978b)?$filter=ResourceId%20eq%207dbd3ae4-4ead-4fcf-a131-a5fa005e35a5%20and%20ServiceId%20eq%209da27b49-fe81-4188-ba06-b13100fee18d%20and%20CoveragePlanId%20eq%201%20and%20%28StartTime%20ge%202025-07-05T19%3A00%3A00-04%3A00%29%20and%20%28FinishTime%20le%202025-07-06T03%3A00%3A00-04%3A00%29%20and%20AdjacentSlots%20eq%201%20and%20PatientId%20eq%2027a1bd0d-2028-4191-887c-acc9014582a9&$orderby=StartTime%20asc&$count=true
2025-07-04 21:52:48 - actions.rebooking_actions - ERROR - get_slots_optimized:146 -    Status Code: 400
2025-07-04 21:52:48 - actions.rebooking_actions - ERROR - get_slots_optimized:147 -    Response Text: {
  "error":{
    "code":"","message":"A binary operator with incompatible types was detected. Found operand types 'Edm.Guid' and 'Edm.Int32' for operator kind 'Equal'."
  }
}
2025-07-04 21:52:48 - actions.rebooking_actions - WARNING - _call_get_slots_optimized_with_values:680 - ⚠️ get_slots_optimized retornó None
